requests.js:1  GET http://localhost:8000/panel/WXeZLvG3jr93qO4wdxpVy/mareas/j6vn2l1wZx9N7mzDXV3YO 404 (Not Found)
s.XMLHttpRequest.send @ requests.js:1
XMLHttpRequest.send @ traffic.js:1
dispatchXhrRequest @ chunk-NECWB6HR.js?v=fb358534:1683
xhr @ chunk-NECWB6HR.js?v=fb358534:1560
dispatchRequest @ chunk-NECWB6HR.js?v=fb358534:2085
_request @ chunk-NECWB6HR.js?v=fb358534:2305
request @ chunk-NECWB6HR.js?v=fb358534:2197
wrap @ chunk-NECWB6HR.js?v=fb358534:8
send @ chunk-DTND7MSH.js?v=fb358534:10671
send @ chunk-DTND7MSH.js?v=fb358534:10759
visit @ chunk-DTND7MSH.js?v=fb358534:10891
viewMarea @ Dashboard.vue:143
$props.vesselAtSea.$props.activeMarea._createElementBlock.onClick._cache.<computed>._cache.<computed> @ Dashboard.vue:192
callWithErrorHandling @ chunk-3VLAASFC.js?v=fb358534:2467
callWithAsyncErrorHandling @ chunk-3VLAASFC.js?v=fb358534:2474
invoker @ chunk-3VLAASFC.js?v=fb358534:11474
Index.vue:556 [Vue warn]: Extraneous non-props attributes (suppliers) were passed to component but could not be automatically inherited because component renders fragment or text or teleport root nodes. 
  at <CreateRemove open=false categories= (101) [{…}, {…}, {…}, {…}, {…}, {…}, {…}, {…}, {…}, {…}, {…}, {…}, {…}, {…}, {…}, {…}, {…}, {…}, {…}, {…}, {…}, {…}, {…}, {…}, {…}, {…}, {…}, {…}, {…}, {…}, {…}, {…}, {…}, {…}, {…}, {…}, {…}, {…}, {…}, {…}, {…}, {…}, {…}, {…}, {…}, {…}, {…}, {…}, {…}, {…}, {…}, {…}, {…}, {…}, {…}, {…}, {…}, {…}, {…}, {…}, {…}, {…}, {…}, {…}, {…}, {…}, {…}, {…}, {…}, {…}, {…}, {…}, {…}, {…}, {…}, {…}, {…}, {…}, {…}, {…}, {…}, {…}, {…}, {…}, {…}, {…}, {…}, {…}, {…}, {…}, {…}, {…}, {…}, {…}, {…}, {…}, {…}, {…}, {…}, {…}, …] suppliers= [{…}]  ... > 
  at <SidebarInset key=0 class="overflow-x-hidden" > 
  at <AppContent variant="sidebar" class="overflow-x-hidden" > 
  at <TooltipProvider delay-duration=0 > 
  at <SidebarProvider key=1 default-open=true > 
  at <AppShell variant="sidebar" > 
  at <AppSidebarLayout breadcrumbs= (2) [{…}, {…}] > 
  at <VesselLayout breadcrumbs= (2) [{…}, {…}] > 
  at <Show errors= {} name="Bindamy Mareas" quote= {message: 'An unexamined life is not worth living.', author: 'Socrates'}  ... > 
  at <Inertia initialPage= {component: 'Dashboard', props: {…}, url: '/panel/WXeZLvG3jr93qO4wdxpVy/dashboard', version: 'd50b356bc2d9e83dfaaf654c38ae8e9b', clearHistory: false, …} initialComponent= {__name: 'Dashboard', props: {…}, __hmrId: '34521018', setup: ƒ, render: ƒ, …} resolveComponent=fn<resolveComponent>  ... > 
  at <App>
overrideMethod @ hook.js:608
warn$1 @ chunk-3VLAASFC.js?v=fb358534:2320
renderComponentRoot @ chunk-3VLAASFC.js?v=fb358534:8920
componentUpdateFn @ chunk-3VLAASFC.js?v=fb358534:7641
run @ chunk-3VLAASFC.js?v=fb358534:683
setupRenderEffect @ chunk-3VLAASFC.js?v=fb358534:7776
mountComponent @ chunk-3VLAASFC.js?v=fb358534:7550
processComponent @ chunk-3VLAASFC.js?v=fb358534:7502
patch @ chunk-3VLAASFC.js?v=fb358534:7016
mountChildren @ chunk-3VLAASFC.js?v=fb358534:7250
processFragment @ chunk-3VLAASFC.js?v=fb358534:7432
patch @ chunk-3VLAASFC.js?v=fb358534:6990
mountChildren @ chunk-3VLAASFC.js?v=fb358534:7250
processFragment @ chunk-3VLAASFC.js?v=fb358534:7432
patch @ chunk-3VLAASFC.js?v=fb358534:6990
mountChildren @ chunk-3VLAASFC.js?v=fb358534:7250
processFragment @ chunk-3VLAASFC.js?v=fb358534:7432
patch @ chunk-3VLAASFC.js?v=fb358534:6990
mountChildren @ chunk-3VLAASFC.js?v=fb358534:7250
processFragment @ chunk-3VLAASFC.js?v=fb358534:7432
patch @ chunk-3VLAASFC.js?v=fb358534:6990
mountChildren @ chunk-3VLAASFC.js?v=fb358534:7250
mountElement @ chunk-3VLAASFC.js?v=fb358534:7173
processElement @ chunk-3VLAASFC.js?v=fb358534:7138
patch @ chunk-3VLAASFC.js?v=fb358534:7004
componentUpdateFn @ chunk-3VLAASFC.js?v=fb358534:7648
run @ chunk-3VLAASFC.js?v=fb358534:683
setupRenderEffect @ chunk-3VLAASFC.js?v=fb358534:7776
mountComponent @ chunk-3VLAASFC.js?v=fb358534:7550
processComponent @ chunk-3VLAASFC.js?v=fb358534:7502
patch @ chunk-3VLAASFC.js?v=fb358534:7016
componentUpdateFn @ chunk-3VLAASFC.js?v=fb358534:7648
run @ chunk-3VLAASFC.js?v=fb358534:683
setupRenderEffect @ chunk-3VLAASFC.js?v=fb358534:7776
mountComponent @ chunk-3VLAASFC.js?v=fb358534:7550
processComponent @ chunk-3VLAASFC.js?v=fb358534:7502
patch @ chunk-3VLAASFC.js?v=fb358534:7016
mountChildren @ chunk-3VLAASFC.js?v=fb358534:7250
processFragment @ chunk-3VLAASFC.js?v=fb358534:7432
patch @ chunk-3VLAASFC.js?v=fb358534:6990
mountChildren @ chunk-3VLAASFC.js?v=fb358534:7250
processFragment @ chunk-3VLAASFC.js?v=fb358534:7432
patch @ chunk-3VLAASFC.js?v=fb358534:6990
mountChildren @ chunk-3VLAASFC.js?v=fb358534:7250
mountElement @ chunk-3VLAASFC.js?v=fb358534:7173
processElement @ chunk-3VLAASFC.js?v=fb358534:7138
patch @ chunk-3VLAASFC.js?v=fb358534:7004
mountChildren @ chunk-3VLAASFC.js?v=fb358534:7250
processFragment @ chunk-3VLAASFC.js?v=fb358534:7432
patch @ chunk-3VLAASFC.js?v=fb358534:6990
componentUpdateFn @ chunk-3VLAASFC.js?v=fb358534:7648
run @ chunk-3VLAASFC.js?v=fb358534:683
setupRenderEffect @ chunk-3VLAASFC.js?v=fb358534:7776
mountComponent @ chunk-3VLAASFC.js?v=fb358534:7550
processComponent @ chunk-3VLAASFC.js?v=fb358534:7502
patch @ chunk-3VLAASFC.js?v=fb358534:7016
componentUpdateFn @ chunk-3VLAASFC.js?v=fb358534:7648
run @ chunk-3VLAASFC.js?v=fb358534:683
setupRenderEffect @ chunk-3VLAASFC.js?v=fb358534:7776
mountComponent @ chunk-3VLAASFC.js?v=fb358534:7550
processComponent @ chunk-3VLAASFC.js?v=fb358534:7502
patch @ chunk-3VLAASFC.js?v=fb358534:7016
componentUpdateFn @ chunk-3VLAASFC.js?v=fb358534:7648
run @ chunk-3VLAASFC.js?v=fb358534:683
setupRenderEffect @ chunk-3VLAASFC.js?v=fb358534:7776
mountComponent @ chunk-3VLAASFC.js?v=fb358534:7550
processComponent @ chunk-3VLAASFC.js?v=fb358534:7502
patch @ chunk-3VLAASFC.js?v=fb358534:7016
componentUpdateFn @ chunk-3VLAASFC.js?v=fb358534:7648
run @ chunk-3VLAASFC.js?v=fb358534:683
setupRenderEffect @ chunk-3VLAASFC.js?v=fb358534:7776
mountComponent @ chunk-3VLAASFC.js?v=fb358534:7550
processComponent @ chunk-3VLAASFC.js?v=fb358534:7502
patch @ chunk-3VLAASFC.js?v=fb358534:7016
mountChildren @ chunk-3VLAASFC.js?v=fb358534:7250
mountElement @ chunk-3VLAASFC.js?v=fb358534:7173
processElement @ chunk-3VLAASFC.js?v=fb358534:7138
patch @ chunk-3VLAASFC.js?v=fb358534:7004
componentUpdateFn @ chunk-3VLAASFC.js?v=fb358534:7648
run @ chunk-3VLAASFC.js?v=fb358534:683
setupRenderEffect @ chunk-3VLAASFC.js?v=fb358534:7776
mountComponent @ chunk-3VLAASFC.js?v=fb358534:7550
processComponent @ chunk-3VLAASFC.js?v=fb358534:7502
patch @ chunk-3VLAASFC.js?v=fb358534:7016
mountChildren @ chunk-3VLAASFC.js?v=fb358534:7250
processFragment @ chunk-3VLAASFC.js?v=fb358534:7432
patch @ chunk-3VLAASFC.js?v=fb358534:6990
componentUpdateFn @ chunk-3VLAASFC.js?v=fb358534:7648
run @ chunk-3VLAASFC.js?v=fb358534:683
setupRenderEffect @ chunk-3VLAASFC.js?v=fb358534:7776
mountComponent @ chunk-3VLAASFC.js?v=fb358534:7550
processComponent @ chunk-3VLAASFC.js?v=fb358534:7502
patch @ chunk-3VLAASFC.js?v=fb358534:7016
componentUpdateFn @ chunk-3VLAASFC.js?v=fb358534:7728
run @ chunk-3VLAASFC.js?v=fb358534:683
runIfDirty @ chunk-3VLAASFC.js?v=fb358534:721
callWithErrorHandling @ chunk-3VLAASFC.js?v=fb358534:2467
flushJobs @ chunk-3VLAASFC.js?v=fb358534:2675
Promise.then
queueFlush @ chunk-3VLAASFC.js?v=fb358534:2589
queueJob @ chunk-3VLAASFC.js?v=fb358534:2584
effect2.scheduler @ chunk-3VLAASFC.js?v=fb358534:7770
trigger @ chunk-3VLAASFC.js?v=fb358534:711
endBatch @ chunk-3VLAASFC.js?v=fb358534:769
notify @ chunk-3VLAASFC.js?v=fb358534:1031
trigger @ chunk-3VLAASFC.js?v=fb358534:1005
set value @ chunk-3VLAASFC.js?v=fb358534:1877
swapComponent @ @inertiajs_vue3.js?v=fb358534:315
swap @ chunk-DTND7MSH.js?v=fb358534:9548
(anonymous) @ chunk-DTND7MSH.js?v=fb358534:9501
Promise.then
(anonymous) @ chunk-DTND7MSH.js?v=fb358534:9490
Promise.then
set @ chunk-DTND7MSH.js?v=fb358534:9481
setPage @ chunk-DTND7MSH.js?v=fb358534:10532
await in setPage
process @ chunk-DTND7MSH.js?v=fb358534:10459
await in process
(anonymous) @ chunk-DTND7MSH.js?v=fb358534:10444
processNext @ chunk-DTND7MSH.js?v=fb358534:9585
process @ chunk-DTND7MSH.js?v=fb358534:9577
add @ chunk-DTND7MSH.js?v=fb358534:9574
handle @ chunk-DTND7MSH.js?v=fb358534:10444
(anonymous) @ chunk-DTND7MSH.js?v=fb358534:10684
Promise.then
send @ chunk-DTND7MSH.js?v=fb358534:10682
send @ chunk-DTND7MSH.js?v=fb358534:10759
visit @ chunk-DTND7MSH.js?v=fb358534:10891
onClick @ Index.vue:556
callWithErrorHandling @ chunk-3VLAASFC.js?v=fb358534:2467
callWithAsyncErrorHandling @ chunk-3VLAASFC.js?v=fb358534:2474
invoker @ chunk-3VLAASFC.js?v=fb358534:11474
requests.js:1  GET http://localhost:8000/panel/WXeZLvG3jr93qO4wdxpVy/mareas/j6vn2l1wZx9N7mzDXV3YO 404 (Not Found)
s.XMLHttpRequest.send @ requests.js:1
XMLHttpRequest.send @ traffic.js:1
dispatchXhrRequest @ chunk-NECWB6HR.js?v=fb358534:1683
xhr @ chunk-NECWB6HR.js?v=fb358534:1560
dispatchRequest @ chunk-NECWB6HR.js?v=fb358534:2085
_request @ chunk-NECWB6HR.js?v=fb358534:2305
request @ chunk-NECWB6HR.js?v=fb358534:2197
wrap @ chunk-NECWB6HR.js?v=fb358534:8
send @ chunk-DTND7MSH.js?v=fb358534:10671
send @ chunk-DTND7MSH.js?v=fb358534:10759
visit @ chunk-DTND7MSH.js?v=fb358534:10891
viewMarea @ Dashboard.vue:143
$props.vesselAtSea.$props.activeMarea._createElementBlock.onClick._cache.<computed>._cache.<computed> @ Dashboard.vue:192
callWithErrorHandling @ chunk-3VLAASFC.js?v=fb358534:2467
callWithAsyncErrorHandling @ chunk-3VLAASFC.js?v=fb358534:2474
invoker @ chunk-3VLAASFC.js?v=fb358534:11474
Show.vue:646 [intlify] Not found 'Save Start Date' key in 'pt' locale messages.
overrideMethod @ hook.js:608
warn @ vue-i18n.js?v=fb358534:24
handleMissing @ vue-i18n.js?v=fb358534:2724
resolveMessageFormat @ vue-i18n.js?v=fb358534:3046
translate @ vue-i18n.js?v=fb358534:2924
(anonymous) @ vue-i18n.js?v=fb358534:4120
wrapWithDeps @ vue-i18n.js?v=fb358534:4081
t @ vue-i18n.js?v=fb358534:4120
(anonymous) @ Show.vue:646
renderFnWithContext @ chunk-3VLAASFC.js?v=fb358534:2967
renderSlot @ chunk-3VLAASFC.js?v=fb358534:5290
(anonymous) @ Button.vue:25
renderFnWithContext @ chunk-3VLAASFC.js?v=fb358534:2967
normalizeChildren @ chunk-3VLAASFC.js?v=fb358534:10002
createBaseVNode @ chunk-3VLAASFC.js?v=fb358534:9806
_createVNode @ chunk-3VLAASFC.js?v=fb358534:9883
createVNodeWithArgsTransform @ chunk-3VLAASFC.js?v=fb358534:9760
h @ chunk-3VLAASFC.js?v=fb358534:10532
h.default @ reka-ui.js?v=fb358534:3731
renderComponentRoot @ chunk-3VLAASFC.js?v=fb358534:8849
componentUpdateFn @ chunk-3VLAASFC.js?v=fb358534:7641
run @ chunk-3VLAASFC.js?v=fb358534:683
setupRenderEffect @ chunk-3VLAASFC.js?v=fb358534:7776
mountComponent @ chunk-3VLAASFC.js?v=fb358534:7550
processComponent @ chunk-3VLAASFC.js?v=fb358534:7502
patch @ chunk-3VLAASFC.js?v=fb358534:7016
componentUpdateFn @ chunk-3VLAASFC.js?v=fb358534:7648
run @ chunk-3VLAASFC.js?v=fb358534:683
setupRenderEffect @ chunk-3VLAASFC.js?v=fb358534:7776
mountComponent @ chunk-3VLAASFC.js?v=fb358534:7550
processComponent @ chunk-3VLAASFC.js?v=fb358534:7502
patch @ chunk-3VLAASFC.js?v=fb358534:7016
mountChildren @ chunk-3VLAASFC.js?v=fb358534:7250
mountElement @ chunk-3VLAASFC.js?v=fb358534:7173
processElement @ chunk-3VLAASFC.js?v=fb358534:7138
patch @ chunk-3VLAASFC.js?v=fb358534:7004
mountChildren @ chunk-3VLAASFC.js?v=fb358534:7250
mountElement @ chunk-3VLAASFC.js?v=fb358534:7173
processElement @ chunk-3VLAASFC.js?v=fb358534:7138
patch @ chunk-3VLAASFC.js?v=fb358534:7004
mountChildren @ chunk-3VLAASFC.js?v=fb358534:7250
mountElement @ chunk-3VLAASFC.js?v=fb358534:7173
processElement @ chunk-3VLAASFC.js?v=fb358534:7138
patch @ chunk-3VLAASFC.js?v=fb358534:7004
mountChildren @ chunk-3VLAASFC.js?v=fb358534:7250
mountElement @ chunk-3VLAASFC.js?v=fb358534:7173
processElement @ chunk-3VLAASFC.js?v=fb358534:7138
patch @ chunk-3VLAASFC.js?v=fb358534:7004
mountChildren @ chunk-3VLAASFC.js?v=fb358534:7250
mountElement @ chunk-3VLAASFC.js?v=fb358534:7173
processElement @ chunk-3VLAASFC.js?v=fb358534:7138
patch @ chunk-3VLAASFC.js?v=fb358534:7004
mountChildren @ chunk-3VLAASFC.js?v=fb358534:7250
mountElement @ chunk-3VLAASFC.js?v=fb358534:7173
processElement @ chunk-3VLAASFC.js?v=fb358534:7138
patch @ chunk-3VLAASFC.js?v=fb358534:7004
mountChildren @ chunk-3VLAASFC.js?v=fb358534:7250
processFragment @ chunk-3VLAASFC.js?v=fb358534:7432
patch @ chunk-3VLAASFC.js?v=fb358534:6990
mountChildren @ chunk-3VLAASFC.js?v=fb358534:7250
processFragment @ chunk-3VLAASFC.js?v=fb358534:7432
patch @ chunk-3VLAASFC.js?v=fb358534:6990
mountChildren @ chunk-3VLAASFC.js?v=fb358534:7250
processFragment @ chunk-3VLAASFC.js?v=fb358534:7432
patch @ chunk-3VLAASFC.js?v=fb358534:6990
mountChildren @ chunk-3VLAASFC.js?v=fb358534:7250
processFragment @ chunk-3VLAASFC.js?v=fb358534:7432
patch @ chunk-3VLAASFC.js?v=fb358534:6990
mountChildren @ chunk-3VLAASFC.js?v=fb358534:7250
mountElement @ chunk-3VLAASFC.js?v=fb358534:7173
processElement @ chunk-3VLAASFC.js?v=fb358534:7138
patch @ chunk-3VLAASFC.js?v=fb358534:7004
componentUpdateFn @ chunk-3VLAASFC.js?v=fb358534:7648
run @ chunk-3VLAASFC.js?v=fb358534:683
setupRenderEffect @ chunk-3VLAASFC.js?v=fb358534:7776
mountComponent @ chunk-3VLAASFC.js?v=fb358534:7550
processComponent @ chunk-3VLAASFC.js?v=fb358534:7502
patch @ chunk-3VLAASFC.js?v=fb358534:7016
componentUpdateFn @ chunk-3VLAASFC.js?v=fb358534:7648
run @ chunk-3VLAASFC.js?v=fb358534:683
setupRenderEffect @ chunk-3VLAASFC.js?v=fb358534:7776
mountComponent @ chunk-3VLAASFC.js?v=fb358534:7550
processComponent @ chunk-3VLAASFC.js?v=fb358534:7502
patch @ chunk-3VLAASFC.js?v=fb358534:7016
mountChildren @ chunk-3VLAASFC.js?v=fb358534:7250
processFragment @ chunk-3VLAASFC.js?v=fb358534:7432
patch @ chunk-3VLAASFC.js?v=fb358534:6990
mountChildren @ chunk-3VLAASFC.js?v=fb358534:7250
processFragment @ chunk-3VLAASFC.js?v=fb358534:7432
patch @ chunk-3VLAASFC.js?v=fb358534:6990
mountChildren @ chunk-3VLAASFC.js?v=fb358534:7250
mountElement @ chunk-3VLAASFC.js?v=fb358534:7173
processElement @ chunk-3VLAASFC.js?v=fb358534:7138
patch @ chunk-3VLAASFC.js?v=fb358534:7004
mountChildren @ chunk-3VLAASFC.js?v=fb358534:7250
processFragment @ chunk-3VLAASFC.js?v=fb358534:7432
patch @ chunk-3VLAASFC.js?v=fb358534:6990
componentUpdateFn @ chunk-3VLAASFC.js?v=fb358534:7648
run @ chunk-3VLAASFC.js?v=fb358534:683
setupRenderEffect @ chunk-3VLAASFC.js?v=fb358534:7776
mountComponent @ chunk-3VLAASFC.js?v=fb358534:7550
processComponent @ chunk-3VLAASFC.js?v=fb358534:7502
patch @ chunk-3VLAASFC.js?v=fb358534:7016
componentUpdateFn @ chunk-3VLAASFC.js?v=fb358534:7648
run @ chunk-3VLAASFC.js?v=fb358534:683
setupRenderEffect @ chunk-3VLAASFC.js?v=fb358534:7776
mountComponent @ chunk-3VLAASFC.js?v=fb358534:7550
processComponent @ chunk-3VLAASFC.js?v=fb358534:7502
patch @ chunk-3VLAASFC.js?v=fb358534:7016
componentUpdateFn @ chunk-3VLAASFC.js?v=fb358534:7648
run @ chunk-3VLAASFC.js?v=fb358534:683
setupRenderEffect @ chunk-3VLAASFC.js?v=fb358534:7776
mountComponent @ chunk-3VLAASFC.js?v=fb358534:7550
processComponent @ chunk-3VLAASFC.js?v=fb358534:7502
patch @ chunk-3VLAASFC.js?v=fb358534:7016
componentUpdateFn @ chunk-3VLAASFC.js?v=fb358534:7648
run @ chunk-3VLAASFC.js?v=fb358534:683
setupRenderEffect @ chunk-3VLAASFC.js?v=fb358534:7776
mountComponent @ chunk-3VLAASFC.js?v=fb358534:7550
processComponent @ chunk-3VLAASFC.js?v=fb358534:7502
patch @ chunk-3VLAASFC.js?v=fb358534:7016
mountChildren @ chunk-3VLAASFC.js?v=fb358534:7250
mountElement @ chunk-3VLAASFC.js?v=fb358534:7173
processElement @ chunk-3VLAASFC.js?v=fb358534:7138
patch @ chunk-3VLAASFC.js?v=fb358534:7004
componentUpdateFn @ chunk-3VLAASFC.js?v=fb358534:7648
run @ chunk-3VLAASFC.js?v=fb358534:683
setupRenderEffect @ chunk-3VLAASFC.js?v=fb358534:7776
mountComponent @ chunk-3VLAASFC.js?v=fb358534:7550
processComponent @ chunk-3VLAASFC.js?v=fb358534:7502
patch @ chunk-3VLAASFC.js?v=fb358534:7016
mountChildren @ chunk-3VLAASFC.js?v=fb358534:7250
processFragment @ chunk-3VLAASFC.js?v=fb358534:7432
patch @ chunk-3VLAASFC.js?v=fb358534:6990
componentUpdateFn @ chunk-3VLAASFC.js?v=fb358534:7648
run @ chunk-3VLAASFC.js?v=fb358534:683
setupRenderEffect @ chunk-3VLAASFC.js?v=fb358534:7776
mountComponent @ chunk-3VLAASFC.js?v=fb358534:7550
processComponent @ chunk-3VLAASFC.js?v=fb358534:7502
patch @ chunk-3VLAASFC.js?v=fb358534:7016
componentUpdateFn @ chunk-3VLAASFC.js?v=fb358534:7728
run @ chunk-3VLAASFC.js?v=fb358534:683
runIfDirty @ chunk-3VLAASFC.js?v=fb358534:721
callWithErrorHandling @ chunk-3VLAASFC.js?v=fb358534:2467
flushJobs @ chunk-3VLAASFC.js?v=fb358534:2675
Promise.then
queueFlush @ chunk-3VLAASFC.js?v=fb358534:2589
queueJob @ chunk-3VLAASFC.js?v=fb358534:2584
effect2.scheduler @ chunk-3VLAASFC.js?v=fb358534:7770
trigger @ chunk-3VLAASFC.js?v=fb358534:711
endBatch @ chunk-3VLAASFC.js?v=fb358534:769
notify @ chunk-3VLAASFC.js?v=fb358534:1031
trigger @ chunk-3VLAASFC.js?v=fb358534:1005
set value @ chunk-3VLAASFC.js?v=fb358534:1877
swapComponent @ @inertiajs_vue3.js?v=fb358534:315
swap @ chunk-DTND7MSH.js?v=fb358534:9548
(anonymous) @ chunk-DTND7MSH.js?v=fb358534:9501
Promise.then
(anonymous) @ chunk-DTND7MSH.js?v=fb358534:9490
Promise.then
set @ chunk-DTND7MSH.js?v=fb358534:9481
setPage @ chunk-DTND7MSH.js?v=fb358534:10532
await in setPage
process @ chunk-DTND7MSH.js?v=fb358534:10459
await in process
(anonymous) @ chunk-DTND7MSH.js?v=fb358534:10444
processNext @ chunk-DTND7MSH.js?v=fb358534:9585
process @ chunk-DTND7MSH.js?v=fb358534:9577
add @ chunk-DTND7MSH.js?v=fb358534:9574
handle @ chunk-DTND7MSH.js?v=fb358534:10444
(anonymous) @ chunk-DTND7MSH.js?v=fb358534:10684
Promise.then
send @ chunk-DTND7MSH.js?v=fb358534:10682
send @ chunk-DTND7MSH.js?v=fb358534:10759
visit @ chunk-DTND7MSH.js?v=fb358534:10891
onClick @ Index.vue:453
callWithErrorHandling @ chunk-3VLAASFC.js?v=fb358534:2467
callWithAsyncErrorHandling @ chunk-3VLAASFC.js?v=fb358534:2474
invoker @ chunk-3VLAASFC.js?v=fb358534:11474
Show.vue:646 [intlify] Fall back to translate 'Save Start Date' key with 'en' locale.
overrideMethod @ hook.js:608
warn @ vue-i18n.js?v=fb358534:24
resolveMessageFormat @ vue-i18n.js?v=fb358534:2995
translate @ vue-i18n.js?v=fb358534:2924
(anonymous) @ vue-i18n.js?v=fb358534:4120
wrapWithDeps @ vue-i18n.js?v=fb358534:4081
t @ vue-i18n.js?v=fb358534:4120
(anonymous) @ Show.vue:646
renderFnWithContext @ chunk-3VLAASFC.js?v=fb358534:2967
renderSlot @ chunk-3VLAASFC.js?v=fb358534:5290
(anonymous) @ Button.vue:25
renderFnWithContext @ chunk-3VLAASFC.js?v=fb358534:2967
normalizeChildren @ chunk-3VLAASFC.js?v=fb358534:10002
createBaseVNode @ chunk-3VLAASFC.js?v=fb358534:9806
_createVNode @ chunk-3VLAASFC.js?v=fb358534:9883
createVNodeWithArgsTransform @ chunk-3VLAASFC.js?v=fb358534:9760
h @ chunk-3VLAASFC.js?v=fb358534:10532
h.default @ reka-ui.js?v=fb358534:3731
renderComponentRoot @ chunk-3VLAASFC.js?v=fb358534:8849
componentUpdateFn @ chunk-3VLAASFC.js?v=fb358534:7641
run @ chunk-3VLAASFC.js?v=fb358534:683
setupRenderEffect @ chunk-3VLAASFC.js?v=fb358534:7776
mountComponent @ chunk-3VLAASFC.js?v=fb358534:7550
processComponent @ chunk-3VLAASFC.js?v=fb358534:7502
patch @ chunk-3VLAASFC.js?v=fb358534:7016
componentUpdateFn @ chunk-3VLAASFC.js?v=fb358534:7648
run @ chunk-3VLAASFC.js?v=fb358534:683
setupRenderEffect @ chunk-3VLAASFC.js?v=fb358534:7776
mountComponent @ chunk-3VLAASFC.js?v=fb358534:7550
processComponent @ chunk-3VLAASFC.js?v=fb358534:7502
patch @ chunk-3VLAASFC.js?v=fb358534:7016
mountChildren @ chunk-3VLAASFC.js?v=fb358534:7250
mountElement @ chunk-3VLAASFC.js?v=fb358534:7173
processElement @ chunk-3VLAASFC.js?v=fb358534:7138
patch @ chunk-3VLAASFC.js?v=fb358534:7004
mountChildren @ chunk-3VLAASFC.js?v=fb358534:7250
mountElement @ chunk-3VLAASFC.js?v=fb358534:7173
processElement @ chunk-3VLAASFC.js?v=fb358534:7138
patch @ chunk-3VLAASFC.js?v=fb358534:7004
mountChildren @ chunk-3VLAASFC.js?v=fb358534:7250
mountElement @ chunk-3VLAASFC.js?v=fb358534:7173
processElement @ chunk-3VLAASFC.js?v=fb358534:7138
patch @ chunk-3VLAASFC.js?v=fb358534:7004
mountChildren @ chunk-3VLAASFC.js?v=fb358534:7250
mountElement @ chunk-3VLAASFC.js?v=fb358534:7173
processElement @ chunk-3VLAASFC.js?v=fb358534:7138
patch @ chunk-3VLAASFC.js?v=fb358534:7004
mountChildren @ chunk-3VLAASFC.js?v=fb358534:7250
mountElement @ chunk-3VLAASFC.js?v=fb358534:7173
processElement @ chunk-3VLAASFC.js?v=fb358534:7138
patch @ chunk-3VLAASFC.js?v=fb358534:7004
mountChildren @ chunk-3VLAASFC.js?v=fb358534:7250
mountElement @ chunk-3VLAASFC.js?v=fb358534:7173
processElement @ chunk-3VLAASFC.js?v=fb358534:7138
patch @ chunk-3VLAASFC.js?v=fb358534:7004
mountChildren @ chunk-3VLAASFC.js?v=fb358534:7250
processFragment @ chunk-3VLAASFC.js?v=fb358534:7432
patch @ chunk-3VLAASFC.js?v=fb358534:6990
mountChildren @ chunk-3VLAASFC.js?v=fb358534:7250
processFragment @ chunk-3VLAASFC.js?v=fb358534:7432
patch @ chunk-3VLAASFC.js?v=fb358534:6990
mountChildren @ chunk-3VLAASFC.js?v=fb358534:7250
processFragment @ chunk-3VLAASFC.js?v=fb358534:7432
patch @ chunk-3VLAASFC.js?v=fb358534:6990
mountChildren @ chunk-3VLAASFC.js?v=fb358534:7250
processFragment @ chunk-3VLAASFC.js?v=fb358534:7432
patch @ chunk-3VLAASFC.js?v=fb358534:6990
mountChildren @ chunk-3VLAASFC.js?v=fb358534:7250
mountElement @ chunk-3VLAASFC.js?v=fb358534:7173
processElement @ chunk-3VLAASFC.js?v=fb358534:7138
patch @ chunk-3VLAASFC.js?v=fb358534:7004
componentUpdateFn @ chunk-3VLAASFC.js?v=fb358534:7648
run @ chunk-3VLAASFC.js?v=fb358534:683
setupRenderEffect @ chunk-3VLAASFC.js?v=fb358534:7776
mountComponent @ chunk-3VLAASFC.js?v=fb358534:7550
processComponent @ chunk-3VLAASFC.js?v=fb358534:7502
patch @ chunk-3VLAASFC.js?v=fb358534:7016
componentUpdateFn @ chunk-3VLAASFC.js?v=fb358534:7648
run @ chunk-3VLAASFC.js?v=fb358534:683
setupRenderEffect @ chunk-3VLAASFC.js?v=fb358534:7776
mountComponent @ chunk-3VLAASFC.js?v=fb358534:7550
processComponent @ chunk-3VLAASFC.js?v=fb358534:7502
patch @ chunk-3VLAASFC.js?v=fb358534:7016
mountChildren @ chunk-3VLAASFC.js?v=fb358534:7250
processFragment @ chunk-3VLAASFC.js?v=fb358534:7432
patch @ chunk-3VLAASFC.js?v=fb358534:6990
mountChildren @ chunk-3VLAASFC.js?v=fb358534:7250
processFragment @ chunk-3VLAASFC.js?v=fb358534:7432
patch @ chunk-3VLAASFC.js?v=fb358534:6990
mountChildren @ chunk-3VLAASFC.js?v=fb358534:7250
mountElement @ chunk-3VLAASFC.js?v=fb358534:7173
processElement @ chunk-3VLAASFC.js?v=fb358534:7138
patch @ chunk-3VLAASFC.js?v=fb358534:7004
mountChildren @ chunk-3VLAASFC.js?v=fb358534:7250
processFragment @ chunk-3VLAASFC.js?v=fb358534:7432
patch @ chunk-3VLAASFC.js?v=fb358534:6990
componentUpdateFn @ chunk-3VLAASFC.js?v=fb358534:7648
run @ chunk-3VLAASFC.js?v=fb358534:683
setupRenderEffect @ chunk-3VLAASFC.js?v=fb358534:7776
mountComponent @ chunk-3VLAASFC.js?v=fb358534:7550
processComponent @ chunk-3VLAASFC.js?v=fb358534:7502
patch @ chunk-3VLAASFC.js?v=fb358534:7016
componentUpdateFn @ chunk-3VLAASFC.js?v=fb358534:7648
run @ chunk-3VLAASFC.js?v=fb358534:683
setupRenderEffect @ chunk-3VLAASFC.js?v=fb358534:7776
mountComponent @ chunk-3VLAASFC.js?v=fb358534:7550
processComponent @ chunk-3VLAASFC.js?v=fb358534:7502
patch @ chunk-3VLAASFC.js?v=fb358534:7016
componentUpdateFn @ chunk-3VLAASFC.js?v=fb358534:7648
run @ chunk-3VLAASFC.js?v=fb358534:683
setupRenderEffect @ chunk-3VLAASFC.js?v=fb358534:7776
mountComponent @ chunk-3VLAASFC.js?v=fb358534:7550
processComponent @ chunk-3VLAASFC.js?v=fb358534:7502
patch @ chunk-3VLAASFC.js?v=fb358534:7016
componentUpdateFn @ chunk-3VLAASFC.js?v=fb358534:7648
run @ chunk-3VLAASFC.js?v=fb358534:683
setupRenderEffect @ chunk-3VLAASFC.js?v=fb358534:7776
mountComponent @ chunk-3VLAASFC.js?v=fb358534:7550
processComponent @ chunk-3VLAASFC.js?v=fb358534:7502
patch @ chunk-3VLAASFC.js?v=fb358534:7016
mountChildren @ chunk-3VLAASFC.js?v=fb358534:7250
mountElement @ chunk-3VLAASFC.js?v=fb358534:7173
processElement @ chunk-3VLAASFC.js?v=fb358534:7138
patch @ chunk-3VLAASFC.js?v=fb358534:7004
componentUpdateFn @ chunk-3VLAASFC.js?v=fb358534:7648
run @ chunk-3VLAASFC.js?v=fb358534:683
setupRenderEffect @ chunk-3VLAASFC.js?v=fb358534:7776
mountComponent @ chunk-3VLAASFC.js?v=fb358534:7550
processComponent @ chunk-3VLAASFC.js?v=fb358534:7502
patch @ chunk-3VLAASFC.js?v=fb358534:7016
mountChildren @ chunk-3VLAASFC.js?v=fb358534:7250
processFragment @ chunk-3VLAASFC.js?v=fb358534:7432
patch @ chunk-3VLAASFC.js?v=fb358534:6990
componentUpdateFn @ chunk-3VLAASFC.js?v=fb358534:7648
run @ chunk-3VLAASFC.js?v=fb358534:683
setupRenderEffect @ chunk-3VLAASFC.js?v=fb358534:7776
mountComponent @ chunk-3VLAASFC.js?v=fb358534:7550
processComponent @ chunk-3VLAASFC.js?v=fb358534:7502
patch @ chunk-3VLAASFC.js?v=fb358534:7016
componentUpdateFn @ chunk-3VLAASFC.js?v=fb358534:7728
run @ chunk-3VLAASFC.js?v=fb358534:683
runIfDirty @ chunk-3VLAASFC.js?v=fb358534:721
callWithErrorHandling @ chunk-3VLAASFC.js?v=fb358534:2467
flushJobs @ chunk-3VLAASFC.js?v=fb358534:2675
Promise.then
queueFlush @ chunk-3VLAASFC.js?v=fb358534:2589
queueJob @ chunk-3VLAASFC.js?v=fb358534:2584
effect2.scheduler @ chunk-3VLAASFC.js?v=fb358534:7770
trigger @ chunk-3VLAASFC.js?v=fb358534:711
endBatch @ chunk-3VLAASFC.js?v=fb358534:769
notify @ chunk-3VLAASFC.js?v=fb358534:1031
trigger @ chunk-3VLAASFC.js?v=fb358534:1005
set value @ chunk-3VLAASFC.js?v=fb358534:1877
swapComponent @ @inertiajs_vue3.js?v=fb358534:315
swap @ chunk-DTND7MSH.js?v=fb358534:9548
(anonymous) @ chunk-DTND7MSH.js?v=fb358534:9501
Promise.then
(anonymous) @ chunk-DTND7MSH.js?v=fb358534:9490
Promise.then
set @ chunk-DTND7MSH.js?v=fb358534:9481
setPage @ chunk-DTND7MSH.js?v=fb358534:10532
await in setPage
process @ chunk-DTND7MSH.js?v=fb358534:10459
await in process
(anonymous) @ chunk-DTND7MSH.js?v=fb358534:10444
processNext @ chunk-DTND7MSH.js?v=fb358534:9585
process @ chunk-DTND7MSH.js?v=fb358534:9577
add @ chunk-DTND7MSH.js?v=fb358534:9574
handle @ chunk-DTND7MSH.js?v=fb358534:10444
(anonymous) @ chunk-DTND7MSH.js?v=fb358534:10684
Promise.then
send @ chunk-DTND7MSH.js?v=fb358534:10682
send @ chunk-DTND7MSH.js?v=fb358534:10759
visit @ chunk-DTND7MSH.js?v=fb358534:10891
onClick @ Index.vue:453
callWithErrorHandling @ chunk-3VLAASFC.js?v=fb358534:2467
callWithAsyncErrorHandling @ chunk-3VLAASFC.js?v=fb358534:2474
invoker @ chunk-3VLAASFC.js?v=fb358534:11474
Show.vue:646 [intlify] Not found 'Save Start Date' key in 'en' locale messages.
overrideMethod @ hook.js:608
warn @ vue-i18n.js?v=fb358534:24
handleMissing @ vue-i18n.js?v=fb358534:2724
resolveMessageFormat @ vue-i18n.js?v=fb358534:3046
translate @ vue-i18n.js?v=fb358534:2924
(anonymous) @ vue-i18n.js?v=fb358534:4120
wrapWithDeps @ vue-i18n.js?v=fb358534:4081
t @ vue-i18n.js?v=fb358534:4120
(anonymous) @ Show.vue:646
renderFnWithContext @ chunk-3VLAASFC.js?v=fb358534:2967
renderSlot @ chunk-3VLAASFC.js?v=fb358534:5290
(anonymous) @ Button.vue:25
renderFnWithContext @ chunk-3VLAASFC.js?v=fb358534:2967
normalizeChildren @ chunk-3VLAASFC.js?v=fb358534:10002
createBaseVNode @ chunk-3VLAASFC.js?v=fb358534:9806
_createVNode @ chunk-3VLAASFC.js?v=fb358534:9883
createVNodeWithArgsTransform @ chunk-3VLAASFC.js?v=fb358534:9760
h @ chunk-3VLAASFC.js?v=fb358534:10532
h.default @ reka-ui.js?v=fb358534:3731
renderComponentRoot @ chunk-3VLAASFC.js?v=fb358534:8849
componentUpdateFn @ chunk-3VLAASFC.js?v=fb358534:7641
run @ chunk-3VLAASFC.js?v=fb358534:683
setupRenderEffect @ chunk-3VLAASFC.js?v=fb358534:7776
mountComponent @ chunk-3VLAASFC.js?v=fb358534:7550
processComponent @ chunk-3VLAASFC.js?v=fb358534:7502
patch @ chunk-3VLAASFC.js?v=fb358534:7016
componentUpdateFn @ chunk-3VLAASFC.js?v=fb358534:7648
run @ chunk-3VLAASFC.js?v=fb358534:683
setupRenderEffect @ chunk-3VLAASFC.js?v=fb358534:7776
mountComponent @ chunk-3VLAASFC.js?v=fb358534:7550
processComponent @ chunk-3VLAASFC.js?v=fb358534:7502
patch @ chunk-3VLAASFC.js?v=fb358534:7016
mountChildren @ chunk-3VLAASFC.js?v=fb358534:7250
mountElement @ chunk-3VLAASFC.js?v=fb358534:7173
processElement @ chunk-3VLAASFC.js?v=fb358534:7138
patch @ chunk-3VLAASFC.js?v=fb358534:7004
mountChildren @ chunk-3VLAASFC.js?v=fb358534:7250
mountElement @ chunk-3VLAASFC.js?v=fb358534:7173
processElement @ chunk-3VLAASFC.js?v=fb358534:7138
patch @ chunk-3VLAASFC.js?v=fb358534:7004
mountChildren @ chunk-3VLAASFC.js?v=fb358534:7250
mountElement @ chunk-3VLAASFC.js?v=fb358534:7173
processElement @ chunk-3VLAASFC.js?v=fb358534:7138
patch @ chunk-3VLAASFC.js?v=fb358534:7004
mountChildren @ chunk-3VLAASFC.js?v=fb358534:7250
mountElement @ chunk-3VLAASFC.js?v=fb358534:7173
processElement @ chunk-3VLAASFC.js?v=fb358534:7138
patch @ chunk-3VLAASFC.js?v=fb358534:7004
mountChildren @ chunk-3VLAASFC.js?v=fb358534:7250
mountElement @ chunk-3VLAASFC.js?v=fb358534:7173
processElement @ chunk-3VLAASFC.js?v=fb358534:7138
patch @ chunk-3VLAASFC.js?v=fb358534:7004
mountChildren @ chunk-3VLAASFC.js?v=fb358534:7250
mountElement @ chunk-3VLAASFC.js?v=fb358534:7173
processElement @ chunk-3VLAASFC.js?v=fb358534:7138
patch @ chunk-3VLAASFC.js?v=fb358534:7004
mountChildren @ chunk-3VLAASFC.js?v=fb358534:7250
processFragment @ chunk-3VLAASFC.js?v=fb358534:7432
patch @ chunk-3VLAASFC.js?v=fb358534:6990
mountChildren @ chunk-3VLAASFC.js?v=fb358534:7250
processFragment @ chunk-3VLAASFC.js?v=fb358534:7432
patch @ chunk-3VLAASFC.js?v=fb358534:6990
mountChildren @ chunk-3VLAASFC.js?v=fb358534:7250
processFragment @ chunk-3VLAASFC.js?v=fb358534:7432
patch @ chunk-3VLAASFC.js?v=fb358534:6990
mountChildren @ chunk-3VLAASFC.js?v=fb358534:7250
processFragment @ chunk-3VLAASFC.js?v=fb358534:7432
patch @ chunk-3VLAASFC.js?v=fb358534:6990
mountChildren @ chunk-3VLAASFC.js?v=fb358534:7250
mountElement @ chunk-3VLAASFC.js?v=fb358534:7173
processElement @ chunk-3VLAASFC.js?v=fb358534:7138
patch @ chunk-3VLAASFC.js?v=fb358534:7004
componentUpdateFn @ chunk-3VLAASFC.js?v=fb358534:7648
run @ chunk-3VLAASFC.js?v=fb358534:683
setupRenderEffect @ chunk-3VLAASFC.js?v=fb358534:7776
mountComponent @ chunk-3VLAASFC.js?v=fb358534:7550
processComponent @ chunk-3VLAASFC.js?v=fb358534:7502
patch @ chunk-3VLAASFC.js?v=fb358534:7016
componentUpdateFn @ chunk-3VLAASFC.js?v=fb358534:7648
run @ chunk-3VLAASFC.js?v=fb358534:683
setupRenderEffect @ chunk-3VLAASFC.js?v=fb358534:7776
mountComponent @ chunk-3VLAASFC.js?v=fb358534:7550
processComponent @ chunk-3VLAASFC.js?v=fb358534:7502
patch @ chunk-3VLAASFC.js?v=fb358534:7016
mountChildren @ chunk-3VLAASFC.js?v=fb358534:7250
processFragment @ chunk-3VLAASFC.js?v=fb358534:7432
patch @ chunk-3VLAASFC.js?v=fb358534:6990
mountChildren @ chunk-3VLAASFC.js?v=fb358534:7250
processFragment @ chunk-3VLAASFC.js?v=fb358534:7432
patch @ chunk-3VLAASFC.js?v=fb358534:6990
mountChildren @ chunk-3VLAASFC.js?v=fb358534:7250
mountElement @ chunk-3VLAASFC.js?v=fb358534:7173
processElement @ chunk-3VLAASFC.js?v=fb358534:7138
patch @ chunk-3VLAASFC.js?v=fb358534:7004
mountChildren @ chunk-3VLAASFC.js?v=fb358534:7250
processFragment @ chunk-3VLAASFC.js?v=fb358534:7432
patch @ chunk-3VLAASFC.js?v=fb358534:6990
componentUpdateFn @ chunk-3VLAASFC.js?v=fb358534:7648
run @ chunk-3VLAASFC.js?v=fb358534:683
setupRenderEffect @ chunk-3VLAASFC.js?v=fb358534:7776
mountComponent @ chunk-3VLAASFC.js?v=fb358534:7550
processComponent @ chunk-3VLAASFC.js?v=fb358534:7502
patch @ chunk-3VLAASFC.js?v=fb358534:7016
componentUpdateFn @ chunk-3VLAASFC.js?v=fb358534:7648
run @ chunk-3VLAASFC.js?v=fb358534:683
setupRenderEffect @ chunk-3VLAASFC.js?v=fb358534:7776
mountComponent @ chunk-3VLAASFC.js?v=fb358534:7550
processComponent @ chunk-3VLAASFC.js?v=fb358534:7502
patch @ chunk-3VLAASFC.js?v=fb358534:7016
componentUpdateFn @ chunk-3VLAASFC.js?v=fb358534:7648
run @ chunk-3VLAASFC.js?v=fb358534:683
setupRenderEffect @ chunk-3VLAASFC.js?v=fb358534:7776
mountComponent @ chunk-3VLAASFC.js?v=fb358534:7550
processComponent @ chunk-3VLAASFC.js?v=fb358534:7502
patch @ chunk-3VLAASFC.js?v=fb358534:7016
componentUpdateFn @ chunk-3VLAASFC.js?v=fb358534:7648
run @ chunk-3VLAASFC.js?v=fb358534:683
setupRenderEffect @ chunk-3VLAASFC.js?v=fb358534:7776
mountComponent @ chunk-3VLAASFC.js?v=fb358534:7550
processComponent @ chunk-3VLAASFC.js?v=fb358534:7502
patch @ chunk-3VLAASFC.js?v=fb358534:7016
mountChildren @ chunk-3VLAASFC.js?v=fb358534:7250
mountElement @ chunk-3VLAASFC.js?v=fb358534:7173
processElement @ chunk-3VLAASFC.js?v=fb358534:7138
patch @ chunk-3VLAASFC.js?v=fb358534:7004
componentUpdateFn @ chunk-3VLAASFC.js?v=fb358534:7648
run @ chunk-3VLAASFC.js?v=fb358534:683
setupRenderEffect @ chunk-3VLAASFC.js?v=fb358534:7776
mountComponent @ chunk-3VLAASFC.js?v=fb358534:7550
processComponent @ chunk-3VLAASFC.js?v=fb358534:7502
patch @ chunk-3VLAASFC.js?v=fb358534:7016
mountChildren @ chunk-3VLAASFC.js?v=fb358534:7250
processFragment @ chunk-3VLAASFC.js?v=fb358534:7432
patch @ chunk-3VLAASFC.js?v=fb358534:6990
componentUpdateFn @ chunk-3VLAASFC.js?v=fb358534:7648
run @ chunk-3VLAASFC.js?v=fb358534:683
setupRenderEffect @ chunk-3VLAASFC.js?v=fb358534:7776
mountComponent @ chunk-3VLAASFC.js?v=fb358534:7550
processComponent @ chunk-3VLAASFC.js?v=fb358534:7502
patch @ chunk-3VLAASFC.js?v=fb358534:7016
componentUpdateFn @ chunk-3VLAASFC.js?v=fb358534:7728
run @ chunk-3VLAASFC.js?v=fb358534:683
runIfDirty @ chunk-3VLAASFC.js?v=fb358534:721
callWithErrorHandling @ chunk-3VLAASFC.js?v=fb358534:2467
flushJobs @ chunk-3VLAASFC.js?v=fb358534:2675
Promise.then
queueFlush @ chunk-3VLAASFC.js?v=fb358534:2589
queueJob @ chunk-3VLAASFC.js?v=fb358534:2584
effect2.scheduler @ chunk-3VLAASFC.js?v=fb358534:7770
trigger @ chunk-3VLAASFC.js?v=fb358534:711
endBatch @ chunk-3VLAASFC.js?v=fb358534:769
notify @ chunk-3VLAASFC.js?v=fb358534:1031
trigger @ chunk-3VLAASFC.js?v=fb358534:1005
set value @ chunk-3VLAASFC.js?v=fb358534:1877
swapComponent @ @inertiajs_vue3.js?v=fb358534:315
swap @ chunk-DTND7MSH.js?v=fb358534:9548
(anonymous) @ chunk-DTND7MSH.js?v=fb358534:9501
Promise.then
(anonymous) @ chunk-DTND7MSH.js?v=fb358534:9490
Promise.then
set @ chunk-DTND7MSH.js?v=fb358534:9481
setPage @ chunk-DTND7MSH.js?v=fb358534:10532
await in setPage
process @ chunk-DTND7MSH.js?v=fb358534:10459
await in process
(anonymous) @ chunk-DTND7MSH.js?v=fb358534:10444
processNext @ chunk-DTND7MSH.js?v=fb358534:9585
process @ chunk-DTND7MSH.js?v=fb358534:9577
add @ chunk-DTND7MSH.js?v=fb358534:9574
handle @ chunk-DTND7MSH.js?v=fb358534:10444
(anonymous) @ chunk-DTND7MSH.js?v=fb358534:10684
Promise.then
send @ chunk-DTND7MSH.js?v=fb358534:10682
send @ chunk-DTND7MSH.js?v=fb358534:10759
visit @ chunk-DTND7MSH.js?v=fb358534:10891
onClick @ Index.vue:453
callWithErrorHandling @ chunk-3VLAASFC.js?v=fb358534:2467
callWithAsyncErrorHandling @ chunk-3VLAASFC.js?v=fb358534:2474
invoker @ chunk-3VLAASFC.js?v=fb358534:11474
Index.vue:453 [Vue warn]: Extraneous non-props attributes (suppliers) were passed to component but could not be automatically inherited because component renders fragment or text or teleport root nodes. 
  at <CreateRemove open=false onUpdate:open=fn onClose=fn  ... > 
  at <SidebarInset key=0 class="overflow-x-hidden" > 
  at <AppContent variant="sidebar" class="overflow-x-hidden" > 
  at <TooltipProvider delay-duration=0 > 
  at <SidebarProvider key=1 default-open=true > 
  at <AppShell variant="sidebar" > 
  at <AppSidebarLayout breadcrumbs= (2) [{…}, {…}] > 
  at <VesselLayout breadcrumbs= (2) [{…}, {…}] > 
  at <Show errors= {} name="Bindamy Mareas" quote= {message: 'It is quality rather than quantity that matters.', author: 'Lucius Annaeus Seneca'}  ... > 
  at <Inertia initialPage= {component: 'Dashboard', props: {…}, url: '/panel/WXeZLvG3jr93qO4wdxpVy/dashboard', version: 'd50b356bc2d9e83dfaaf654c38ae8e9b', clearHistory: false, …} initialComponent= {__name: 'Dashboard', props: {…}, __hmrId: '34521018', setup: ƒ, render: ƒ, …} resolveComponent=fn<resolveComponent>  ... > 
  at <App>
overrideMethod @ hook.js:608
warn$1 @ chunk-3VLAASFC.js?v=fb358534:2320
renderComponentRoot @ chunk-3VLAASFC.js?v=fb358534:8920
componentUpdateFn @ chunk-3VLAASFC.js?v=fb358534:7641
run @ chunk-3VLAASFC.js?v=fb358534:683
setupRenderEffect @ chunk-3VLAASFC.js?v=fb358534:7776
mountComponent @ chunk-3VLAASFC.js?v=fb358534:7550
processComponent @ chunk-3VLAASFC.js?v=fb358534:7502
patch @ chunk-3VLAASFC.js?v=fb358534:7016
mountChildren @ chunk-3VLAASFC.js?v=fb358534:7250
processFragment @ chunk-3VLAASFC.js?v=fb358534:7432
patch @ chunk-3VLAASFC.js?v=fb358534:6990
mountChildren @ chunk-3VLAASFC.js?v=fb358534:7250
processFragment @ chunk-3VLAASFC.js?v=fb358534:7432
patch @ chunk-3VLAASFC.js?v=fb358534:6990
mountChildren @ chunk-3VLAASFC.js?v=fb358534:7250
processFragment @ chunk-3VLAASFC.js?v=fb358534:7432
patch @ chunk-3VLAASFC.js?v=fb358534:6990
mountChildren @ chunk-3VLAASFC.js?v=fb358534:7250
processFragment @ chunk-3VLAASFC.js?v=fb358534:7432
patch @ chunk-3VLAASFC.js?v=fb358534:6990
mountChildren @ chunk-3VLAASFC.js?v=fb358534:7250
mountElement @ chunk-3VLAASFC.js?v=fb358534:7173
processElement @ chunk-3VLAASFC.js?v=fb358534:7138
patch @ chunk-3VLAASFC.js?v=fb358534:7004
componentUpdateFn @ chunk-3VLAASFC.js?v=fb358534:7648
run @ chunk-3VLAASFC.js?v=fb358534:683
setupRenderEffect @ chunk-3VLAASFC.js?v=fb358534:7776
mountComponent @ chunk-3VLAASFC.js?v=fb358534:7550
processComponent @ chunk-3VLAASFC.js?v=fb358534:7502
patch @ chunk-3VLAASFC.js?v=fb358534:7016
componentUpdateFn @ chunk-3VLAASFC.js?v=fb358534:7648
run @ chunk-3VLAASFC.js?v=fb358534:683
setupRenderEffect @ chunk-3VLAASFC.js?v=fb358534:7776
mountComponent @ chunk-3VLAASFC.js?v=fb358534:7550
processComponent @ chunk-3VLAASFC.js?v=fb358534:7502
patch @ chunk-3VLAASFC.js?v=fb358534:7016
mountChildren @ chunk-3VLAASFC.js?v=fb358534:7250
processFragment @ chunk-3VLAASFC.js?v=fb358534:7432
patch @ chunk-3VLAASFC.js?v=fb358534:6990
mountChildren @ chunk-3VLAASFC.js?v=fb358534:7250
processFragment @ chunk-3VLAASFC.js?v=fb358534:7432
patch @ chunk-3VLAASFC.js?v=fb358534:6990
mountChildren @ chunk-3VLAASFC.js?v=fb358534:7250
mountElement @ chunk-3VLAASFC.js?v=fb358534:7173
processElement @ chunk-3VLAASFC.js?v=fb358534:7138
patch @ chunk-3VLAASFC.js?v=fb358534:7004
mountChildren @ chunk-3VLAASFC.js?v=fb358534:7250
processFragment @ chunk-3VLAASFC.js?v=fb358534:7432
patch @ chunk-3VLAASFC.js?v=fb358534:6990
componentUpdateFn @ chunk-3VLAASFC.js?v=fb358534:7648
run @ chunk-3VLAASFC.js?v=fb358534:683
setupRenderEffect @ chunk-3VLAASFC.js?v=fb358534:7776
mountComponent @ chunk-3VLAASFC.js?v=fb358534:7550
processComponent @ chunk-3VLAASFC.js?v=fb358534:7502
patch @ chunk-3VLAASFC.js?v=fb358534:7016
componentUpdateFn @ chunk-3VLAASFC.js?v=fb358534:7648
run @ chunk-3VLAASFC.js?v=fb358534:683
setupRenderEffect @ chunk-3VLAASFC.js?v=fb358534:7776
mountComponent @ chunk-3VLAASFC.js?v=fb358534:7550
processComponent @ chunk-3VLAASFC.js?v=fb358534:7502
patch @ chunk-3VLAASFC.js?v=fb358534:7016
componentUpdateFn @ chunk-3VLAASFC.js?v=fb358534:7648
run @ chunk-3VLAASFC.js?v=fb358534:683
setupRenderEffect @ chunk-3VLAASFC.js?v=fb358534:7776
mountComponent @ chunk-3VLAASFC.js?v=fb358534:7550
processComponent @ chunk-3VLAASFC.js?v=fb358534:7502
patch @ chunk-3VLAASFC.js?v=fb358534:7016
componentUpdateFn @ chunk-3VLAASFC.js?v=fb358534:7648
run @ chunk-3VLAASFC.js?v=fb358534:683
setupRenderEffect @ chunk-3VLAASFC.js?v=fb358534:7776
mountComponent @ chunk-3VLAASFC.js?v=fb358534:7550
processComponent @ chunk-3VLAASFC.js?v=fb358534:7502
patch @ chunk-3VLAASFC.js?v=fb358534:7016
mountChildren @ chunk-3VLAASFC.js?v=fb358534:7250
mountElement @ chunk-3VLAASFC.js?v=fb358534:7173
processElement @ chunk-3VLAASFC.js?v=fb358534:7138
patch @ chunk-3VLAASFC.js?v=fb358534:7004
componentUpdateFn @ chunk-3VLAASFC.js?v=fb358534:7648
run @ chunk-3VLAASFC.js?v=fb358534:683
setupRenderEffect @ chunk-3VLAASFC.js?v=fb358534:7776
mountComponent @ chunk-3VLAASFC.js?v=fb358534:7550
processComponent @ chunk-3VLAASFC.js?v=fb358534:7502
patch @ chunk-3VLAASFC.js?v=fb358534:7016
mountChildren @ chunk-3VLAASFC.js?v=fb358534:7250
processFragment @ chunk-3VLAASFC.js?v=fb358534:7432
patch @ chunk-3VLAASFC.js?v=fb358534:6990
componentUpdateFn @ chunk-3VLAASFC.js?v=fb358534:7648
run @ chunk-3VLAASFC.js?v=fb358534:683
setupRenderEffect @ chunk-3VLAASFC.js?v=fb358534:7776
mountComponent @ chunk-3VLAASFC.js?v=fb358534:7550
processComponent @ chunk-3VLAASFC.js?v=fb358534:7502
patch @ chunk-3VLAASFC.js?v=fb358534:7016
componentUpdateFn @ chunk-3VLAASFC.js?v=fb358534:7728
run @ chunk-3VLAASFC.js?v=fb358534:683
runIfDirty @ chunk-3VLAASFC.js?v=fb358534:721
callWithErrorHandling @ chunk-3VLAASFC.js?v=fb358534:2467
flushJobs @ chunk-3VLAASFC.js?v=fb358534:2675
Promise.then
queueFlush @ chunk-3VLAASFC.js?v=fb358534:2589
queueJob @ chunk-3VLAASFC.js?v=fb358534:2584
effect2.scheduler @ chunk-3VLAASFC.js?v=fb358534:7770
trigger @ chunk-3VLAASFC.js?v=fb358534:711
endBatch @ chunk-3VLAASFC.js?v=fb358534:769
notify @ chunk-3VLAASFC.js?v=fb358534:1031
trigger @ chunk-3VLAASFC.js?v=fb358534:1005
set value @ chunk-3VLAASFC.js?v=fb358534:1877
swapComponent @ @inertiajs_vue3.js?v=fb358534:315
swap @ chunk-DTND7MSH.js?v=fb358534:9548
(anonymous) @ chunk-DTND7MSH.js?v=fb358534:9501
Promise.then
(anonymous) @ chunk-DTND7MSH.js?v=fb358534:9490
Promise.then
set @ chunk-DTND7MSH.js?v=fb358534:9481
setPage @ chunk-DTND7MSH.js?v=fb358534:10532
await in setPage
process @ chunk-DTND7MSH.js?v=fb358534:10459
await in process
(anonymous) @ chunk-DTND7MSH.js?v=fb358534:10444
processNext @ chunk-DTND7MSH.js?v=fb358534:9585
process @ chunk-DTND7MSH.js?v=fb358534:9577
add @ chunk-DTND7MSH.js?v=fb358534:9574
handle @ chunk-DTND7MSH.js?v=fb358534:10444
(anonymous) @ chunk-DTND7MSH.js?v=fb358534:10684
Promise.then
send @ chunk-DTND7MSH.js?v=fb358534:10682
send @ chunk-DTND7MSH.js?v=fb358534:10759
visit @ chunk-DTND7MSH.js?v=fb358534:10891
onClick @ Index.vue:453
callWithErrorHandling @ chunk-3VLAASFC.js?v=fb358534:2467
callWithAsyncErrorHandling @ chunk-3VLAASFC.js?v=fb358534:2474
invoker @ chunk-3VLAASFC.js?v=fb358534:11474
Show.vue:646 [intlify] Not found 'Save Start Date' key in 'pt' locale messages.
overrideMethod @ hook.js:608
warn @ vue-i18n.js?v=fb358534:24
handleMissing @ vue-i18n.js?v=fb358534:2724
resolveMessageFormat @ vue-i18n.js?v=fb358534:3046
translate @ vue-i18n.js?v=fb358534:2924
(anonymous) @ vue-i18n.js?v=fb358534:4120
wrapWithDeps @ vue-i18n.js?v=fb358534:4081
t @ vue-i18n.js?v=fb358534:4120
(anonymous) @ Show.vue:646
renderFnWithContext @ chunk-3VLAASFC.js?v=fb358534:2967
renderSlot @ chunk-3VLAASFC.js?v=fb358534:5290
(anonymous) @ Button.vue:25
renderFnWithContext @ chunk-3VLAASFC.js?v=fb358534:2967
normalizeChildren @ chunk-3VLAASFC.js?v=fb358534:10002
createBaseVNode @ chunk-3VLAASFC.js?v=fb358534:9806
_createVNode @ chunk-3VLAASFC.js?v=fb358534:9883
createVNodeWithArgsTransform @ chunk-3VLAASFC.js?v=fb358534:9760
h @ chunk-3VLAASFC.js?v=fb358534:10532
h.default @ reka-ui.js?v=fb358534:3731
renderComponentRoot @ chunk-3VLAASFC.js?v=fb358534:8849
componentUpdateFn @ chunk-3VLAASFC.js?v=fb358534:7641
run @ chunk-3VLAASFC.js?v=fb358534:683
setupRenderEffect @ chunk-3VLAASFC.js?v=fb358534:7776
mountComponent @ chunk-3VLAASFC.js?v=fb358534:7550
processComponent @ chunk-3VLAASFC.js?v=fb358534:7502
patch @ chunk-3VLAASFC.js?v=fb358534:7016
componentUpdateFn @ chunk-3VLAASFC.js?v=fb358534:7648
run @ chunk-3VLAASFC.js?v=fb358534:683
setupRenderEffect @ chunk-3VLAASFC.js?v=fb358534:7776
mountComponent @ chunk-3VLAASFC.js?v=fb358534:7550
processComponent @ chunk-3VLAASFC.js?v=fb358534:7502
patch @ chunk-3VLAASFC.js?v=fb358534:7016
mountChildren @ chunk-3VLAASFC.js?v=fb358534:7250
mountElement @ chunk-3VLAASFC.js?v=fb358534:7173
processElement @ chunk-3VLAASFC.js?v=fb358534:7138
patch @ chunk-3VLAASFC.js?v=fb358534:7004
mountChildren @ chunk-3VLAASFC.js?v=fb358534:7250
mountElement @ chunk-3VLAASFC.js?v=fb358534:7173
processElement @ chunk-3VLAASFC.js?v=fb358534:7138
patch @ chunk-3VLAASFC.js?v=fb358534:7004
mountChildren @ chunk-3VLAASFC.js?v=fb358534:7250
mountElement @ chunk-3VLAASFC.js?v=fb358534:7173
processElement @ chunk-3VLAASFC.js?v=fb358534:7138
patch @ chunk-3VLAASFC.js?v=fb358534:7004
mountChildren @ chunk-3VLAASFC.js?v=fb358534:7250
mountElement @ chunk-3VLAASFC.js?v=fb358534:7173
processElement @ chunk-3VLAASFC.js?v=fb358534:7138
patch @ chunk-3VLAASFC.js?v=fb358534:7004
mountChildren @ chunk-3VLAASFC.js?v=fb358534:7250
mountElement @ chunk-3VLAASFC.js?v=fb358534:7173
processElement @ chunk-3VLAASFC.js?v=fb358534:7138
patch @ chunk-3VLAASFC.js?v=fb358534:7004
mountChildren @ chunk-3VLAASFC.js?v=fb358534:7250
mountElement @ chunk-3VLAASFC.js?v=fb358534:7173
processElement @ chunk-3VLAASFC.js?v=fb358534:7138
patch @ chunk-3VLAASFC.js?v=fb358534:7004
mountChildren @ chunk-3VLAASFC.js?v=fb358534:7250
processFragment @ chunk-3VLAASFC.js?v=fb358534:7432
patch @ chunk-3VLAASFC.js?v=fb358534:6990
mountChildren @ chunk-3VLAASFC.js?v=fb358534:7250
processFragment @ chunk-3VLAASFC.js?v=fb358534:7432
patch @ chunk-3VLAASFC.js?v=fb358534:6990
mountChildren @ chunk-3VLAASFC.js?v=fb358534:7250
processFragment @ chunk-3VLAASFC.js?v=fb358534:7432
patch @ chunk-3VLAASFC.js?v=fb358534:6990
mountChildren @ chunk-3VLAASFC.js?v=fb358534:7250
processFragment @ chunk-3VLAASFC.js?v=fb358534:7432
patch @ chunk-3VLAASFC.js?v=fb358534:6990
mountChildren @ chunk-3VLAASFC.js?v=fb358534:7250
mountElement @ chunk-3VLAASFC.js?v=fb358534:7173
processElement @ chunk-3VLAASFC.js?v=fb358534:7138
patch @ chunk-3VLAASFC.js?v=fb358534:7004
componentUpdateFn @ chunk-3VLAASFC.js?v=fb358534:7648
run @ chunk-3VLAASFC.js?v=fb358534:683
setupRenderEffect @ chunk-3VLAASFC.js?v=fb358534:7776
mountComponent @ chunk-3VLAASFC.js?v=fb358534:7550
processComponent @ chunk-3VLAASFC.js?v=fb358534:7502
patch @ chunk-3VLAASFC.js?v=fb358534:7016
componentUpdateFn @ chunk-3VLAASFC.js?v=fb358534:7648
run @ chunk-3VLAASFC.js?v=fb358534:683
setupRenderEffect @ chunk-3VLAASFC.js?v=fb358534:7776
mountComponent @ chunk-3VLAASFC.js?v=fb358534:7550
processComponent @ chunk-3VLAASFC.js?v=fb358534:7502
patch @ chunk-3VLAASFC.js?v=fb358534:7016
mountChildren @ chunk-3VLAASFC.js?v=fb358534:7250
processFragment @ chunk-3VLAASFC.js?v=fb358534:7432
patch @ chunk-3VLAASFC.js?v=fb358534:6990
mountChildren @ chunk-3VLAASFC.js?v=fb358534:7250
processFragment @ chunk-3VLAASFC.js?v=fb358534:7432
patch @ chunk-3VLAASFC.js?v=fb358534:6990
mountChildren @ chunk-3VLAASFC.js?v=fb358534:7250
mountElement @ chunk-3VLAASFC.js?v=fb358534:7173
processElement @ chunk-3VLAASFC.js?v=fb358534:7138
patch @ chunk-3VLAASFC.js?v=fb358534:7004
mountChildren @ chunk-3VLAASFC.js?v=fb358534:7250
processFragment @ chunk-3VLAASFC.js?v=fb358534:7432
patch @ chunk-3VLAASFC.js?v=fb358534:6990
componentUpdateFn @ chunk-3VLAASFC.js?v=fb358534:7648
run @ chunk-3VLAASFC.js?v=fb358534:683
setupRenderEffect @ chunk-3VLAASFC.js?v=fb358534:7776
mountComponent @ chunk-3VLAASFC.js?v=fb358534:7550
processComponent @ chunk-3VLAASFC.js?v=fb358534:7502
patch @ chunk-3VLAASFC.js?v=fb358534:7016
componentUpdateFn @ chunk-3VLAASFC.js?v=fb358534:7648
run @ chunk-3VLAASFC.js?v=fb358534:683
setupRenderEffect @ chunk-3VLAASFC.js?v=fb358534:7776
mountComponent @ chunk-3VLAASFC.js?v=fb358534:7550
processComponent @ chunk-3VLAASFC.js?v=fb358534:7502
patch @ chunk-3VLAASFC.js?v=fb358534:7016
componentUpdateFn @ chunk-3VLAASFC.js?v=fb358534:7648
run @ chunk-3VLAASFC.js?v=fb358534:683
setupRenderEffect @ chunk-3VLAASFC.js?v=fb358534:7776
mountComponent @ chunk-3VLAASFC.js?v=fb358534:7550
processComponent @ chunk-3VLAASFC.js?v=fb358534:7502
patch @ chunk-3VLAASFC.js?v=fb358534:7016
componentUpdateFn @ chunk-3VLAASFC.js?v=fb358534:7648
run @ chunk-3VLAASFC.js?v=fb358534:683
setupRenderEffect @ chunk-3VLAASFC.js?v=fb358534:7776
mountComponent @ chunk-3VLAASFC.js?v=fb358534:7550
processComponent @ chunk-3VLAASFC.js?v=fb358534:7502
patch @ chunk-3VLAASFC.js?v=fb358534:7016
mountChildren @ chunk-3VLAASFC.js?v=fb358534:7250
mountElement @ chunk-3VLAASFC.js?v=fb358534:7173
processElement @ chunk-3VLAASFC.js?v=fb358534:7138
patch @ chunk-3VLAASFC.js?v=fb358534:7004
componentUpdateFn @ chunk-3VLAASFC.js?v=fb358534:7648
run @ chunk-3VLAASFC.js?v=fb358534:683
setupRenderEffect @ chunk-3VLAASFC.js?v=fb358534:7776
mountComponent @ chunk-3VLAASFC.js?v=fb358534:7550
processComponent @ chunk-3VLAASFC.js?v=fb358534:7502
patch @ chunk-3VLAASFC.js?v=fb358534:7016
mountChildren @ chunk-3VLAASFC.js?v=fb358534:7250
processFragment @ chunk-3VLAASFC.js?v=fb358534:7432
patch @ chunk-3VLAASFC.js?v=fb358534:6990
componentUpdateFn @ chunk-3VLAASFC.js?v=fb358534:7648
run @ chunk-3VLAASFC.js?v=fb358534:683
setupRenderEffect @ chunk-3VLAASFC.js?v=fb358534:7776
mountComponent @ chunk-3VLAASFC.js?v=fb358534:7550
processComponent @ chunk-3VLAASFC.js?v=fb358534:7502
patch @ chunk-3VLAASFC.js?v=fb358534:7016
componentUpdateFn @ chunk-3VLAASFC.js?v=fb358534:7728
run @ chunk-3VLAASFC.js?v=fb358534:683
runIfDirty @ chunk-3VLAASFC.js?v=fb358534:721
callWithErrorHandling @ chunk-3VLAASFC.js?v=fb358534:2467
flushJobs @ chunk-3VLAASFC.js?v=fb358534:2675
Promise.then
queueFlush @ chunk-3VLAASFC.js?v=fb358534:2589
queueJob @ chunk-3VLAASFC.js?v=fb358534:2584
effect2.scheduler @ chunk-3VLAASFC.js?v=fb358534:7770
trigger @ chunk-3VLAASFC.js?v=fb358534:711
endBatch @ chunk-3VLAASFC.js?v=fb358534:769
notify @ chunk-3VLAASFC.js?v=fb358534:1031
trigger @ chunk-3VLAASFC.js?v=fb358534:1005
set value @ chunk-3VLAASFC.js?v=fb358534:1877
swapComponent @ @inertiajs_vue3.js?v=fb358534:315
swap @ chunk-DTND7MSH.js?v=fb358534:9548
(anonymous) @ chunk-DTND7MSH.js?v=fb358534:9501
Promise.then
(anonymous) @ chunk-DTND7MSH.js?v=fb358534:9490
Promise.then
set @ chunk-DTND7MSH.js?v=fb358534:9481
setPage @ chunk-DTND7MSH.js?v=fb358534:10532
await in setPage
process @ chunk-DTND7MSH.js?v=fb358534:10459
await in process
(anonymous) @ chunk-DTND7MSH.js?v=fb358534:10444
processNext @ chunk-DTND7MSH.js?v=fb358534:9585
process @ chunk-DTND7MSH.js?v=fb358534:9577
add @ chunk-DTND7MSH.js?v=fb358534:9574
handle @ chunk-DTND7MSH.js?v=fb358534:10444
(anonymous) @ chunk-DTND7MSH.js?v=fb358534:10684
Promise.then
send @ chunk-DTND7MSH.js?v=fb358534:10682
send @ chunk-DTND7MSH.js?v=fb358534:10759
visit @ chunk-DTND7MSH.js?v=fb358534:10891
onClick @ Index.vue:453
callWithErrorHandling @ chunk-3VLAASFC.js?v=fb358534:2467
callWithAsyncErrorHandling @ chunk-3VLAASFC.js?v=fb358534:2474
invoker @ chunk-3VLAASFC.js?v=fb358534:11474
Show.vue:646 [intlify] Fall back to translate 'Save Start Date' key with 'en' locale.
overrideMethod @ hook.js:608
warn @ vue-i18n.js?v=fb358534:24
resolveMessageFormat @ vue-i18n.js?v=fb358534:2995
translate @ vue-i18n.js?v=fb358534:2924
(anonymous) @ vue-i18n.js?v=fb358534:4120
wrapWithDeps @ vue-i18n.js?v=fb358534:4081
t @ vue-i18n.js?v=fb358534:4120
(anonymous) @ Show.vue:646
renderFnWithContext @ chunk-3VLAASFC.js?v=fb358534:2967
renderSlot @ chunk-3VLAASFC.js?v=fb358534:5290
(anonymous) @ Button.vue:25
renderFnWithContext @ chunk-3VLAASFC.js?v=fb358534:2967
normalizeChildren @ chunk-3VLAASFC.js?v=fb358534:10002
createBaseVNode @ chunk-3VLAASFC.js?v=fb358534:9806
_createVNode @ chunk-3VLAASFC.js?v=fb358534:9883
createVNodeWithArgsTransform @ chunk-3VLAASFC.js?v=fb358534:9760
h @ chunk-3VLAASFC.js?v=fb358534:10532
h.default @ reka-ui.js?v=fb358534:3731
renderComponentRoot @ chunk-3VLAASFC.js?v=fb358534:8849
componentUpdateFn @ chunk-3VLAASFC.js?v=fb358534:7641
run @ chunk-3VLAASFC.js?v=fb358534:683
setupRenderEffect @ chunk-3VLAASFC.js?v=fb358534:7776
mountComponent @ chunk-3VLAASFC.js?v=fb358534:7550
processComponent @ chunk-3VLAASFC.js?v=fb358534:7502
patch @ chunk-3VLAASFC.js?v=fb358534:7016
componentUpdateFn @ chunk-3VLAASFC.js?v=fb358534:7648
run @ chunk-3VLAASFC.js?v=fb358534:683
setupRenderEffect @ chunk-3VLAASFC.js?v=fb358534:7776
mountComponent @ chunk-3VLAASFC.js?v=fb358534:7550
processComponent @ chunk-3VLAASFC.js?v=fb358534:7502
patch @ chunk-3VLAASFC.js?v=fb358534:7016
mountChildren @ chunk-3VLAASFC.js?v=fb358534:7250
mountElement @ chunk-3VLAASFC.js?v=fb358534:7173
processElement @ chunk-3VLAASFC.js?v=fb358534:7138
patch @ chunk-3VLAASFC.js?v=fb358534:7004
mountChildren @ chunk-3VLAASFC.js?v=fb358534:7250
mountElement @ chunk-3VLAASFC.js?v=fb358534:7173
processElement @ chunk-3VLAASFC.js?v=fb358534:7138
patch @ chunk-3VLAASFC.js?v=fb358534:7004
mountChildren @ chunk-3VLAASFC.js?v=fb358534:7250
mountElement @ chunk-3VLAASFC.js?v=fb358534:7173
processElement @ chunk-3VLAASFC.js?v=fb358534:7138
patch @ chunk-3VLAASFC.js?v=fb358534:7004
mountChildren @ chunk-3VLAASFC.js?v=fb358534:7250
mountElement @ chunk-3VLAASFC.js?v=fb358534:7173
processElement @ chunk-3VLAASFC.js?v=fb358534:7138
patch @ chunk-3VLAASFC.js?v=fb358534:7004
mountChildren @ chunk-3VLAASFC.js?v=fb358534:7250
mountElement @ chunk-3VLAASFC.js?v=fb358534:7173
processElement @ chunk-3VLAASFC.js?v=fb358534:7138
patch @ chunk-3VLAASFC.js?v=fb358534:7004
mountChildren @ chunk-3VLAASFC.js?v=fb358534:7250
mountElement @ chunk-3VLAASFC.js?v=fb358534:7173
processElement @ chunk-3VLAASFC.js?v=fb358534:7138
patch @ chunk-3VLAASFC.js?v=fb358534:7004
mountChildren @ chunk-3VLAASFC.js?v=fb358534:7250
processFragment @ chunk-3VLAASFC.js?v=fb358534:7432
patch @ chunk-3VLAASFC.js?v=fb358534:6990
mountChildren @ chunk-3VLAASFC.js?v=fb358534:7250
processFragment @ chunk-3VLAASFC.js?v=fb358534:7432
patch @ chunk-3VLAASFC.js?v=fb358534:6990
mountChildren @ chunk-3VLAASFC.js?v=fb358534:7250
processFragment @ chunk-3VLAASFC.js?v=fb358534:7432
patch @ chunk-3VLAASFC.js?v=fb358534:6990
mountChildren @ chunk-3VLAASFC.js?v=fb358534:7250
processFragment @ chunk-3VLAASFC.js?v=fb358534:7432
patch @ chunk-3VLAASFC.js?v=fb358534:6990
mountChildren @ chunk-3VLAASFC.js?v=fb358534:7250
mountElement @ chunk-3VLAASFC.js?v=fb358534:7173
processElement @ chunk-3VLAASFC.js?v=fb358534:7138
patch @ chunk-3VLAASFC.js?v=fb358534:7004
componentUpdateFn @ chunk-3VLAASFC.js?v=fb358534:7648
run @ chunk-3VLAASFC.js?v=fb358534:683
setupRenderEffect @ chunk-3VLAASFC.js?v=fb358534:7776
mountComponent @ chunk-3VLAASFC.js?v=fb358534:7550
processComponent @ chunk-3VLAASFC.js?v=fb358534:7502
patch @ chunk-3VLAASFC.js?v=fb358534:7016
componentUpdateFn @ chunk-3VLAASFC.js?v=fb358534:7648
run @ chunk-3VLAASFC.js?v=fb358534:683
setupRenderEffect @ chunk-3VLAASFC.js?v=fb358534:7776
mountComponent @ chunk-3VLAASFC.js?v=fb358534:7550
processComponent @ chunk-3VLAASFC.js?v=fb358534:7502
patch @ chunk-3VLAASFC.js?v=fb358534:7016
mountChildren @ chunk-3VLAASFC.js?v=fb358534:7250
processFragment @ chunk-3VLAASFC.js?v=fb358534:7432
patch @ chunk-3VLAASFC.js?v=fb358534:6990
mountChildren @ chunk-3VLAASFC.js?v=fb358534:7250
processFragment @ chunk-3VLAASFC.js?v=fb358534:7432
patch @ chunk-3VLAASFC.js?v=fb358534:6990
mountChildren @ chunk-3VLAASFC.js?v=fb358534:7250
mountElement @ chunk-3VLAASFC.js?v=fb358534:7173
processElement @ chunk-3VLAASFC.js?v=fb358534:7138
patch @ chunk-3VLAASFC.js?v=fb358534:7004
mountChildren @ chunk-3VLAASFC.js?v=fb358534:7250
processFragment @ chunk-3VLAASFC.js?v=fb358534:7432
patch @ chunk-3VLAASFC.js?v=fb358534:6990
componentUpdateFn @ chunk-3VLAASFC.js?v=fb358534:7648
run @ chunk-3VLAASFC.js?v=fb358534:683
setupRenderEffect @ chunk-3VLAASFC.js?v=fb358534:7776
mountComponent @ chunk-3VLAASFC.js?v=fb358534:7550
processComponent @ chunk-3VLAASFC.js?v=fb358534:7502
patch @ chunk-3VLAASFC.js?v=fb358534:7016
componentUpdateFn @ chunk-3VLAASFC.js?v=fb358534:7648
run @ chunk-3VLAASFC.js?v=fb358534:683
setupRenderEffect @ chunk-3VLAASFC.js?v=fb358534:7776
mountComponent @ chunk-3VLAASFC.js?v=fb358534:7550
processComponent @ chunk-3VLAASFC.js?v=fb358534:7502
patch @ chunk-3VLAASFC.js?v=fb358534:7016
componentUpdateFn @ chunk-3VLAASFC.js?v=fb358534:7648
run @ chunk-3VLAASFC.js?v=fb358534:683
setupRenderEffect @ chunk-3VLAASFC.js?v=fb358534:7776
mountComponent @ chunk-3VLAASFC.js?v=fb358534:7550
processComponent @ chunk-3VLAASFC.js?v=fb358534:7502
patch @ chunk-3VLAASFC.js?v=fb358534:7016
componentUpdateFn @ chunk-3VLAASFC.js?v=fb358534:7648
run @ chunk-3VLAASFC.js?v=fb358534:683
setupRenderEffect @ chunk-3VLAASFC.js?v=fb358534:7776
mountComponent @ chunk-3VLAASFC.js?v=fb358534:7550
processComponent @ chunk-3VLAASFC.js?v=fb358534:7502
patch @ chunk-3VLAASFC.js?v=fb358534:7016
mountChildren @ chunk-3VLAASFC.js?v=fb358534:7250
mountElement @ chunk-3VLAASFC.js?v=fb358534:7173
processElement @ chunk-3VLAASFC.js?v=fb358534:7138
patch @ chunk-3VLAASFC.js?v=fb358534:7004
componentUpdateFn @ chunk-3VLAASFC.js?v=fb358534:7648
run @ chunk-3VLAASFC.js?v=fb358534:683
setupRenderEffect @ chunk-3VLAASFC.js?v=fb358534:7776
mountComponent @ chunk-3VLAASFC.js?v=fb358534:7550
processComponent @ chunk-3VLAASFC.js?v=fb358534:7502
patch @ chunk-3VLAASFC.js?v=fb358534:7016
mountChildren @ chunk-3VLAASFC.js?v=fb358534:7250
processFragment @ chunk-3VLAASFC.js?v=fb358534:7432
patch @ chunk-3VLAASFC.js?v=fb358534:6990
componentUpdateFn @ chunk-3VLAASFC.js?v=fb358534:7648
run @ chunk-3VLAASFC.js?v=fb358534:683
setupRenderEffect @ chunk-3VLAASFC.js?v=fb358534:7776
mountComponent @ chunk-3VLAASFC.js?v=fb358534:7550
processComponent @ chunk-3VLAASFC.js?v=fb358534:7502
patch @ chunk-3VLAASFC.js?v=fb358534:7016
componentUpdateFn @ chunk-3VLAASFC.js?v=fb358534:7728
run @ chunk-3VLAASFC.js?v=fb358534:683
runIfDirty @ chunk-3VLAASFC.js?v=fb358534:721
callWithErrorHandling @ chunk-3VLAASFC.js?v=fb358534:2467
flushJobs @ chunk-3VLAASFC.js?v=fb358534:2675
Promise.then
queueFlush @ chunk-3VLAASFC.js?v=fb358534:2589
queueJob @ chunk-3VLAASFC.js?v=fb358534:2584
effect2.scheduler @ chunk-3VLAASFC.js?v=fb358534:7770
trigger @ chunk-3VLAASFC.js?v=fb358534:711
endBatch @ chunk-3VLAASFC.js?v=fb358534:769
notify @ chunk-3VLAASFC.js?v=fb358534:1031
trigger @ chunk-3VLAASFC.js?v=fb358534:1005
set value @ chunk-3VLAASFC.js?v=fb358534:1877
swapComponent @ @inertiajs_vue3.js?v=fb358534:315
swap @ chunk-DTND7MSH.js?v=fb358534:9548
(anonymous) @ chunk-DTND7MSH.js?v=fb358534:9501
Promise.then
(anonymous) @ chunk-DTND7MSH.js?v=fb358534:9490
Promise.then
set @ chunk-DTND7MSH.js?v=fb358534:9481
setPage @ chunk-DTND7MSH.js?v=fb358534:10532
await in setPage
process @ chunk-DTND7MSH.js?v=fb358534:10459
await in process
(anonymous) @ chunk-DTND7MSH.js?v=fb358534:10444
processNext @ chunk-DTND7MSH.js?v=fb358534:9585
process @ chunk-DTND7MSH.js?v=fb358534:9577
add @ chunk-DTND7MSH.js?v=fb358534:9574
handle @ chunk-DTND7MSH.js?v=fb358534:10444
(anonymous) @ chunk-DTND7MSH.js?v=fb358534:10684
Promise.then
send @ chunk-DTND7MSH.js?v=fb358534:10682
send @ chunk-DTND7MSH.js?v=fb358534:10759
visit @ chunk-DTND7MSH.js?v=fb358534:10891
onClick @ Index.vue:453
callWithErrorHandling @ chunk-3VLAASFC.js?v=fb358534:2467
callWithAsyncErrorHandling @ chunk-3VLAASFC.js?v=fb358534:2474
invoker @ chunk-3VLAASFC.js?v=fb358534:11474
Show.vue:646 [intlify] Not found 'Save Start Date' key in 'en' locale messages.
overrideMethod @ hook.js:608
warn @ vue-i18n.js?v=fb358534:24
handleMissing @ vue-i18n.js?v=fb358534:2724
resolveMessageFormat @ vue-i18n.js?v=fb358534:3046
translate @ vue-i18n.js?v=fb358534:2924
(anonymous) @ vue-i18n.js?v=fb358534:4120
wrapWithDeps @ vue-i18n.js?v=fb358534:4081
t @ vue-i18n.js?v=fb358534:4120
(anonymous) @ Show.vue:646
renderFnWithContext @ chunk-3VLAASFC.js?v=fb358534:2967
renderSlot @ chunk-3VLAASFC.js?v=fb358534:5290
(anonymous) @ Button.vue:25
renderFnWithContext @ chunk-3VLAASFC.js?v=fb358534:2967
normalizeChildren @ chunk-3VLAASFC.js?v=fb358534:10002
createBaseVNode @ chunk-3VLAASFC.js?v=fb358534:9806
_createVNode @ chunk-3VLAASFC.js?v=fb358534:9883
createVNodeWithArgsTransform @ chunk-3VLAASFC.js?v=fb358534:9760
h @ chunk-3VLAASFC.js?v=fb358534:10532
h.default @ reka-ui.js?v=fb358534:3731
renderComponentRoot @ chunk-3VLAASFC.js?v=fb358534:8849
componentUpdateFn @ chunk-3VLAASFC.js?v=fb358534:7641
run @ chunk-3VLAASFC.js?v=fb358534:683
setupRenderEffect @ chunk-3VLAASFC.js?v=fb358534:7776
mountComponent @ chunk-3VLAASFC.js?v=fb358534:7550
processComponent @ chunk-3VLAASFC.js?v=fb358534:7502
patch @ chunk-3VLAASFC.js?v=fb358534:7016
componentUpdateFn @ chunk-3VLAASFC.js?v=fb358534:7648
run @ chunk-3VLAASFC.js?v=fb358534:683
setupRenderEffect @ chunk-3VLAASFC.js?v=fb358534:7776
mountComponent @ chunk-3VLAASFC.js?v=fb358534:7550
processComponent @ chunk-3VLAASFC.js?v=fb358534:7502
patch @ chunk-3VLAASFC.js?v=fb358534:7016
mountChildren @ chunk-3VLAASFC.js?v=fb358534:7250
mountElement @ chunk-3VLAASFC.js?v=fb358534:7173
processElement @ chunk-3VLAASFC.js?v=fb358534:7138
patch @ chunk-3VLAASFC.js?v=fb358534:7004
mountChildren @ chunk-3VLAASFC.js?v=fb358534:7250
mountElement @ chunk-3VLAASFC.js?v=fb358534:7173
processElement @ chunk-3VLAASFC.js?v=fb358534:7138
patch @ chunk-3VLAASFC.js?v=fb358534:7004
mountChildren @ chunk-3VLAASFC.js?v=fb358534:7250
mountElement @ chunk-3VLAASFC.js?v=fb358534:7173
processElement @ chunk-3VLAASFC.js?v=fb358534:7138
patch @ chunk-3VLAASFC.js?v=fb358534:7004
mountChildren @ chunk-3VLAASFC.js?v=fb358534:7250
mountElement @ chunk-3VLAASFC.js?v=fb358534:7173
processElement @ chunk-3VLAASFC.js?v=fb358534:7138
patch @ chunk-3VLAASFC.js?v=fb358534:7004
mountChildren @ chunk-3VLAASFC.js?v=fb358534:7250
mountElement @ chunk-3VLAASFC.js?v=fb358534:7173
processElement @ chunk-3VLAASFC.js?v=fb358534:7138
patch @ chunk-3VLAASFC.js?v=fb358534:7004
mountChildren @ chunk-3VLAASFC.js?v=fb358534:7250
mountElement @ chunk-3VLAASFC.js?v=fb358534:7173
processElement @ chunk-3VLAASFC.js?v=fb358534:7138
patch @ chunk-3VLAASFC.js?v=fb358534:7004
mountChildren @ chunk-3VLAASFC.js?v=fb358534:7250
processFragment @ chunk-3VLAASFC.js?v=fb358534:7432
patch @ chunk-3VLAASFC.js?v=fb358534:6990
mountChildren @ chunk-3VLAASFC.js?v=fb358534:7250
processFragment @ chunk-3VLAASFC.js?v=fb358534:7432
patch @ chunk-3VLAASFC.js?v=fb358534:6990
mountChildren @ chunk-3VLAASFC.js?v=fb358534:7250
processFragment @ chunk-3VLAASFC.js?v=fb358534:7432
patch @ chunk-3VLAASFC.js?v=fb358534:6990
mountChildren @ chunk-3VLAASFC.js?v=fb358534:7250
processFragment @ chunk-3VLAASFC.js?v=fb358534:7432
patch @ chunk-3VLAASFC.js?v=fb358534:6990
mountChildren @ chunk-3VLAASFC.js?v=fb358534:7250
mountElement @ chunk-3VLAASFC.js?v=fb358534:7173
processElement @ chunk-3VLAASFC.js?v=fb358534:7138
patch @ chunk-3VLAASFC.js?v=fb358534:7004
componentUpdateFn @ chunk-3VLAASFC.js?v=fb358534:7648
run @ chunk-3VLAASFC.js?v=fb358534:683
setupRenderEffect @ chunk-3VLAASFC.js?v=fb358534:7776
mountComponent @ chunk-3VLAASFC.js?v=fb358534:7550
processComponent @ chunk-3VLAASFC.js?v=fb358534:7502
patch @ chunk-3VLAASFC.js?v=fb358534:7016
componentUpdateFn @ chunk-3VLAASFC.js?v=fb358534:7648
run @ chunk-3VLAASFC.js?v=fb358534:683
setupRenderEffect @ chunk-3VLAASFC.js?v=fb358534:7776
mountComponent @ chunk-3VLAASFC.js?v=fb358534:7550
processComponent @ chunk-3VLAASFC.js?v=fb358534:7502
patch @ chunk-3VLAASFC.js?v=fb358534:7016
mountChildren @ chunk-3VLAASFC.js?v=fb358534:7250
processFragment @ chunk-3VLAASFC.js?v=fb358534:7432
patch @ chunk-3VLAASFC.js?v=fb358534:6990
mountChildren @ chunk-3VLAASFC.js?v=fb358534:7250
processFragment @ chunk-3VLAASFC.js?v=fb358534:7432
patch @ chunk-3VLAASFC.js?v=fb358534:6990
mountChildren @ chunk-3VLAASFC.js?v=fb358534:7250
mountElement @ chunk-3VLAASFC.js?v=fb358534:7173
processElement @ chunk-3VLAASFC.js?v=fb358534:7138
patch @ chunk-3VLAASFC.js?v=fb358534:7004
mountChildren @ chunk-3VLAASFC.js?v=fb358534:7250
processFragment @ chunk-3VLAASFC.js?v=fb358534:7432
patch @ chunk-3VLAASFC.js?v=fb358534:6990
componentUpdateFn @ chunk-3VLAASFC.js?v=fb358534:7648
run @ chunk-3VLAASFC.js?v=fb358534:683
setupRenderEffect @ chunk-3VLAASFC.js?v=fb358534:7776
mountComponent @ chunk-3VLAASFC.js?v=fb358534:7550
processComponent @ chunk-3VLAASFC.js?v=fb358534:7502
patch @ chunk-3VLAASFC.js?v=fb358534:7016
componentUpdateFn @ chunk-3VLAASFC.js?v=fb358534:7648
run @ chunk-3VLAASFC.js?v=fb358534:683
setupRenderEffect @ chunk-3VLAASFC.js?v=fb358534:7776
mountComponent @ chunk-3VLAASFC.js?v=fb358534:7550
processComponent @ chunk-3VLAASFC.js?v=fb358534:7502
patch @ chunk-3VLAASFC.js?v=fb358534:7016
componentUpdateFn @ chunk-3VLAASFC.js?v=fb358534:7648
run @ chunk-3VLAASFC.js?v=fb358534:683
setupRenderEffect @ chunk-3VLAASFC.js?v=fb358534:7776
mountComponent @ chunk-3VLAASFC.js?v=fb358534:7550
processComponent @ chunk-3VLAASFC.js?v=fb358534:7502
patch @ chunk-3VLAASFC.js?v=fb358534:7016
componentUpdateFn @ chunk-3VLAASFC.js?v=fb358534:7648
run @ chunk-3VLAASFC.js?v=fb358534:683
setupRenderEffect @ chunk-3VLAASFC.js?v=fb358534:7776
mountComponent @ chunk-3VLAASFC.js?v=fb358534:7550
processComponent @ chunk-3VLAASFC.js?v=fb358534:7502
patch @ chunk-3VLAASFC.js?v=fb358534:7016
mountChildren @ chunk-3VLAASFC.js?v=fb358534:7250
mountElement @ chunk-3VLAASFC.js?v=fb358534:7173
processElement @ chunk-3VLAASFC.js?v=fb358534:7138
patch @ chunk-3VLAASFC.js?v=fb358534:7004
componentUpdateFn @ chunk-3VLAASFC.js?v=fb358534:7648
run @ chunk-3VLAASFC.js?v=fb358534:683
setupRenderEffect @ chunk-3VLAASFC.js?v=fb358534:7776
mountComponent @ chunk-3VLAASFC.js?v=fb358534:7550
processComponent @ chunk-3VLAASFC.js?v=fb358534:7502
patch @ chunk-3VLAASFC.js?v=fb358534:7016
mountChildren @ chunk-3VLAASFC.js?v=fb358534:7250
processFragment @ chunk-3VLAASFC.js?v=fb358534:7432
patch @ chunk-3VLAASFC.js?v=fb358534:6990
componentUpdateFn @ chunk-3VLAASFC.js?v=fb358534:7648
run @ chunk-3VLAASFC.js?v=fb358534:683
setupRenderEffect @ chunk-3VLAASFC.js?v=fb358534:7776
mountComponent @ chunk-3VLAASFC.js?v=fb358534:7550
processComponent @ chunk-3VLAASFC.js?v=fb358534:7502
patch @ chunk-3VLAASFC.js?v=fb358534:7016
componentUpdateFn @ chunk-3VLAASFC.js?v=fb358534:7728
run @ chunk-3VLAASFC.js?v=fb358534:683
runIfDirty @ chunk-3VLAASFC.js?v=fb358534:721
callWithErrorHandling @ chunk-3VLAASFC.js?v=fb358534:2467
flushJobs @ chunk-3VLAASFC.js?v=fb358534:2675
Promise.then
queueFlush @ chunk-3VLAASFC.js?v=fb358534:2589
queueJob @ chunk-3VLAASFC.js?v=fb358534:2584
effect2.scheduler @ chunk-3VLAASFC.js?v=fb358534:7770
trigger @ chunk-3VLAASFC.js?v=fb358534:711
endBatch @ chunk-3VLAASFC.js?v=fb358534:769
notify @ chunk-3VLAASFC.js?v=fb358534:1031
trigger @ chunk-3VLAASFC.js?v=fb358534:1005
set value @ chunk-3VLAASFC.js?v=fb358534:1877
swapComponent @ @inertiajs_vue3.js?v=fb358534:315
swap @ chunk-DTND7MSH.js?v=fb358534:9548
(anonymous) @ chunk-DTND7MSH.js?v=fb358534:9501
Promise.then
(anonymous) @ chunk-DTND7MSH.js?v=fb358534:9490
Promise.then
set @ chunk-DTND7MSH.js?v=fb358534:9481
setPage @ chunk-DTND7MSH.js?v=fb358534:10532
await in setPage
process @ chunk-DTND7MSH.js?v=fb358534:10459
await in process
(anonymous) @ chunk-DTND7MSH.js?v=fb358534:10444
processNext @ chunk-DTND7MSH.js?v=fb358534:9585
process @ chunk-DTND7MSH.js?v=fb358534:9577
add @ chunk-DTND7MSH.js?v=fb358534:9574
handle @ chunk-DTND7MSH.js?v=fb358534:10444
(anonymous) @ chunk-DTND7MSH.js?v=fb358534:10684
Promise.then
send @ chunk-DTND7MSH.js?v=fb358534:10682
send @ chunk-DTND7MSH.js?v=fb358534:10759
visit @ chunk-DTND7MSH.js?v=fb358534:10891
onClick @ Index.vue:453
callWithErrorHandling @ chunk-3VLAASFC.js?v=fb358534:2467
callWithAsyncErrorHandling @ chunk-3VLAASFC.js?v=fb358534:2474
invoker @ chunk-3VLAASFC.js?v=fb358534:11474
Index.vue:453 [Vue warn]: Extraneous non-props attributes (suppliers) were passed to component but could not be automatically inherited because component renders fragment or text or teleport root nodes. 
  at <CreateRemove open=false onUpdate:open=fn onClose=fn  ... > 
  at <SidebarInset key=0 class="overflow-x-hidden" > 
  at <AppContent variant="sidebar" class="overflow-x-hidden" > 
  at <TooltipProvider delay-duration=0 > 
  at <SidebarProvider key=1 default-open=true > 
  at <AppShell variant="sidebar" > 
  at <AppSidebarLayout breadcrumbs= (2) [{…}, {…}] > 
  at <VesselLayout breadcrumbs= (2) [{…}, {…}] > 
  at <Show errors= {} name="Bindamy Mareas" quote= {message: 'Happiness is not something readymade. It comes from your own actions.', author: 'Dalai Lama'}  ... > 
  at <Inertia initialPage= {component: 'Dashboard', props: {…}, url: '/panel/WXeZLvG3jr93qO4wdxpVy/dashboard', version: 'd50b356bc2d9e83dfaaf654c38ae8e9b', clearHistory: false, …} initialComponent= {__name: 'Dashboard', props: {…}, __hmrId: '34521018', setup: ƒ, render: ƒ, …} resolveComponent=fn<resolveComponent>  ... > 
  at <App>
overrideMethod @ hook.js:608
warn$1 @ chunk-3VLAASFC.js?v=fb358534:2320
renderComponentRoot @ chunk-3VLAASFC.js?v=fb358534:8920
componentUpdateFn @ chunk-3VLAASFC.js?v=fb358534:7641
run @ chunk-3VLAASFC.js?v=fb358534:683
setupRenderEffect @ chunk-3VLAASFC.js?v=fb358534:7776
mountComponent @ chunk-3VLAASFC.js?v=fb358534:7550
processComponent @ chunk-3VLAASFC.js?v=fb358534:7502
patch @ chunk-3VLAASFC.js?v=fb358534:7016
mountChildren @ chunk-3VLAASFC.js?v=fb358534:7250
processFragment @ chunk-3VLAASFC.js?v=fb358534:7432
patch @ chunk-3VLAASFC.js?v=fb358534:6990
mountChildren @ chunk-3VLAASFC.js?v=fb358534:7250
processFragment @ chunk-3VLAASFC.js?v=fb358534:7432
patch @ chunk-3VLAASFC.js?v=fb358534:6990
mountChildren @ chunk-3VLAASFC.js?v=fb358534:7250
processFragment @ chunk-3VLAASFC.js?v=fb358534:7432
patch @ chunk-3VLAASFC.js?v=fb358534:6990
mountChildren @ chunk-3VLAASFC.js?v=fb358534:7250
processFragment @ chunk-3VLAASFC.js?v=fb358534:7432
patch @ chunk-3VLAASFC.js?v=fb358534:6990
mountChildren @ chunk-3VLAASFC.js?v=fb358534:7250
mountElement @ chunk-3VLAASFC.js?v=fb358534:7173
processElement @ chunk-3VLAASFC.js?v=fb358534:7138
patch @ chunk-3VLAASFC.js?v=fb358534:7004
componentUpdateFn @ chunk-3VLAASFC.js?v=fb358534:7648
run @ chunk-3VLAASFC.js?v=fb358534:683
setupRenderEffect @ chunk-3VLAASFC.js?v=fb358534:7776
mountComponent @ chunk-3VLAASFC.js?v=fb358534:7550
processComponent @ chunk-3VLAASFC.js?v=fb358534:7502
patch @ chunk-3VLAASFC.js?v=fb358534:7016
componentUpdateFn @ chunk-3VLAASFC.js?v=fb358534:7648
run @ chunk-3VLAASFC.js?v=fb358534:683
setupRenderEffect @ chunk-3VLAASFC.js?v=fb358534:7776
mountComponent @ chunk-3VLAASFC.js?v=fb358534:7550
processComponent @ chunk-3VLAASFC.js?v=fb358534:7502
patch @ chunk-3VLAASFC.js?v=fb358534:7016
mountChildren @ chunk-3VLAASFC.js?v=fb358534:7250
processFragment @ chunk-3VLAASFC.js?v=fb358534:7432
patch @ chunk-3VLAASFC.js?v=fb358534:6990
mountChildren @ chunk-3VLAASFC.js?v=fb358534:7250
processFragment @ chunk-3VLAASFC.js?v=fb358534:7432
patch @ chunk-3VLAASFC.js?v=fb358534:6990
mountChildren @ chunk-3VLAASFC.js?v=fb358534:7250
mountElement @ chunk-3VLAASFC.js?v=fb358534:7173
processElement @ chunk-3VLAASFC.js?v=fb358534:7138
patch @ chunk-3VLAASFC.js?v=fb358534:7004
mountChildren @ chunk-3VLAASFC.js?v=fb358534:7250
processFragment @ chunk-3VLAASFC.js?v=fb358534:7432
patch @ chunk-3VLAASFC.js?v=fb358534:6990
componentUpdateFn @ chunk-3VLAASFC.js?v=fb358534:7648
run @ chunk-3VLAASFC.js?v=fb358534:683
setupRenderEffect @ chunk-3VLAASFC.js?v=fb358534:7776
mountComponent @ chunk-3VLAASFC.js?v=fb358534:7550
processComponent @ chunk-3VLAASFC.js?v=fb358534:7502
patch @ chunk-3VLAASFC.js?v=fb358534:7016
componentUpdateFn @ chunk-3VLAASFC.js?v=fb358534:7648
run @ chunk-3VLAASFC.js?v=fb358534:683
setupRenderEffect @ chunk-3VLAASFC.js?v=fb358534:7776
mountComponent @ chunk-3VLAASFC.js?v=fb358534:7550
processComponent @ chunk-3VLAASFC.js?v=fb358534:7502
patch @ chunk-3VLAASFC.js?v=fb358534:7016
componentUpdateFn @ chunk-3VLAASFC.js?v=fb358534:7648
run @ chunk-3VLAASFC.js?v=fb358534:683
setupRenderEffect @ chunk-3VLAASFC.js?v=fb358534:7776
mountComponent @ chunk-3VLAASFC.js?v=fb358534:7550
processComponent @ chunk-3VLAASFC.js?v=fb358534:7502
patch @ chunk-3VLAASFC.js?v=fb358534:7016
componentUpdateFn @ chunk-3VLAASFC.js?v=fb358534:7648
run @ chunk-3VLAASFC.js?v=fb358534:683
setupRenderEffect @ chunk-3VLAASFC.js?v=fb358534:7776
mountComponent @ chunk-3VLAASFC.js?v=fb358534:7550
processComponent @ chunk-3VLAASFC.js?v=fb358534:7502
patch @ chunk-3VLAASFC.js?v=fb358534:7016
mountChildren @ chunk-3VLAASFC.js?v=fb358534:7250
mountElement @ chunk-3VLAASFC.js?v=fb358534:7173
processElement @ chunk-3VLAASFC.js?v=fb358534:7138
patch @ chunk-3VLAASFC.js?v=fb358534:7004
componentUpdateFn @ chunk-3VLAASFC.js?v=fb358534:7648
run @ chunk-3VLAASFC.js?v=fb358534:683
setupRenderEffect @ chunk-3VLAASFC.js?v=fb358534:7776
mountComponent @ chunk-3VLAASFC.js?v=fb358534:7550
processComponent @ chunk-3VLAASFC.js?v=fb358534:7502
patch @ chunk-3VLAASFC.js?v=fb358534:7016
mountChildren @ chunk-3VLAASFC.js?v=fb358534:7250
processFragment @ chunk-3VLAASFC.js?v=fb358534:7432
patch @ chunk-3VLAASFC.js?v=fb358534:6990
componentUpdateFn @ chunk-3VLAASFC.js?v=fb358534:7648
run @ chunk-3VLAASFC.js?v=fb358534:683
setupRenderEffect @ chunk-3VLAASFC.js?v=fb358534:7776
mountComponent @ chunk-3VLAASFC.js?v=fb358534:7550
processComponent @ chunk-3VLAASFC.js?v=fb358534:7502
patch @ chunk-3VLAASFC.js?v=fb358534:7016
componentUpdateFn @ chunk-3VLAASFC.js?v=fb358534:7728
run @ chunk-3VLAASFC.js?v=fb358534:683
runIfDirty @ chunk-3VLAASFC.js?v=fb358534:721
callWithErrorHandling @ chunk-3VLAASFC.js?v=fb358534:2467
flushJobs @ chunk-3VLAASFC.js?v=fb358534:2675
Promise.then
queueFlush @ chunk-3VLAASFC.js?v=fb358534:2589
queueJob @ chunk-3VLAASFC.js?v=fb358534:2584
effect2.scheduler @ chunk-3VLAASFC.js?v=fb358534:7770
trigger @ chunk-3VLAASFC.js?v=fb358534:711
endBatch @ chunk-3VLAASFC.js?v=fb358534:769
notify @ chunk-3VLAASFC.js?v=fb358534:1031
trigger @ chunk-3VLAASFC.js?v=fb358534:1005
set value @ chunk-3VLAASFC.js?v=fb358534:1877
swapComponent @ @inertiajs_vue3.js?v=fb358534:315
swap @ chunk-DTND7MSH.js?v=fb358534:9548
(anonymous) @ chunk-DTND7MSH.js?v=fb358534:9501
Promise.then
(anonymous) @ chunk-DTND7MSH.js?v=fb358534:9490
Promise.then
set @ chunk-DTND7MSH.js?v=fb358534:9481
setPage @ chunk-DTND7MSH.js?v=fb358534:10532
await in setPage
process @ chunk-DTND7MSH.js?v=fb358534:10459
await in process
(anonymous) @ chunk-DTND7MSH.js?v=fb358534:10444
processNext @ chunk-DTND7MSH.js?v=fb358534:9585
process @ chunk-DTND7MSH.js?v=fb358534:9577
add @ chunk-DTND7MSH.js?v=fb358534:9574
handle @ chunk-DTND7MSH.js?v=fb358534:10444
(anonymous) @ chunk-DTND7MSH.js?v=fb358534:10684
Promise.then
send @ chunk-DTND7MSH.js?v=fb358534:10682
send @ chunk-DTND7MSH.js?v=fb358534:10759
visit @ chunk-DTND7MSH.js?v=fb358534:10891
onClick @ Index.vue:453
callWithErrorHandling @ chunk-3VLAASFC.js?v=fb358534:2467
callWithAsyncErrorHandling @ chunk-3VLAASFC.js?v=fb358534:2474
invoker @ chunk-3VLAASFC.js?v=fb358534:11474
hook.js:608 [Vue warn]: Extraneous non-props attributes (suppliers) were passed to component but could not be automatically inherited because component renders fragment or text or teleport root nodes. 
  at <CreateRemove open=false categories= (85) [Proxy(Object), Proxy(Object), Proxy(Object), Proxy(Object), Proxy(Object), Proxy(Object), Proxy(Object), Proxy(Object), Proxy(Object), Proxy(Object), Proxy(Object), Proxy(Object), Proxy(Object), Proxy(Object), Proxy(Object), Proxy(Object), Proxy(Object), Proxy(Object), Proxy(Object), Proxy(Object), Proxy(Object), Proxy(Object), Proxy(Object), Proxy(Object), Proxy(Object), Proxy(Object), Proxy(Object), Proxy(Object), Proxy(Object), Proxy(Object), Proxy(Object), Proxy(Object), Proxy(Object), Proxy(Object), Proxy(Object), Proxy(Object), Proxy(Object), Proxy(Object), Proxy(Object), Proxy(Object), Proxy(Object), Proxy(Object), Proxy(Object), Proxy(Object), Proxy(Object), Proxy(Object), Proxy(Object), Proxy(Object), Proxy(Object), Proxy(Object), Proxy(Object), Proxy(Object), Proxy(Object), Proxy(Object), Proxy(Object), Proxy(Object), Proxy(Object), Proxy(Object), Proxy(Object), Proxy(Object), Proxy(Object), Proxy(Object), Proxy(Object), Proxy(Object), Proxy(Object), Proxy(Object), Proxy(Object), Proxy(Object), Proxy(Object), Proxy(Object), Proxy(Object), Proxy(Object), Proxy(Object), Proxy(Object), Proxy(Object), Proxy(Object), Proxy(Object), Proxy(Object), Proxy(Object), Proxy(Object), Proxy(Object), Proxy(Object), Proxy(Object), Proxy(Object), Proxy(Object)] suppliers= [{…}]  ... > 
  at <SidebarInset key=0 class="overflow-x-hidden" > 
  at <AppContent variant="sidebar" class="overflow-x-hidden" > 
  at <TooltipProvider delay-duration=0 > 
  at <SidebarProvider key=1 default-open=true > 
  at <AppShell variant="sidebar" > 
  at <AppSidebarLayout breadcrumbs= [{…}] > 
  at <VesselLayout breadcrumbs= [{…}] > 
  at <Index errors= {} name="Bindamy Mareas" quote= {message: 'Simplicity is an acquired taste.', author: 'Katharine Gerould'}  ... > 
  at <Inertia initialPage= {component: 'Dashboard', props: {…}, url: '/panel/WXeZLvG3jr93qO4wdxpVy/dashboard', version: 'd50b356bc2d9e83dfaaf654c38ae8e9b', clearHistory: false, …} initialComponent= {__name: 'Dashboard', props: {…}, __hmrId: '34521018', setup: ƒ, render: ƒ, …} resolveComponent=fn<resolveComponent>  ... > 
  at <App>
overrideMethod @ hook.js:608
warn$1 @ chunk-3VLAASFC.js?v=fb358534:2320
renderComponentRoot @ chunk-3VLAASFC.js?v=fb358534:8920
componentUpdateFn @ chunk-3VLAASFC.js?v=fb358534:7641
run @ chunk-3VLAASFC.js?v=fb358534:683
setupRenderEffect @ chunk-3VLAASFC.js?v=fb358534:7776
mountComponent @ chunk-3VLAASFC.js?v=fb358534:7550
processComponent @ chunk-3VLAASFC.js?v=fb358534:7502
patch @ chunk-3VLAASFC.js?v=fb358534:7016
mountChildren @ chunk-3VLAASFC.js?v=fb358534:7250
processFragment @ chunk-3VLAASFC.js?v=fb358534:7432
patch @ chunk-3VLAASFC.js?v=fb358534:6990
mountChildren @ chunk-3VLAASFC.js?v=fb358534:7250
processFragment @ chunk-3VLAASFC.js?v=fb358534:7432
patch @ chunk-3VLAASFC.js?v=fb358534:6990
mountChildren @ chunk-3VLAASFC.js?v=fb358534:7250
processFragment @ chunk-3VLAASFC.js?v=fb358534:7432
patch @ chunk-3VLAASFC.js?v=fb358534:6990
mountChildren @ chunk-3VLAASFC.js?v=fb358534:7250
processFragment @ chunk-3VLAASFC.js?v=fb358534:7432
patch @ chunk-3VLAASFC.js?v=fb358534:6990
mountChildren @ chunk-3VLAASFC.js?v=fb358534:7250
mountElement @ chunk-3VLAASFC.js?v=fb358534:7173
processElement @ chunk-3VLAASFC.js?v=fb358534:7138
patch @ chunk-3VLAASFC.js?v=fb358534:7004
componentUpdateFn @ chunk-3VLAASFC.js?v=fb358534:7648
run @ chunk-3VLAASFC.js?v=fb358534:683
setupRenderEffect @ chunk-3VLAASFC.js?v=fb358534:7776
mountComponent @ chunk-3VLAASFC.js?v=fb358534:7550
processComponent @ chunk-3VLAASFC.js?v=fb358534:7502
patch @ chunk-3VLAASFC.js?v=fb358534:7016
componentUpdateFn @ chunk-3VLAASFC.js?v=fb358534:7648
run @ chunk-3VLAASFC.js?v=fb358534:683
setupRenderEffect @ chunk-3VLAASFC.js?v=fb358534:7776
mountComponent @ chunk-3VLAASFC.js?v=fb358534:7550
processComponent @ chunk-3VLAASFC.js?v=fb358534:7502
patch @ chunk-3VLAASFC.js?v=fb358534:7016
mountChildren @ chunk-3VLAASFC.js?v=fb358534:7250
processFragment @ chunk-3VLAASFC.js?v=fb358534:7432
patch @ chunk-3VLAASFC.js?v=fb358534:6990
mountChildren @ chunk-3VLAASFC.js?v=fb358534:7250
processFragment @ chunk-3VLAASFC.js?v=fb358534:7432
patch @ chunk-3VLAASFC.js?v=fb358534:6990
mountChildren @ chunk-3VLAASFC.js?v=fb358534:7250
mountElement @ chunk-3VLAASFC.js?v=fb358534:7173
processElement @ chunk-3VLAASFC.js?v=fb358534:7138
patch @ chunk-3VLAASFC.js?v=fb358534:7004
mountChildren @ chunk-3VLAASFC.js?v=fb358534:7250
processFragment @ chunk-3VLAASFC.js?v=fb358534:7432
patch @ chunk-3VLAASFC.js?v=fb358534:6990
componentUpdateFn @ chunk-3VLAASFC.js?v=fb358534:7648
run @ chunk-3VLAASFC.js?v=fb358534:683
setupRenderEffect @ chunk-3VLAASFC.js?v=fb358534:7776
mountComponent @ chunk-3VLAASFC.js?v=fb358534:7550
processComponent @ chunk-3VLAASFC.js?v=fb358534:7502
patch @ chunk-3VLAASFC.js?v=fb358534:7016
componentUpdateFn @ chunk-3VLAASFC.js?v=fb358534:7648
run @ chunk-3VLAASFC.js?v=fb358534:683
setupRenderEffect @ chunk-3VLAASFC.js?v=fb358534:7776
mountComponent @ chunk-3VLAASFC.js?v=fb358534:7550
processComponent @ chunk-3VLAASFC.js?v=fb358534:7502
patch @ chunk-3VLAASFC.js?v=fb358534:7016
componentUpdateFn @ chunk-3VLAASFC.js?v=fb358534:7648
run @ chunk-3VLAASFC.js?v=fb358534:683
setupRenderEffect @ chunk-3VLAASFC.js?v=fb358534:7776
mountComponent @ chunk-3VLAASFC.js?v=fb358534:7550
processComponent @ chunk-3VLAASFC.js?v=fb358534:7502
patch @ chunk-3VLAASFC.js?v=fb358534:7016
componentUpdateFn @ chunk-3VLAASFC.js?v=fb358534:7648
run @ chunk-3VLAASFC.js?v=fb358534:683
setupRenderEffect @ chunk-3VLAASFC.js?v=fb358534:7776
mountComponent @ chunk-3VLAASFC.js?v=fb358534:7550
processComponent @ chunk-3VLAASFC.js?v=fb358534:7502
patch @ chunk-3VLAASFC.js?v=fb358534:7016
mountChildren @ chunk-3VLAASFC.js?v=fb358534:7250
mountElement @ chunk-3VLAASFC.js?v=fb358534:7173
processElement @ chunk-3VLAASFC.js?v=fb358534:7138
patch @ chunk-3VLAASFC.js?v=fb358534:7004
componentUpdateFn @ chunk-3VLAASFC.js?v=fb358534:7648
run @ chunk-3VLAASFC.js?v=fb358534:683
setupRenderEffect @ chunk-3VLAASFC.js?v=fb358534:7776
mountComponent @ chunk-3VLAASFC.js?v=fb358534:7550
processComponent @ chunk-3VLAASFC.js?v=fb358534:7502
patch @ chunk-3VLAASFC.js?v=fb358534:7016
mountChildren @ chunk-3VLAASFC.js?v=fb358534:7250
processFragment @ chunk-3VLAASFC.js?v=fb358534:7432
patch @ chunk-3VLAASFC.js?v=fb358534:6990
componentUpdateFn @ chunk-3VLAASFC.js?v=fb358534:7648
run @ chunk-3VLAASFC.js?v=fb358534:683
setupRenderEffect @ chunk-3VLAASFC.js?v=fb358534:7776
mountComponent @ chunk-3VLAASFC.js?v=fb358534:7550
processComponent @ chunk-3VLAASFC.js?v=fb358534:7502
patch @ chunk-3VLAASFC.js?v=fb358534:7016
componentUpdateFn @ chunk-3VLAASFC.js?v=fb358534:7728
run @ chunk-3VLAASFC.js?v=fb358534:683
runIfDirty @ chunk-3VLAASFC.js?v=fb358534:721
callWithErrorHandling @ chunk-3VLAASFC.js?v=fb358534:2467
flushJobs @ chunk-3VLAASFC.js?v=fb358534:2675
Promise.then
queueFlush @ chunk-3VLAASFC.js?v=fb358534:2589
queueJob @ chunk-3VLAASFC.js?v=fb358534:2584
effect2.scheduler @ chunk-3VLAASFC.js?v=fb358534:7770
trigger @ chunk-3VLAASFC.js?v=fb358534:711
endBatch @ chunk-3VLAASFC.js?v=fb358534:769
notify @ chunk-3VLAASFC.js?v=fb358534:1031
trigger @ chunk-3VLAASFC.js?v=fb358534:1005
set value @ chunk-3VLAASFC.js?v=fb358534:1877
swapComponent @ @inertiajs_vue3.js?v=fb358534:315
swap @ chunk-DTND7MSH.js?v=fb358534:9548
(anonymous) @ chunk-DTND7MSH.js?v=fb358534:9501
Promise.then
(anonymous) @ chunk-DTND7MSH.js?v=fb358534:9490
Promise.then
set @ chunk-DTND7MSH.js?v=fb358534:9481
setPage @ chunk-DTND7MSH.js?v=fb358534:10532
await in setPage
process @ chunk-DTND7MSH.js?v=fb358534:10459
await in process
(anonymous) @ chunk-DTND7MSH.js?v=fb358534:10444
processNext @ chunk-DTND7MSH.js?v=fb358534:9585
process @ chunk-DTND7MSH.js?v=fb358534:9577
add @ chunk-DTND7MSH.js?v=fb358534:9574
handle @ chunk-DTND7MSH.js?v=fb358534:10444
(anonymous) @ chunk-DTND7MSH.js?v=fb358534:10684
Promise.then
send @ chunk-DTND7MSH.js?v=fb358534:10682
send @ chunk-DTND7MSH.js?v=fb358534:10759
visit @ chunk-DTND7MSH.js?v=fb358534:10891
onClick @ @inertiajs_vue3.js?v=fb358534:983
(anonymous) @ chunk-3VLAASFC.js?v=fb358534:11503
callWithErrorHandling @ chunk-3VLAASFC.js?v=fb358534:2467
callWithAsyncErrorHandling @ chunk-3VLAASFC.js?v=fb358534:2474
callWithAsyncErrorHandling @ chunk-3VLAASFC.js?v=fb358534:2485
invoker @ chunk-3VLAASFC.js?v=fb358534:11474
Index.vue:196 [intlify] Not found 'Edit Member' key in 'pt' locale messages.
overrideMethod @ hook.js:608
warn @ vue-i18n.js?v=fb358534:24
handleMissing @ vue-i18n.js?v=fb358534:2724
resolveMessageFormat @ vue-i18n.js?v=fb358534:3046
translate @ vue-i18n.js?v=fb358534:2924
(anonymous) @ vue-i18n.js?v=fb358534:4120
wrapWithDeps @ vue-i18n.js?v=fb358534:4081
t @ vue-i18n.js?v=fb358534:4120
(anonymous) @ Index.vue:196
refreshComputed @ chunk-3VLAASFC.js?v=fb358534:837
get value @ chunk-3VLAASFC.js?v=fb358534:2032
unref @ chunk-3VLAASFC.js?v=fb358534:1905
get @ chunk-3VLAASFC.js?v=fb358534:1911
(anonymous) @ Index.vue:635
renderFnWithContext @ chunk-3VLAASFC.js?v=fb358534:2967
renderSlot @ chunk-3VLAASFC.js?v=fb358534:5290
(anonymous) @ VesselLayout.vue:5
renderFnWithContext @ chunk-3VLAASFC.js?v=fb358534:2967
renderSlot @ chunk-3VLAASFC.js?v=fb358534:5290
(anonymous) @ AppSidebarLayout.vue:23
renderFnWithContext @ chunk-3VLAASFC.js?v=fb358534:2967
renderSlot @ chunk-3VLAASFC.js?v=fb358534:5290
(anonymous) @ AppContent.vue:16
renderFnWithContext @ chunk-3VLAASFC.js?v=fb358534:2967
renderSlot @ chunk-3VLAASFC.js?v=fb358534:5290
_sfc_render @ SidebarInset.vue:19
renderComponentRoot @ chunk-3VLAASFC.js?v=fb358534:8849
componentUpdateFn @ chunk-3VLAASFC.js?v=fb358534:7641
run @ chunk-3VLAASFC.js?v=fb358534:683
setupRenderEffect @ chunk-3VLAASFC.js?v=fb358534:7776
mountComponent @ chunk-3VLAASFC.js?v=fb358534:7550
processComponent @ chunk-3VLAASFC.js?v=fb358534:7502
patch @ chunk-3VLAASFC.js?v=fb358534:7016
componentUpdateFn @ chunk-3VLAASFC.js?v=fb358534:7648
run @ chunk-3VLAASFC.js?v=fb358534:683
setupRenderEffect @ chunk-3VLAASFC.js?v=fb358534:7776
mountComponent @ chunk-3VLAASFC.js?v=fb358534:7550
processComponent @ chunk-3VLAASFC.js?v=fb358534:7502
patch @ chunk-3VLAASFC.js?v=fb358534:7016
mountChildren @ chunk-3VLAASFC.js?v=fb358534:7250
processFragment @ chunk-3VLAASFC.js?v=fb358534:7432
patch @ chunk-3VLAASFC.js?v=fb358534:6990
mountChildren @ chunk-3VLAASFC.js?v=fb358534:7250
processFragment @ chunk-3VLAASFC.js?v=fb358534:7432
patch @ chunk-3VLAASFC.js?v=fb358534:6990
mountChildren @ chunk-3VLAASFC.js?v=fb358534:7250
mountElement @ chunk-3VLAASFC.js?v=fb358534:7173
processElement @ chunk-3VLAASFC.js?v=fb358534:7138
patch @ chunk-3VLAASFC.js?v=fb358534:7004
mountChildren @ chunk-3VLAASFC.js?v=fb358534:7250
processFragment @ chunk-3VLAASFC.js?v=fb358534:7432
patch @ chunk-3VLAASFC.js?v=fb358534:6990
componentUpdateFn @ chunk-3VLAASFC.js?v=fb358534:7648
run @ chunk-3VLAASFC.js?v=fb358534:683
setupRenderEffect @ chunk-3VLAASFC.js?v=fb358534:7776
mountComponent @ chunk-3VLAASFC.js?v=fb358534:7550
processComponent @ chunk-3VLAASFC.js?v=fb358534:7502
patch @ chunk-3VLAASFC.js?v=fb358534:7016
componentUpdateFn @ chunk-3VLAASFC.js?v=fb358534:7648
run @ chunk-3VLAASFC.js?v=fb358534:683
setupRenderEffect @ chunk-3VLAASFC.js?v=fb358534:7776
mountComponent @ chunk-3VLAASFC.js?v=fb358534:7550
processComponent @ chunk-3VLAASFC.js?v=fb358534:7502
patch @ chunk-3VLAASFC.js?v=fb358534:7016
componentUpdateFn @ chunk-3VLAASFC.js?v=fb358534:7648
run @ chunk-3VLAASFC.js?v=fb358534:683
setupRenderEffect @ chunk-3VLAASFC.js?v=fb358534:7776
mountComponent @ chunk-3VLAASFC.js?v=fb358534:7550
processComponent @ chunk-3VLAASFC.js?v=fb358534:7502
patch @ chunk-3VLAASFC.js?v=fb358534:7016
componentUpdateFn @ chunk-3VLAASFC.js?v=fb358534:7648
run @ chunk-3VLAASFC.js?v=fb358534:683
setupRenderEffect @ chunk-3VLAASFC.js?v=fb358534:7776
mountComponent @ chunk-3VLAASFC.js?v=fb358534:7550
processComponent @ chunk-3VLAASFC.js?v=fb358534:7502
patch @ chunk-3VLAASFC.js?v=fb358534:7016
mountChildren @ chunk-3VLAASFC.js?v=fb358534:7250
mountElement @ chunk-3VLAASFC.js?v=fb358534:7173
processElement @ chunk-3VLAASFC.js?v=fb358534:7138
patch @ chunk-3VLAASFC.js?v=fb358534:7004
componentUpdateFn @ chunk-3VLAASFC.js?v=fb358534:7648
run @ chunk-3VLAASFC.js?v=fb358534:683
setupRenderEffect @ chunk-3VLAASFC.js?v=fb358534:7776
mountComponent @ chunk-3VLAASFC.js?v=fb358534:7550
processComponent @ chunk-3VLAASFC.js?v=fb358534:7502
patch @ chunk-3VLAASFC.js?v=fb358534:7016
mountChildren @ chunk-3VLAASFC.js?v=fb358534:7250
processFragment @ chunk-3VLAASFC.js?v=fb358534:7432
patch @ chunk-3VLAASFC.js?v=fb358534:6990
componentUpdateFn @ chunk-3VLAASFC.js?v=fb358534:7648
run @ chunk-3VLAASFC.js?v=fb358534:683
setupRenderEffect @ chunk-3VLAASFC.js?v=fb358534:7776
mountComponent @ chunk-3VLAASFC.js?v=fb358534:7550
processComponent @ chunk-3VLAASFC.js?v=fb358534:7502
patch @ chunk-3VLAASFC.js?v=fb358534:7016
componentUpdateFn @ chunk-3VLAASFC.js?v=fb358534:7728
run @ chunk-3VLAASFC.js?v=fb358534:683
runIfDirty @ chunk-3VLAASFC.js?v=fb358534:721
callWithErrorHandling @ chunk-3VLAASFC.js?v=fb358534:2467
flushJobs @ chunk-3VLAASFC.js?v=fb358534:2675
Promise.then
queueFlush @ chunk-3VLAASFC.js?v=fb358534:2589
queueJob @ chunk-3VLAASFC.js?v=fb358534:2584
effect2.scheduler @ chunk-3VLAASFC.js?v=fb358534:7770
trigger @ chunk-3VLAASFC.js?v=fb358534:711
endBatch @ chunk-3VLAASFC.js?v=fb358534:769
notify @ chunk-3VLAASFC.js?v=fb358534:1031
trigger @ chunk-3VLAASFC.js?v=fb358534:1005
set value @ chunk-3VLAASFC.js?v=fb358534:1877
swapComponent @ @inertiajs_vue3.js?v=fb358534:315
swap @ chunk-DTND7MSH.js?v=fb358534:9548
(anonymous) @ chunk-DTND7MSH.js?v=fb358534:9501
Promise.then
(anonymous) @ chunk-DTND7MSH.js?v=fb358534:9490
Promise.then
set @ chunk-DTND7MSH.js?v=fb358534:9481
setPage @ chunk-DTND7MSH.js?v=fb358534:10532
await in setPage
process @ chunk-DTND7MSH.js?v=fb358534:10459
await in process
(anonymous) @ chunk-DTND7MSH.js?v=fb358534:10444
processNext @ chunk-DTND7MSH.js?v=fb358534:9585
process @ chunk-DTND7MSH.js?v=fb358534:9577
add @ chunk-DTND7MSH.js?v=fb358534:9574
handle @ chunk-DTND7MSH.js?v=fb358534:10444
(anonymous) @ chunk-DTND7MSH.js?v=fb358534:10684
Promise.then
send @ chunk-DTND7MSH.js?v=fb358534:10682
send @ chunk-DTND7MSH.js?v=fb358534:10759
visit @ chunk-DTND7MSH.js?v=fb358534:10891
onClick @ @inertiajs_vue3.js?v=fb358534:983
(anonymous) @ chunk-3VLAASFC.js?v=fb358534:11503
callWithErrorHandling @ chunk-3VLAASFC.js?v=fb358534:2467
callWithAsyncErrorHandling @ chunk-3VLAASFC.js?v=fb358534:2474
callWithAsyncErrorHandling @ chunk-3VLAASFC.js?v=fb358534:2485
invoker @ chunk-3VLAASFC.js?v=fb358534:11474
Index.vue:196 [intlify] Fall back to translate 'Edit Member' key with 'en' locale.
overrideMethod @ hook.js:608
warn @ vue-i18n.js?v=fb358534:24
resolveMessageFormat @ vue-i18n.js?v=fb358534:2995
translate @ vue-i18n.js?v=fb358534:2924
(anonymous) @ vue-i18n.js?v=fb358534:4120
wrapWithDeps @ vue-i18n.js?v=fb358534:4081
t @ vue-i18n.js?v=fb358534:4120
(anonymous) @ Index.vue:196
refreshComputed @ chunk-3VLAASFC.js?v=fb358534:837
get value @ chunk-3VLAASFC.js?v=fb358534:2032
unref @ chunk-3VLAASFC.js?v=fb358534:1905
get @ chunk-3VLAASFC.js?v=fb358534:1911
(anonymous) @ Index.vue:635
renderFnWithContext @ chunk-3VLAASFC.js?v=fb358534:2967
renderSlot @ chunk-3VLAASFC.js?v=fb358534:5290
(anonymous) @ VesselLayout.vue:5
renderFnWithContext @ chunk-3VLAASFC.js?v=fb358534:2967
renderSlot @ chunk-3VLAASFC.js?v=fb358534:5290
(anonymous) @ AppSidebarLayout.vue:23
renderFnWithContext @ chunk-3VLAASFC.js?v=fb358534:2967
renderSlot @ chunk-3VLAASFC.js?v=fb358534:5290
(anonymous) @ AppContent.vue:16
renderFnWithContext @ chunk-3VLAASFC.js?v=fb358534:2967
renderSlot @ chunk-3VLAASFC.js?v=fb358534:5290
_sfc_render @ SidebarInset.vue:19
renderComponentRoot @ chunk-3VLAASFC.js?v=fb358534:8849
componentUpdateFn @ chunk-3VLAASFC.js?v=fb358534:7641
run @ chunk-3VLAASFC.js?v=fb358534:683
setupRenderEffect @ chunk-3VLAASFC.js?v=fb358534:7776
mountComponent @ chunk-3VLAASFC.js?v=fb358534:7550
processComponent @ chunk-3VLAASFC.js?v=fb358534:7502
patch @ chunk-3VLAASFC.js?v=fb358534:7016
componentUpdateFn @ chunk-3VLAASFC.js?v=fb358534:7648
run @ chunk-3VLAASFC.js?v=fb358534:683
setupRenderEffect @ chunk-3VLAASFC.js?v=fb358534:7776
mountComponent @ chunk-3VLAASFC.js?v=fb358534:7550
processComponent @ chunk-3VLAASFC.js?v=fb358534:7502
patch @ chunk-3VLAASFC.js?v=fb358534:7016
mountChildren @ chunk-3VLAASFC.js?v=fb358534:7250
processFragment @ chunk-3VLAASFC.js?v=fb358534:7432
patch @ chunk-3VLAASFC.js?v=fb358534:6990
mountChildren @ chunk-3VLAASFC.js?v=fb358534:7250
processFragment @ chunk-3VLAASFC.js?v=fb358534:7432
patch @ chunk-3VLAASFC.js?v=fb358534:6990
mountChildren @ chunk-3VLAASFC.js?v=fb358534:7250
mountElement @ chunk-3VLAASFC.js?v=fb358534:7173
processElement @ chunk-3VLAASFC.js?v=fb358534:7138
patch @ chunk-3VLAASFC.js?v=fb358534:7004
mountChildren @ chunk-3VLAASFC.js?v=fb358534:7250
processFragment @ chunk-3VLAASFC.js?v=fb358534:7432
patch @ chunk-3VLAASFC.js?v=fb358534:6990
componentUpdateFn @ chunk-3VLAASFC.js?v=fb358534:7648
run @ chunk-3VLAASFC.js?v=fb358534:683
setupRenderEffect @ chunk-3VLAASFC.js?v=fb358534:7776
mountComponent @ chunk-3VLAASFC.js?v=fb358534:7550
processComponent @ chunk-3VLAASFC.js?v=fb358534:7502
patch @ chunk-3VLAASFC.js?v=fb358534:7016
componentUpdateFn @ chunk-3VLAASFC.js?v=fb358534:7648
run @ chunk-3VLAASFC.js?v=fb358534:683
setupRenderEffect @ chunk-3VLAASFC.js?v=fb358534:7776
mountComponent @ chunk-3VLAASFC.js?v=fb358534:7550
processComponent @ chunk-3VLAASFC.js?v=fb358534:7502
patch @ chunk-3VLAASFC.js?v=fb358534:7016
componentUpdateFn @ chunk-3VLAASFC.js?v=fb358534:7648
run @ chunk-3VLAASFC.js?v=fb358534:683
setupRenderEffect @ chunk-3VLAASFC.js?v=fb358534:7776
mountComponent @ chunk-3VLAASFC.js?v=fb358534:7550
processComponent @ chunk-3VLAASFC.js?v=fb358534:7502
patch @ chunk-3VLAASFC.js?v=fb358534:7016
componentUpdateFn @ chunk-3VLAASFC.js?v=fb358534:7648
run @ chunk-3VLAASFC.js?v=fb358534:683
setupRenderEffect @ chunk-3VLAASFC.js?v=fb358534:7776
mountComponent @ chunk-3VLAASFC.js?v=fb358534:7550
processComponent @ chunk-3VLAASFC.js?v=fb358534:7502
patch @ chunk-3VLAASFC.js?v=fb358534:7016
mountChildren @ chunk-3VLAASFC.js?v=fb358534:7250
mountElement @ chunk-3VLAASFC.js?v=fb358534:7173
processElement @ chunk-3VLAASFC.js?v=fb358534:7138
patch @ chunk-3VLAASFC.js?v=fb358534:7004
componentUpdateFn @ chunk-3VLAASFC.js?v=fb358534:7648
run @ chunk-3VLAASFC.js?v=fb358534:683
setupRenderEffect @ chunk-3VLAASFC.js?v=fb358534:7776
mountComponent @ chunk-3VLAASFC.js?v=fb358534:7550
processComponent @ chunk-3VLAASFC.js?v=fb358534:7502
patch @ chunk-3VLAASFC.js?v=fb358534:7016
mountChildren @ chunk-3VLAASFC.js?v=fb358534:7250
processFragment @ chunk-3VLAASFC.js?v=fb358534:7432
patch @ chunk-3VLAASFC.js?v=fb358534:6990
componentUpdateFn @ chunk-3VLAASFC.js?v=fb358534:7648
run @ chunk-3VLAASFC.js?v=fb358534:683
setupRenderEffect @ chunk-3VLAASFC.js?v=fb358534:7776
mountComponent @ chunk-3VLAASFC.js?v=fb358534:7550
processComponent @ chunk-3VLAASFC.js?v=fb358534:7502
patch @ chunk-3VLAASFC.js?v=fb358534:7016
componentUpdateFn @ chunk-3VLAASFC.js?v=fb358534:7728
run @ chunk-3VLAASFC.js?v=fb358534:683
runIfDirty @ chunk-3VLAASFC.js?v=fb358534:721
callWithErrorHandling @ chunk-3VLAASFC.js?v=fb358534:2467
flushJobs @ chunk-3VLAASFC.js?v=fb358534:2675
Promise.then
queueFlush @ chunk-3VLAASFC.js?v=fb358534:2589
queueJob @ chunk-3VLAASFC.js?v=fb358534:2584
effect2.scheduler @ chunk-3VLAASFC.js?v=fb358534:7770
trigger @ chunk-3VLAASFC.js?v=fb358534:711
endBatch @ chunk-3VLAASFC.js?v=fb358534:769
notify @ chunk-3VLAASFC.js?v=fb358534:1031
trigger @ chunk-3VLAASFC.js?v=fb358534:1005
set value @ chunk-3VLAASFC.js?v=fb358534:1877
swapComponent @ @inertiajs_vue3.js?v=fb358534:315
swap @ chunk-DTND7MSH.js?v=fb358534:9548
(anonymous) @ chunk-DTND7MSH.js?v=fb358534:9501
Promise.then
(anonymous) @ chunk-DTND7MSH.js?v=fb358534:9490
Promise.then
set @ chunk-DTND7MSH.js?v=fb358534:9481
setPage @ chunk-DTND7MSH.js?v=fb358534:10532
await in setPage
process @ chunk-DTND7MSH.js?v=fb358534:10459
await in process
(anonymous) @ chunk-DTND7MSH.js?v=fb358534:10444
processNext @ chunk-DTND7MSH.js?v=fb358534:9585
process @ chunk-DTND7MSH.js?v=fb358534:9577
add @ chunk-DTND7MSH.js?v=fb358534:9574
handle @ chunk-DTND7MSH.js?v=fb358534:10444
(anonymous) @ chunk-DTND7MSH.js?v=fb358534:10684
Promise.then
send @ chunk-DTND7MSH.js?v=fb358534:10682
send @ chunk-DTND7MSH.js?v=fb358534:10759
visit @ chunk-DTND7MSH.js?v=fb358534:10891
onClick @ @inertiajs_vue3.js?v=fb358534:983
(anonymous) @ chunk-3VLAASFC.js?v=fb358534:11503
callWithErrorHandling @ chunk-3VLAASFC.js?v=fb358534:2467
callWithAsyncErrorHandling @ chunk-3VLAASFC.js?v=fb358534:2474
callWithAsyncErrorHandling @ chunk-3VLAASFC.js?v=fb358534:2485
invoker @ chunk-3VLAASFC.js?v=fb358534:11474
Index.vue:204 [intlify] Not found 'Delete Member' key in 'pt' locale messages.
overrideMethod @ hook.js:608
warn @ vue-i18n.js?v=fb358534:24
handleMissing @ vue-i18n.js?v=fb358534:2724
resolveMessageFormat @ vue-i18n.js?v=fb358534:3046
translate @ vue-i18n.js?v=fb358534:2924
(anonymous) @ vue-i18n.js?v=fb358534:4120
wrapWithDeps @ vue-i18n.js?v=fb358534:4081
t @ vue-i18n.js?v=fb358534:4120
(anonymous) @ Index.vue:204
refreshComputed @ chunk-3VLAASFC.js?v=fb358534:837
get value @ chunk-3VLAASFC.js?v=fb358534:2032
unref @ chunk-3VLAASFC.js?v=fb358534:1905
get @ chunk-3VLAASFC.js?v=fb358534:1911
(anonymous) @ Index.vue:635
renderFnWithContext @ chunk-3VLAASFC.js?v=fb358534:2967
renderSlot @ chunk-3VLAASFC.js?v=fb358534:5290
(anonymous) @ VesselLayout.vue:5
renderFnWithContext @ chunk-3VLAASFC.js?v=fb358534:2967
renderSlot @ chunk-3VLAASFC.js?v=fb358534:5290
(anonymous) @ AppSidebarLayout.vue:23
renderFnWithContext @ chunk-3VLAASFC.js?v=fb358534:2967
renderSlot @ chunk-3VLAASFC.js?v=fb358534:5290
(anonymous) @ AppContent.vue:16
renderFnWithContext @ chunk-3VLAASFC.js?v=fb358534:2967
renderSlot @ chunk-3VLAASFC.js?v=fb358534:5290
_sfc_render @ SidebarInset.vue:19
renderComponentRoot @ chunk-3VLAASFC.js?v=fb358534:8849
componentUpdateFn @ chunk-3VLAASFC.js?v=fb358534:7641
run @ chunk-3VLAASFC.js?v=fb358534:683
setupRenderEffect @ chunk-3VLAASFC.js?v=fb358534:7776
mountComponent @ chunk-3VLAASFC.js?v=fb358534:7550
processComponent @ chunk-3VLAASFC.js?v=fb358534:7502
patch @ chunk-3VLAASFC.js?v=fb358534:7016
componentUpdateFn @ chunk-3VLAASFC.js?v=fb358534:7648
run @ chunk-3VLAASFC.js?v=fb358534:683
setupRenderEffect @ chunk-3VLAASFC.js?v=fb358534:7776
mountComponent @ chunk-3VLAASFC.js?v=fb358534:7550
processComponent @ chunk-3VLAASFC.js?v=fb358534:7502
patch @ chunk-3VLAASFC.js?v=fb358534:7016
mountChildren @ chunk-3VLAASFC.js?v=fb358534:7250
processFragment @ chunk-3VLAASFC.js?v=fb358534:7432
patch @ chunk-3VLAASFC.js?v=fb358534:6990
mountChildren @ chunk-3VLAASFC.js?v=fb358534:7250
processFragment @ chunk-3VLAASFC.js?v=fb358534:7432
patch @ chunk-3VLAASFC.js?v=fb358534:6990
mountChildren @ chunk-3VLAASFC.js?v=fb358534:7250
mountElement @ chunk-3VLAASFC.js?v=fb358534:7173
processElement @ chunk-3VLAASFC.js?v=fb358534:7138
patch @ chunk-3VLAASFC.js?v=fb358534:7004
mountChildren @ chunk-3VLAASFC.js?v=fb358534:7250
processFragment @ chunk-3VLAASFC.js?v=fb358534:7432
patch @ chunk-3VLAASFC.js?v=fb358534:6990
componentUpdateFn @ chunk-3VLAASFC.js?v=fb358534:7648
run @ chunk-3VLAASFC.js?v=fb358534:683
setupRenderEffect @ chunk-3VLAASFC.js?v=fb358534:7776
mountComponent @ chunk-3VLAASFC.js?v=fb358534:7550
processComponent @ chunk-3VLAASFC.js?v=fb358534:7502
patch @ chunk-3VLAASFC.js?v=fb358534:7016
componentUpdateFn @ chunk-3VLAASFC.js?v=fb358534:7648
run @ chunk-3VLAASFC.js?v=fb358534:683
setupRenderEffect @ chunk-3VLAASFC.js?v=fb358534:7776
mountComponent @ chunk-3VLAASFC.js?v=fb358534:7550
processComponent @ chunk-3VLAASFC.js?v=fb358534:7502
patch @ chunk-3VLAASFC.js?v=fb358534:7016
componentUpdateFn @ chunk-3VLAASFC.js?v=fb358534:7648
run @ chunk-3VLAASFC.js?v=fb358534:683
setupRenderEffect @ chunk-3VLAASFC.js?v=fb358534:7776
mountComponent @ chunk-3VLAASFC.js?v=fb358534:7550
processComponent @ chunk-3VLAASFC.js?v=fb358534:7502
patch @ chunk-3VLAASFC.js?v=fb358534:7016
componentUpdateFn @ chunk-3VLAASFC.js?v=fb358534:7648
run @ chunk-3VLAASFC.js?v=fb358534:683
setupRenderEffect @ chunk-3VLAASFC.js?v=fb358534:7776
mountComponent @ chunk-3VLAASFC.js?v=fb358534:7550
processComponent @ chunk-3VLAASFC.js?v=fb358534:7502
patch @ chunk-3VLAASFC.js?v=fb358534:7016
mountChildren @ chunk-3VLAASFC.js?v=fb358534:7250
mountElement @ chunk-3VLAASFC.js?v=fb358534:7173
processElement @ chunk-3VLAASFC.js?v=fb358534:7138
patch @ chunk-3VLAASFC.js?v=fb358534:7004
componentUpdateFn @ chunk-3VLAASFC.js?v=fb358534:7648
run @ chunk-3VLAASFC.js?v=fb358534:683
setupRenderEffect @ chunk-3VLAASFC.js?v=fb358534:7776
mountComponent @ chunk-3VLAASFC.js?v=fb358534:7550
processComponent @ chunk-3VLAASFC.js?v=fb358534:7502
patch @ chunk-3VLAASFC.js?v=fb358534:7016
mountChildren @ chunk-3VLAASFC.js?v=fb358534:7250
processFragment @ chunk-3VLAASFC.js?v=fb358534:7432
patch @ chunk-3VLAASFC.js?v=fb358534:6990
componentUpdateFn @ chunk-3VLAASFC.js?v=fb358534:7648
run @ chunk-3VLAASFC.js?v=fb358534:683
setupRenderEffect @ chunk-3VLAASFC.js?v=fb358534:7776
mountComponent @ chunk-3VLAASFC.js?v=fb358534:7550
processComponent @ chunk-3VLAASFC.js?v=fb358534:7502
patch @ chunk-3VLAASFC.js?v=fb358534:7016
componentUpdateFn @ chunk-3VLAASFC.js?v=fb358534:7728
run @ chunk-3VLAASFC.js?v=fb358534:683
runIfDirty @ chunk-3VLAASFC.js?v=fb358534:721
callWithErrorHandling @ chunk-3VLAASFC.js?v=fb358534:2467
flushJobs @ chunk-3VLAASFC.js?v=fb358534:2675
Promise.then
queueFlush @ chunk-3VLAASFC.js?v=fb358534:2589
queueJob @ chunk-3VLAASFC.js?v=fb358534:2584
effect2.scheduler @ chunk-3VLAASFC.js?v=fb358534:7770
trigger @ chunk-3VLAASFC.js?v=fb358534:711
endBatch @ chunk-3VLAASFC.js?v=fb358534:769
notify @ chunk-3VLAASFC.js?v=fb358534:1031
trigger @ chunk-3VLAASFC.js?v=fb358534:1005
set value @ chunk-3VLAASFC.js?v=fb358534:1877
swapComponent @ @inertiajs_vue3.js?v=fb358534:315
swap @ chunk-DTND7MSH.js?v=fb358534:9548
(anonymous) @ chunk-DTND7MSH.js?v=fb358534:9501
Promise.then
(anonymous) @ chunk-DTND7MSH.js?v=fb358534:9490
Promise.then
set @ chunk-DTND7MSH.js?v=fb358534:9481
setPage @ chunk-DTND7MSH.js?v=fb358534:10532
await in setPage
process @ chunk-DTND7MSH.js?v=fb358534:10459
await in process
(anonymous) @ chunk-DTND7MSH.js?v=fb358534:10444
processNext @ chunk-DTND7MSH.js?v=fb358534:9585
process @ chunk-DTND7MSH.js?v=fb358534:9577
add @ chunk-DTND7MSH.js?v=fb358534:9574
handle @ chunk-DTND7MSH.js?v=fb358534:10444
(anonymous) @ chunk-DTND7MSH.js?v=fb358534:10684
Promise.then
send @ chunk-DTND7MSH.js?v=fb358534:10682
send @ chunk-DTND7MSH.js?v=fb358534:10759
visit @ chunk-DTND7MSH.js?v=fb358534:10891
onClick @ @inertiajs_vue3.js?v=fb358534:983
(anonymous) @ chunk-3VLAASFC.js?v=fb358534:11503
callWithErrorHandling @ chunk-3VLAASFC.js?v=fb358534:2467
callWithAsyncErrorHandling @ chunk-3VLAASFC.js?v=fb358534:2474
callWithAsyncErrorHandling @ chunk-3VLAASFC.js?v=fb358534:2485
invoker @ chunk-3VLAASFC.js?v=fb358534:11474
Index.vue:204 [intlify] Fall back to translate 'Delete Member' key with 'en' locale.
overrideMethod @ hook.js:608
warn @ vue-i18n.js?v=fb358534:24
resolveMessageFormat @ vue-i18n.js?v=fb358534:2995
translate @ vue-i18n.js?v=fb358534:2924
(anonymous) @ vue-i18n.js?v=fb358534:4120
wrapWithDeps @ vue-i18n.js?v=fb358534:4081
t @ vue-i18n.js?v=fb358534:4120
(anonymous) @ Index.vue:204
refreshComputed @ chunk-3VLAASFC.js?v=fb358534:837
get value @ chunk-3VLAASFC.js?v=fb358534:2032
unref @ chunk-3VLAASFC.js?v=fb358534:1905
get @ chunk-3VLAASFC.js?v=fb358534:1911
(anonymous) @ Index.vue:635
renderFnWithContext @ chunk-3VLAASFC.js?v=fb358534:2967
renderSlot @ chunk-3VLAASFC.js?v=fb358534:5290
(anonymous) @ VesselLayout.vue:5
renderFnWithContext @ chunk-3VLAASFC.js?v=fb358534:2967
renderSlot @ chunk-3VLAASFC.js?v=fb358534:5290
(anonymous) @ AppSidebarLayout.vue:23
renderFnWithContext @ chunk-3VLAASFC.js?v=fb358534:2967
renderSlot @ chunk-3VLAASFC.js?v=fb358534:5290
(anonymous) @ AppContent.vue:16
renderFnWithContext @ chunk-3VLAASFC.js?v=fb358534:2967
renderSlot @ chunk-3VLAASFC.js?v=fb358534:5290
_sfc_render @ SidebarInset.vue:19
renderComponentRoot @ chunk-3VLAASFC.js?v=fb358534:8849
componentUpdateFn @ chunk-3VLAASFC.js?v=fb358534:7641
run @ chunk-3VLAASFC.js?v=fb358534:683
setupRenderEffect @ chunk-3VLAASFC.js?v=fb358534:7776
mountComponent @ chunk-3VLAASFC.js?v=fb358534:7550
processComponent @ chunk-3VLAASFC.js?v=fb358534:7502
patch @ chunk-3VLAASFC.js?v=fb358534:7016
componentUpdateFn @ chunk-3VLAASFC.js?v=fb358534:7648
run @ chunk-3VLAASFC.js?v=fb358534:683
setupRenderEffect @ chunk-3VLAASFC.js?v=fb358534:7776
mountComponent @ chunk-3VLAASFC.js?v=fb358534:7550
processComponent @ chunk-3VLAASFC.js?v=fb358534:7502
patch @ chunk-3VLAASFC.js?v=fb358534:7016
mountChildren @ chunk-3VLAASFC.js?v=fb358534:7250
processFragment @ chunk-3VLAASFC.js?v=fb358534:7432
patch @ chunk-3VLAASFC.js?v=fb358534:6990
mountChildren @ chunk-3VLAASFC.js?v=fb358534:7250
processFragment @ chunk-3VLAASFC.js?v=fb358534:7432
patch @ chunk-3VLAASFC.js?v=fb358534:6990
mountChildren @ chunk-3VLAASFC.js?v=fb358534:7250
mountElement @ chunk-3VLAASFC.js?v=fb358534:7173
processElement @ chunk-3VLAASFC.js?v=fb358534:7138
patch @ chunk-3VLAASFC.js?v=fb358534:7004
mountChildren @ chunk-3VLAASFC.js?v=fb358534:7250
processFragment @ chunk-3VLAASFC.js?v=fb358534:7432
patch @ chunk-3VLAASFC.js?v=fb358534:6990
componentUpdateFn @ chunk-3VLAASFC.js?v=fb358534:7648
run @ chunk-3VLAASFC.js?v=fb358534:683
setupRenderEffect @ chunk-3VLAASFC.js?v=fb358534:7776
mountComponent @ chunk-3VLAASFC.js?v=fb358534:7550
processComponent @ chunk-3VLAASFC.js?v=fb358534:7502
patch @ chunk-3VLAASFC.js?v=fb358534:7016
componentUpdateFn @ chunk-3VLAASFC.js?v=fb358534:7648
run @ chunk-3VLAASFC.js?v=fb358534:683
setupRenderEffect @ chunk-3VLAASFC.js?v=fb358534:7776
mountComponent @ chunk-3VLAASFC.js?v=fb358534:7550
processComponent @ chunk-3VLAASFC.js?v=fb358534:7502
patch @ chunk-3VLAASFC.js?v=fb358534:7016
componentUpdateFn @ chunk-3VLAASFC.js?v=fb358534:7648
run @ chunk-3VLAASFC.js?v=fb358534:683
setupRenderEffect @ chunk-3VLAASFC.js?v=fb358534:7776
mountComponent @ chunk-3VLAASFC.js?v=fb358534:7550
processComponent @ chunk-3VLAASFC.js?v=fb358534:7502
patch @ chunk-3VLAASFC.js?v=fb358534:7016
componentUpdateFn @ chunk-3VLAASFC.js?v=fb358534:7648
run @ chunk-3VLAASFC.js?v=fb358534:683
setupRenderEffect @ chunk-3VLAASFC.js?v=fb358534:7776
mountComponent @ chunk-3VLAASFC.js?v=fb358534:7550
processComponent @ chunk-3VLAASFC.js?v=fb358534:7502
patch @ chunk-3VLAASFC.js?v=fb358534:7016
mountChildren @ chunk-3VLAASFC.js?v=fb358534:7250
mountElement @ chunk-3VLAASFC.js?v=fb358534:7173
processElement @ chunk-3VLAASFC.js?v=fb358534:7138
patch @ chunk-3VLAASFC.js?v=fb358534:7004
componentUpdateFn @ chunk-3VLAASFC.js?v=fb358534:7648
run @ chunk-3VLAASFC.js?v=fb358534:683
setupRenderEffect @ chunk-3VLAASFC.js?v=fb358534:7776
mountComponent @ chunk-3VLAASFC.js?v=fb358534:7550
processComponent @ chunk-3VLAASFC.js?v=fb358534:7502
patch @ chunk-3VLAASFC.js?v=fb358534:7016
mountChildren @ chunk-3VLAASFC.js?v=fb358534:7250
processFragment @ chunk-3VLAASFC.js?v=fb358534:7432
patch @ chunk-3VLAASFC.js?v=fb358534:6990
componentUpdateFn @ chunk-3VLAASFC.js?v=fb358534:7648
run @ chunk-3VLAASFC.js?v=fb358534:683
setupRenderEffect @ chunk-3VLAASFC.js?v=fb358534:7776
mountComponent @ chunk-3VLAASFC.js?v=fb358534:7550
processComponent @ chunk-3VLAASFC.js?v=fb358534:7502
patch @ chunk-3VLAASFC.js?v=fb358534:7016
componentUpdateFn @ chunk-3VLAASFC.js?v=fb358534:7728
run @ chunk-3VLAASFC.js?v=fb358534:683
runIfDirty @ chunk-3VLAASFC.js?v=fb358534:721
callWithErrorHandling @ chunk-3VLAASFC.js?v=fb358534:2467
flushJobs @ chunk-3VLAASFC.js?v=fb358534:2675
Promise.then
queueFlush @ chunk-3VLAASFC.js?v=fb358534:2589
queueJob @ chunk-3VLAASFC.js?v=fb358534:2584
effect2.scheduler @ chunk-3VLAASFC.js?v=fb358534:7770
trigger @ chunk-3VLAASFC.js?v=fb358534:711
endBatch @ chunk-3VLAASFC.js?v=fb358534:769
notify @ chunk-3VLAASFC.js?v=fb358534:1031
trigger @ chunk-3VLAASFC.js?v=fb358534:1005
set value @ chunk-3VLAASFC.js?v=fb358534:1877
swapComponent @ @inertiajs_vue3.js?v=fb358534:315
swap @ chunk-DTND7MSH.js?v=fb358534:9548
(anonymous) @ chunk-DTND7MSH.js?v=fb358534:9501
Promise.then
(anonymous) @ chunk-DTND7MSH.js?v=fb358534:9490
Promise.then
set @ chunk-DTND7MSH.js?v=fb358534:9481
setPage @ chunk-DTND7MSH.js?v=fb358534:10532
await in setPage
process @ chunk-DTND7MSH.js?v=fb358534:10459
await in process
(anonymous) @ chunk-DTND7MSH.js?v=fb358534:10444
processNext @ chunk-DTND7MSH.js?v=fb358534:9585
process @ chunk-DTND7MSH.js?v=fb358534:9577
add @ chunk-DTND7MSH.js?v=fb358534:9574
handle @ chunk-DTND7MSH.js?v=fb358534:10444
(anonymous) @ chunk-DTND7MSH.js?v=fb358534:10684
Promise.then
send @ chunk-DTND7MSH.js?v=fb358534:10682
send @ chunk-DTND7MSH.js?v=fb358534:10759
visit @ chunk-DTND7MSH.js?v=fb358534:10891
onClick @ @inertiajs_vue3.js?v=fb358534:983
(anonymous) @ chunk-3VLAASFC.js?v=fb358534:11503
callWithErrorHandling @ chunk-3VLAASFC.js?v=fb358534:2467
callWithAsyncErrorHandling @ chunk-3VLAASFC.js?v=fb358534:2474
callWithAsyncErrorHandling @ chunk-3VLAASFC.js?v=fb358534:2485
invoker @ chunk-3VLAASFC.js?v=fb358534:11474
Index.vue:760 [intlify] Not found 'Delete Member' key in 'pt' locale messages.
overrideMethod @ hook.js:608
warn @ vue-i18n.js?v=fb358534:24
handleMissing @ vue-i18n.js?v=fb358534:2724
resolveMessageFormat @ vue-i18n.js?v=fb358534:3046
translate @ vue-i18n.js?v=fb358534:2924
(anonymous) @ vue-i18n.js?v=fb358534:4120
wrapWithDeps @ vue-i18n.js?v=fb358534:4081
t @ vue-i18n.js?v=fb358534:4120
(anonymous) @ Index.vue:760
renderFnWithContext @ chunk-3VLAASFC.js?v=fb358534:2967
renderSlot @ chunk-3VLAASFC.js?v=fb358534:5290
(anonymous) @ VesselLayout.vue:5
renderFnWithContext @ chunk-3VLAASFC.js?v=fb358534:2967
renderSlot @ chunk-3VLAASFC.js?v=fb358534:5290
(anonymous) @ AppSidebarLayout.vue:23
renderFnWithContext @ chunk-3VLAASFC.js?v=fb358534:2967
renderSlot @ chunk-3VLAASFC.js?v=fb358534:5290
(anonymous) @ AppContent.vue:16
renderFnWithContext @ chunk-3VLAASFC.js?v=fb358534:2967
renderSlot @ chunk-3VLAASFC.js?v=fb358534:5290
_sfc_render @ SidebarInset.vue:19
renderComponentRoot @ chunk-3VLAASFC.js?v=fb358534:8849
componentUpdateFn @ chunk-3VLAASFC.js?v=fb358534:7641
run @ chunk-3VLAASFC.js?v=fb358534:683
setupRenderEffect @ chunk-3VLAASFC.js?v=fb358534:7776
mountComponent @ chunk-3VLAASFC.js?v=fb358534:7550
processComponent @ chunk-3VLAASFC.js?v=fb358534:7502
patch @ chunk-3VLAASFC.js?v=fb358534:7016
componentUpdateFn @ chunk-3VLAASFC.js?v=fb358534:7648
run @ chunk-3VLAASFC.js?v=fb358534:683
setupRenderEffect @ chunk-3VLAASFC.js?v=fb358534:7776
mountComponent @ chunk-3VLAASFC.js?v=fb358534:7550
processComponent @ chunk-3VLAASFC.js?v=fb358534:7502
patch @ chunk-3VLAASFC.js?v=fb358534:7016
mountChildren @ chunk-3VLAASFC.js?v=fb358534:7250
processFragment @ chunk-3VLAASFC.js?v=fb358534:7432
patch @ chunk-3VLAASFC.js?v=fb358534:6990
mountChildren @ chunk-3VLAASFC.js?v=fb358534:7250
processFragment @ chunk-3VLAASFC.js?v=fb358534:7432
patch @ chunk-3VLAASFC.js?v=fb358534:6990
mountChildren @ chunk-3VLAASFC.js?v=fb358534:7250
mountElement @ chunk-3VLAASFC.js?v=fb358534:7173
processElement @ chunk-3VLAASFC.js?v=fb358534:7138
patch @ chunk-3VLAASFC.js?v=fb358534:7004
mountChildren @ chunk-3VLAASFC.js?v=fb358534:7250
processFragment @ chunk-3VLAASFC.js?v=fb358534:7432
patch @ chunk-3VLAASFC.js?v=fb358534:6990
componentUpdateFn @ chunk-3VLAASFC.js?v=fb358534:7648
run @ chunk-3VLAASFC.js?v=fb358534:683
setupRenderEffect @ chunk-3VLAASFC.js?v=fb358534:7776
mountComponent @ chunk-3VLAASFC.js?v=fb358534:7550
processComponent @ chunk-3VLAASFC.js?v=fb358534:7502
patch @ chunk-3VLAASFC.js?v=fb358534:7016
componentUpdateFn @ chunk-3VLAASFC.js?v=fb358534:7648
run @ chunk-3VLAASFC.js?v=fb358534:683
setupRenderEffect @ chunk-3VLAASFC.js?v=fb358534:7776
mountComponent @ chunk-3VLAASFC.js?v=fb358534:7550
processComponent @ chunk-3VLAASFC.js?v=fb358534:7502
patch @ chunk-3VLAASFC.js?v=fb358534:7016
componentUpdateFn @ chunk-3VLAASFC.js?v=fb358534:7648
run @ chunk-3VLAASFC.js?v=fb358534:683
setupRenderEffect @ chunk-3VLAASFC.js?v=fb358534:7776
mountComponent @ chunk-3VLAASFC.js?v=fb358534:7550
processComponent @ chunk-3VLAASFC.js?v=fb358534:7502
patch @ chunk-3VLAASFC.js?v=fb358534:7016
componentUpdateFn @ chunk-3VLAASFC.js?v=fb358534:7648
run @ chunk-3VLAASFC.js?v=fb358534:683
setupRenderEffect @ chunk-3VLAASFC.js?v=fb358534:7776
mountComponent @ chunk-3VLAASFC.js?v=fb358534:7550
processComponent @ chunk-3VLAASFC.js?v=fb358534:7502
patch @ chunk-3VLAASFC.js?v=fb358534:7016
mountChildren @ chunk-3VLAASFC.js?v=fb358534:7250
mountElement @ chunk-3VLAASFC.js?v=fb358534:7173
processElement @ chunk-3VLAASFC.js?v=fb358534:7138
patch @ chunk-3VLAASFC.js?v=fb358534:7004
componentUpdateFn @ chunk-3VLAASFC.js?v=fb358534:7648
run @ chunk-3VLAASFC.js?v=fb358534:683
setupRenderEffect @ chunk-3VLAASFC.js?v=fb358534:7776
mountComponent @ chunk-3VLAASFC.js?v=fb358534:7550
processComponent @ chunk-3VLAASFC.js?v=fb358534:7502
patch @ chunk-3VLAASFC.js?v=fb358534:7016
mountChildren @ chunk-3VLAASFC.js?v=fb358534:7250
processFragment @ chunk-3VLAASFC.js?v=fb358534:7432
patch @ chunk-3VLAASFC.js?v=fb358534:6990
componentUpdateFn @ chunk-3VLAASFC.js?v=fb358534:7648
run @ chunk-3VLAASFC.js?v=fb358534:683
setupRenderEffect @ chunk-3VLAASFC.js?v=fb358534:7776
mountComponent @ chunk-3VLAASFC.js?v=fb358534:7550
processComponent @ chunk-3VLAASFC.js?v=fb358534:7502
patch @ chunk-3VLAASFC.js?v=fb358534:7016
componentUpdateFn @ chunk-3VLAASFC.js?v=fb358534:7728
run @ chunk-3VLAASFC.js?v=fb358534:683
runIfDirty @ chunk-3VLAASFC.js?v=fb358534:721
callWithErrorHandling @ chunk-3VLAASFC.js?v=fb358534:2467
flushJobs @ chunk-3VLAASFC.js?v=fb358534:2675
Promise.then
queueFlush @ chunk-3VLAASFC.js?v=fb358534:2589
queueJob @ chunk-3VLAASFC.js?v=fb358534:2584
effect2.scheduler @ chunk-3VLAASFC.js?v=fb358534:7770
trigger @ chunk-3VLAASFC.js?v=fb358534:711
endBatch @ chunk-3VLAASFC.js?v=fb358534:769
notify @ chunk-3VLAASFC.js?v=fb358534:1031
trigger @ chunk-3VLAASFC.js?v=fb358534:1005
set value @ chunk-3VLAASFC.js?v=fb358534:1877
swapComponent @ @inertiajs_vue3.js?v=fb358534:315
swap @ chunk-DTND7MSH.js?v=fb358534:9548
(anonymous) @ chunk-DTND7MSH.js?v=fb358534:9501
Promise.then
(anonymous) @ chunk-DTND7MSH.js?v=fb358534:9490
Promise.then
set @ chunk-DTND7MSH.js?v=fb358534:9481
setPage @ chunk-DTND7MSH.js?v=fb358534:10532
await in setPage
process @ chunk-DTND7MSH.js?v=fb358534:10459
await in process
(anonymous) @ chunk-DTND7MSH.js?v=fb358534:10444
processNext @ chunk-DTND7MSH.js?v=fb358534:9585
process @ chunk-DTND7MSH.js?v=fb358534:9577
add @ chunk-DTND7MSH.js?v=fb358534:9574
handle @ chunk-DTND7MSH.js?v=fb358534:10444
(anonymous) @ chunk-DTND7MSH.js?v=fb358534:10684
Promise.then
send @ chunk-DTND7MSH.js?v=fb358534:10682
send @ chunk-DTND7MSH.js?v=fb358534:10759
visit @ chunk-DTND7MSH.js?v=fb358534:10891
onClick @ @inertiajs_vue3.js?v=fb358534:983
(anonymous) @ chunk-3VLAASFC.js?v=fb358534:11503
callWithErrorHandling @ chunk-3VLAASFC.js?v=fb358534:2467
callWithAsyncErrorHandling @ chunk-3VLAASFC.js?v=fb358534:2474
callWithAsyncErrorHandling @ chunk-3VLAASFC.js?v=fb358534:2485
invoker @ chunk-3VLAASFC.js?v=fb358534:11474
Index.vue:760 [intlify] Fall back to translate 'Delete Member' key with 'en' locale.
overrideMethod @ hook.js:608
warn @ vue-i18n.js?v=fb358534:24
resolveMessageFormat @ vue-i18n.js?v=fb358534:2995
translate @ vue-i18n.js?v=fb358534:2924
(anonymous) @ vue-i18n.js?v=fb358534:4120
wrapWithDeps @ vue-i18n.js?v=fb358534:4081
t @ vue-i18n.js?v=fb358534:4120
(anonymous) @ Index.vue:760
renderFnWithContext @ chunk-3VLAASFC.js?v=fb358534:2967
renderSlot @ chunk-3VLAASFC.js?v=fb358534:5290
(anonymous) @ VesselLayout.vue:5
renderFnWithContext @ chunk-3VLAASFC.js?v=fb358534:2967
renderSlot @ chunk-3VLAASFC.js?v=fb358534:5290
(anonymous) @ AppSidebarLayout.vue:23
renderFnWithContext @ chunk-3VLAASFC.js?v=fb358534:2967
renderSlot @ chunk-3VLAASFC.js?v=fb358534:5290
(anonymous) @ AppContent.vue:16
renderFnWithContext @ chunk-3VLAASFC.js?v=fb358534:2967
renderSlot @ chunk-3VLAASFC.js?v=fb358534:5290
_sfc_render @ SidebarInset.vue:19
renderComponentRoot @ chunk-3VLAASFC.js?v=fb358534:8849
componentUpdateFn @ chunk-3VLAASFC.js?v=fb358534:7641
run @ chunk-3VLAASFC.js?v=fb358534:683
setupRenderEffect @ chunk-3VLAASFC.js?v=fb358534:7776
mountComponent @ chunk-3VLAASFC.js?v=fb358534:7550
processComponent @ chunk-3VLAASFC.js?v=fb358534:7502
patch @ chunk-3VLAASFC.js?v=fb358534:7016
componentUpdateFn @ chunk-3VLAASFC.js?v=fb358534:7648
run @ chunk-3VLAASFC.js?v=fb358534:683
setupRenderEffect @ chunk-3VLAASFC.js?v=fb358534:7776
mountComponent @ chunk-3VLAASFC.js?v=fb358534:7550
processComponent @ chunk-3VLAASFC.js?v=fb358534:7502
patch @ chunk-3VLAASFC.js?v=fb358534:7016
mountChildren @ chunk-3VLAASFC.js?v=fb358534:7250
processFragment @ chunk-3VLAASFC.js?v=fb358534:7432
patch @ chunk-3VLAASFC.js?v=fb358534:6990
mountChildren @ chunk-3VLAASFC.js?v=fb358534:7250
processFragment @ chunk-3VLAASFC.js?v=fb358534:7432
patch @ chunk-3VLAASFC.js?v=fb358534:6990
mountChildren @ chunk-3VLAASFC.js?v=fb358534:7250
mountElement @ chunk-3VLAASFC.js?v=fb358534:7173
processElement @ chunk-3VLAASFC.js?v=fb358534:7138
patch @ chunk-3VLAASFC.js?v=fb358534:7004
mountChildren @ chunk-3VLAASFC.js?v=fb358534:7250
processFragment @ chunk-3VLAASFC.js?v=fb358534:7432
patch @ chunk-3VLAASFC.js?v=fb358534:6990
componentUpdateFn @ chunk-3VLAASFC.js?v=fb358534:7648
run @ chunk-3VLAASFC.js?v=fb358534:683
setupRenderEffect @ chunk-3VLAASFC.js?v=fb358534:7776
mountComponent @ chunk-3VLAASFC.js?v=fb358534:7550
processComponent @ chunk-3VLAASFC.js?v=fb358534:7502
patch @ chunk-3VLAASFC.js?v=fb358534:7016
componentUpdateFn @ chunk-3VLAASFC.js?v=fb358534:7648
run @ chunk-3VLAASFC.js?v=fb358534:683
setupRenderEffect @ chunk-3VLAASFC.js?v=fb358534:7776
mountComponent @ chunk-3VLAASFC.js?v=fb358534:7550
processComponent @ chunk-3VLAASFC.js?v=fb358534:7502
patch @ chunk-3VLAASFC.js?v=fb358534:7016
componentUpdateFn @ chunk-3VLAASFC.js?v=fb358534:7648
run @ chunk-3VLAASFC.js?v=fb358534:683
setupRenderEffect @ chunk-3VLAASFC.js?v=fb358534:7776
mountComponent @ chunk-3VLAASFC.js?v=fb358534:7550
processComponent @ chunk-3VLAASFC.js?v=fb358534:7502
patch @ chunk-3VLAASFC.js?v=fb358534:7016
componentUpdateFn @ chunk-3VLAASFC.js?v=fb358534:7648
run @ chunk-3VLAASFC.js?v=fb358534:683
setupRenderEffect @ chunk-3VLAASFC.js?v=fb358534:7776
mountComponent @ chunk-3VLAASFC.js?v=fb358534:7550
processComponent @ chunk-3VLAASFC.js?v=fb358534:7502
patch @ chunk-3VLAASFC.js?v=fb358534:7016
mountChildren @ chunk-3VLAASFC.js?v=fb358534:7250
mountElement @ chunk-3VLAASFC.js?v=fb358534:7173
processElement @ chunk-3VLAASFC.js?v=fb358534:7138
patch @ chunk-3VLAASFC.js?v=fb358534:7004
componentUpdateFn @ chunk-3VLAASFC.js?v=fb358534:7648
run @ chunk-3VLAASFC.js?v=fb358534:683
setupRenderEffect @ chunk-3VLAASFC.js?v=fb358534:7776
mountComponent @ chunk-3VLAASFC.js?v=fb358534:7550
processComponent @ chunk-3VLAASFC.js?v=fb358534:7502
patch @ chunk-3VLAASFC.js?v=fb358534:7016
mountChildren @ chunk-3VLAASFC.js?v=fb358534:7250
processFragment @ chunk-3VLAASFC.js?v=fb358534:7432
patch @ chunk-3VLAASFC.js?v=fb358534:6990
componentUpdateFn @ chunk-3VLAASFC.js?v=fb358534:7648
run @ chunk-3VLAASFC.js?v=fb358534:683
setupRenderEffect @ chunk-3VLAASFC.js?v=fb358534:7776
mountComponent @ chunk-3VLAASFC.js?v=fb358534:7550
processComponent @ chunk-3VLAASFC.js?v=fb358534:7502
patch @ chunk-3VLAASFC.js?v=fb358534:7016
componentUpdateFn @ chunk-3VLAASFC.js?v=fb358534:7728
run @ chunk-3VLAASFC.js?v=fb358534:683
runIfDirty @ chunk-3VLAASFC.js?v=fb358534:721
callWithErrorHandling @ chunk-3VLAASFC.js?v=fb358534:2467
flushJobs @ chunk-3VLAASFC.js?v=fb358534:2675
Promise.then
queueFlush @ chunk-3VLAASFC.js?v=fb358534:2589
queueJob @ chunk-3VLAASFC.js?v=fb358534:2584
effect2.scheduler @ chunk-3VLAASFC.js?v=fb358534:7770
trigger @ chunk-3VLAASFC.js?v=fb358534:711
endBatch @ chunk-3VLAASFC.js?v=fb358534:769
notify @ chunk-3VLAASFC.js?v=fb358534:1031
trigger @ chunk-3VLAASFC.js?v=fb358534:1005
set value @ chunk-3VLAASFC.js?v=fb358534:1877
swapComponent @ @inertiajs_vue3.js?v=fb358534:315
swap @ chunk-DTND7MSH.js?v=fb358534:9548
(anonymous) @ chunk-DTND7MSH.js?v=fb358534:9501
Promise.then
(anonymous) @ chunk-DTND7MSH.js?v=fb358534:9490
Promise.then
set @ chunk-DTND7MSH.js?v=fb358534:9481
setPage @ chunk-DTND7MSH.js?v=fb358534:10532
await in setPage
process @ chunk-DTND7MSH.js?v=fb358534:10459
await in process
(anonymous) @ chunk-DTND7MSH.js?v=fb358534:10444
processNext @ chunk-DTND7MSH.js?v=fb358534:9585
process @ chunk-DTND7MSH.js?v=fb358534:9577
add @ chunk-DTND7MSH.js?v=fb358534:9574
handle @ chunk-DTND7MSH.js?v=fb358534:10444
(anonymous) @ chunk-DTND7MSH.js?v=fb358534:10684
Promise.then
send @ chunk-DTND7MSH.js?v=fb358534:10682
send @ chunk-DTND7MSH.js?v=fb358534:10759
visit @ chunk-DTND7MSH.js?v=fb358534:10891
onClick @ @inertiajs_vue3.js?v=fb358534:983
(anonymous) @ chunk-3VLAASFC.js?v=fb358534:11503
callWithErrorHandling @ chunk-3VLAASFC.js?v=fb358534:2467
callWithAsyncErrorHandling @ chunk-3VLAASFC.js?v=fb358534:2474
callWithAsyncErrorHandling @ chunk-3VLAASFC.js?v=fb358534:2485
invoker @ chunk-3VLAASFC.js?v=fb358534:11474
Index.vue:762 [intlify] Not found 'Are you sure you want to delete the member' key in 'pt' locale messages.
overrideMethod @ hook.js:608
warn @ vue-i18n.js?v=fb358534:24
handleMissing @ vue-i18n.js?v=fb358534:2724
resolveMessageFormat @ vue-i18n.js?v=fb358534:3046
translate @ vue-i18n.js?v=fb358534:2924
(anonymous) @ vue-i18n.js?v=fb358534:4120
wrapWithDeps @ vue-i18n.js?v=fb358534:4081
t @ vue-i18n.js?v=fb358534:4120
(anonymous) @ Index.vue:762
renderFnWithContext @ chunk-3VLAASFC.js?v=fb358534:2967
renderSlot @ chunk-3VLAASFC.js?v=fb358534:5290
(anonymous) @ VesselLayout.vue:5
renderFnWithContext @ chunk-3VLAASFC.js?v=fb358534:2967
renderSlot @ chunk-3VLAASFC.js?v=fb358534:5290
(anonymous) @ AppSidebarLayout.vue:23
renderFnWithContext @ chunk-3VLAASFC.js?v=fb358534:2967
renderSlot @ chunk-3VLAASFC.js?v=fb358534:5290
(anonymous) @ AppContent.vue:16
renderFnWithContext @ chunk-3VLAASFC.js?v=fb358534:2967
renderSlot @ chunk-3VLAASFC.js?v=fb358534:5290
_sfc_render @ SidebarInset.vue:19
renderComponentRoot @ chunk-3VLAASFC.js?v=fb358534:8849
componentUpdateFn @ chunk-3VLAASFC.js?v=fb358534:7641
run @ chunk-3VLAASFC.js?v=fb358534:683
setupRenderEffect @ chunk-3VLAASFC.js?v=fb358534:7776
mountComponent @ chunk-3VLAASFC.js?v=fb358534:7550
processComponent @ chunk-3VLAASFC.js?v=fb358534:7502
patch @ chunk-3VLAASFC.js?v=fb358534:7016
componentUpdateFn @ chunk-3VLAASFC.js?v=fb358534:7648
run @ chunk-3VLAASFC.js?v=fb358534:683
setupRenderEffect @ chunk-3VLAASFC.js?v=fb358534:7776
mountComponent @ chunk-3VLAASFC.js?v=fb358534:7550
processComponent @ chunk-3VLAASFC.js?v=fb358534:7502
patch @ chunk-3VLAASFC.js?v=fb358534:7016
mountChildren @ chunk-3VLAASFC.js?v=fb358534:7250
processFragment @ chunk-3VLAASFC.js?v=fb358534:7432
patch @ chunk-3VLAASFC.js?v=fb358534:6990
mountChildren @ chunk-3VLAASFC.js?v=fb358534:7250
processFragment @ chunk-3VLAASFC.js?v=fb358534:7432
patch @ chunk-3VLAASFC.js?v=fb358534:6990
mountChildren @ chunk-3VLAASFC.js?v=fb358534:7250
mountElement @ chunk-3VLAASFC.js?v=fb358534:7173
processElement @ chunk-3VLAASFC.js?v=fb358534:7138
patch @ chunk-3VLAASFC.js?v=fb358534:7004
mountChildren @ chunk-3VLAASFC.js?v=fb358534:7250
processFragment @ chunk-3VLAASFC.js?v=fb358534:7432
patch @ chunk-3VLAASFC.js?v=fb358534:6990
componentUpdateFn @ chunk-3VLAASFC.js?v=fb358534:7648
run @ chunk-3VLAASFC.js?v=fb358534:683
setupRenderEffect @ chunk-3VLAASFC.js?v=fb358534:7776
mountComponent @ chunk-3VLAASFC.js?v=fb358534:7550
processComponent @ chunk-3VLAASFC.js?v=fb358534:7502
patch @ chunk-3VLAASFC.js?v=fb358534:7016
componentUpdateFn @ chunk-3VLAASFC.js?v=fb358534:7648
run @ chunk-3VLAASFC.js?v=fb358534:683
setupRenderEffect @ chunk-3VLAASFC.js?v=fb358534:7776
mountComponent @ chunk-3VLAASFC.js?v=fb358534:7550
processComponent @ chunk-3VLAASFC.js?v=fb358534:7502
patch @ chunk-3VLAASFC.js?v=fb358534:7016
componentUpdateFn @ chunk-3VLAASFC.js?v=fb358534:7648
run @ chunk-3VLAASFC.js?v=fb358534:683
setupRenderEffect @ chunk-3VLAASFC.js?v=fb358534:7776
mountComponent @ chunk-3VLAASFC.js?v=fb358534:7550
processComponent @ chunk-3VLAASFC.js?v=fb358534:7502
patch @ chunk-3VLAASFC.js?v=fb358534:7016
componentUpdateFn @ chunk-3VLAASFC.js?v=fb358534:7648
run @ chunk-3VLAASFC.js?v=fb358534:683
setupRenderEffect @ chunk-3VLAASFC.js?v=fb358534:7776
mountComponent @ chunk-3VLAASFC.js?v=fb358534:7550
processComponent @ chunk-3VLAASFC.js?v=fb358534:7502
patch @ chunk-3VLAASFC.js?v=fb358534:7016
mountChildren @ chunk-3VLAASFC.js?v=fb358534:7250
mountElement @ chunk-3VLAASFC.js?v=fb358534:7173
processElement @ chunk-3VLAASFC.js?v=fb358534:7138
patch @ chunk-3VLAASFC.js?v=fb358534:7004
componentUpdateFn @ chunk-3VLAASFC.js?v=fb358534:7648
run @ chunk-3VLAASFC.js?v=fb358534:683
setupRenderEffect @ chunk-3VLAASFC.js?v=fb358534:7776
mountComponent @ chunk-3VLAASFC.js?v=fb358534:7550
processComponent @ chunk-3VLAASFC.js?v=fb358534:7502
patch @ chunk-3VLAASFC.js?v=fb358534:7016
mountChildren @ chunk-3VLAASFC.js?v=fb358534:7250
processFragment @ chunk-3VLAASFC.js?v=fb358534:7432
patch @ chunk-3VLAASFC.js?v=fb358534:6990
componentUpdateFn @ chunk-3VLAASFC.js?v=fb358534:7648
run @ chunk-3VLAASFC.js?v=fb358534:683
setupRenderEffect @ chunk-3VLAASFC.js?v=fb358534:7776
mountComponent @ chunk-3VLAASFC.js?v=fb358534:7550
processComponent @ chunk-3VLAASFC.js?v=fb358534:7502
patch @ chunk-3VLAASFC.js?v=fb358534:7016
componentUpdateFn @ chunk-3VLAASFC.js?v=fb358534:7728
run @ chunk-3VLAASFC.js?v=fb358534:683
runIfDirty @ chunk-3VLAASFC.js?v=fb358534:721
callWithErrorHandling @ chunk-3VLAASFC.js?v=fb358534:2467
flushJobs @ chunk-3VLAASFC.js?v=fb358534:2675
Promise.then
queueFlush @ chunk-3VLAASFC.js?v=fb358534:2589
queueJob @ chunk-3VLAASFC.js?v=fb358534:2584
effect2.scheduler @ chunk-3VLAASFC.js?v=fb358534:7770
trigger @ chunk-3VLAASFC.js?v=fb358534:711
endBatch @ chunk-3VLAASFC.js?v=fb358534:769
notify @ chunk-3VLAASFC.js?v=fb358534:1031
trigger @ chunk-3VLAASFC.js?v=fb358534:1005
set value @ chunk-3VLAASFC.js?v=fb358534:1877
swapComponent @ @inertiajs_vue3.js?v=fb358534:315
swap @ chunk-DTND7MSH.js?v=fb358534:9548
(anonymous) @ chunk-DTND7MSH.js?v=fb358534:9501
Promise.then
(anonymous) @ chunk-DTND7MSH.js?v=fb358534:9490
Promise.then
set @ chunk-DTND7MSH.js?v=fb358534:9481
setPage @ chunk-DTND7MSH.js?v=fb358534:10532
await in setPage
process @ chunk-DTND7MSH.js?v=fb358534:10459
await in process
(anonymous) @ chunk-DTND7MSH.js?v=fb358534:10444
processNext @ chunk-DTND7MSH.js?v=fb358534:9585
process @ chunk-DTND7MSH.js?v=fb358534:9577
add @ chunk-DTND7MSH.js?v=fb358534:9574
handle @ chunk-DTND7MSH.js?v=fb358534:10444
(anonymous) @ chunk-DTND7MSH.js?v=fb358534:10684
Promise.then
send @ chunk-DTND7MSH.js?v=fb358534:10682
send @ chunk-DTND7MSH.js?v=fb358534:10759
visit @ chunk-DTND7MSH.js?v=fb358534:10891
onClick @ @inertiajs_vue3.js?v=fb358534:983
(anonymous) @ chunk-3VLAASFC.js?v=fb358534:11503
callWithErrorHandling @ chunk-3VLAASFC.js?v=fb358534:2467
callWithAsyncErrorHandling @ chunk-3VLAASFC.js?v=fb358534:2474
callWithAsyncErrorHandling @ chunk-3VLAASFC.js?v=fb358534:2485
invoker @ chunk-3VLAASFC.js?v=fb358534:11474
Index.vue:762 [intlify] Fall back to translate 'Are you sure you want to delete the member' key with 'en' locale.
overrideMethod @ hook.js:608
warn @ vue-i18n.js?v=fb358534:24
resolveMessageFormat @ vue-i18n.js?v=fb358534:2995
translate @ vue-i18n.js?v=fb358534:2924
(anonymous) @ vue-i18n.js?v=fb358534:4120
wrapWithDeps @ vue-i18n.js?v=fb358534:4081
t @ vue-i18n.js?v=fb358534:4120
(anonymous) @ Index.vue:762
renderFnWithContext @ chunk-3VLAASFC.js?v=fb358534:2967
renderSlot @ chunk-3VLAASFC.js?v=fb358534:5290
(anonymous) @ VesselLayout.vue:5
renderFnWithContext @ chunk-3VLAASFC.js?v=fb358534:2967
renderSlot @ chunk-3VLAASFC.js?v=fb358534:5290
(anonymous) @ AppSidebarLayout.vue:23
renderFnWithContext @ chunk-3VLAASFC.js?v=fb358534:2967
renderSlot @ chunk-3VLAASFC.js?v=fb358534:5290
(anonymous) @ AppContent.vue:16
renderFnWithContext @ chunk-3VLAASFC.js?v=fb358534:2967
renderSlot @ chunk-3VLAASFC.js?v=fb358534:5290
_sfc_render @ SidebarInset.vue:19
renderComponentRoot @ chunk-3VLAASFC.js?v=fb358534:8849
componentUpdateFn @ chunk-3VLAASFC.js?v=fb358534:7641
run @ chunk-3VLAASFC.js?v=fb358534:683
setupRenderEffect @ chunk-3VLAASFC.js?v=fb358534:7776
mountComponent @ chunk-3VLAASFC.js?v=fb358534:7550
processComponent @ chunk-3VLAASFC.js?v=fb358534:7502
patch @ chunk-3VLAASFC.js?v=fb358534:7016
componentUpdateFn @ chunk-3VLAASFC.js?v=fb358534:7648
run @ chunk-3VLAASFC.js?v=fb358534:683
setupRenderEffect @ chunk-3VLAASFC.js?v=fb358534:7776
mountComponent @ chunk-3VLAASFC.js?v=fb358534:7550
processComponent @ chunk-3VLAASFC.js?v=fb358534:7502
patch @ chunk-3VLAASFC.js?v=fb358534:7016
mountChildren @ chunk-3VLAASFC.js?v=fb358534:7250
processFragment @ chunk-3VLAASFC.js?v=fb358534:7432
patch @ chunk-3VLAASFC.js?v=fb358534:6990
mountChildren @ chunk-3VLAASFC.js?v=fb358534:7250
processFragment @ chunk-3VLAASFC.js?v=fb358534:7432
patch @ chunk-3VLAASFC.js?v=fb358534:6990
mountChildren @ chunk-3VLAASFC.js?v=fb358534:7250
mountElement @ chunk-3VLAASFC.js?v=fb358534:7173
processElement @ chunk-3VLAASFC.js?v=fb358534:7138
patch @ chunk-3VLAASFC.js?v=fb358534:7004
mountChildren @ chunk-3VLAASFC.js?v=fb358534:7250
processFragment @ chunk-3VLAASFC.js?v=fb358534:7432
patch @ chunk-3VLAASFC.js?v=fb358534:6990
componentUpdateFn @ chunk-3VLAASFC.js?v=fb358534:7648
run @ chunk-3VLAASFC.js?v=fb358534:683
setupRenderEffect @ chunk-3VLAASFC.js?v=fb358534:7776
mountComponent @ chunk-3VLAASFC.js?v=fb358534:7550
processComponent @ chunk-3VLAASFC.js?v=fb358534:7502
patch @ chunk-3VLAASFC.js?v=fb358534:7016
componentUpdateFn @ chunk-3VLAASFC.js?v=fb358534:7648
run @ chunk-3VLAASFC.js?v=fb358534:683
setupRenderEffect @ chunk-3VLAASFC.js?v=fb358534:7776
mountComponent @ chunk-3VLAASFC.js?v=fb358534:7550
processComponent @ chunk-3VLAASFC.js?v=fb358534:7502
patch @ chunk-3VLAASFC.js?v=fb358534:7016
componentUpdateFn @ chunk-3VLAASFC.js?v=fb358534:7648
run @ chunk-3VLAASFC.js?v=fb358534:683
setupRenderEffect @ chunk-3VLAASFC.js?v=fb358534:7776
mountComponent @ chunk-3VLAASFC.js?v=fb358534:7550
processComponent @ chunk-3VLAASFC.js?v=fb358534:7502
patch @ chunk-3VLAASFC.js?v=fb358534:7016
componentUpdateFn @ chunk-3VLAASFC.js?v=fb358534:7648
run @ chunk-3VLAASFC.js?v=fb358534:683
setupRenderEffect @ chunk-3VLAASFC.js?v=fb358534:7776
mountComponent @ chunk-3VLAASFC.js?v=fb358534:7550
processComponent @ chunk-3VLAASFC.js?v=fb358534:7502
patch @ chunk-3VLAASFC.js?v=fb358534:7016
mountChildren @ chunk-3VLAASFC.js?v=fb358534:7250
mountElement @ chunk-3VLAASFC.js?v=fb358534:7173
processElement @ chunk-3VLAASFC.js?v=fb358534:7138
patch @ chunk-3VLAASFC.js?v=fb358534:7004
componentUpdateFn @ chunk-3VLAASFC.js?v=fb358534:7648
run @ chunk-3VLAASFC.js?v=fb358534:683
setupRenderEffect @ chunk-3VLAASFC.js?v=fb358534:7776
mountComponent @ chunk-3VLAASFC.js?v=fb358534:7550
processComponent @ chunk-3VLAASFC.js?v=fb358534:7502
patch @ chunk-3VLAASFC.js?v=fb358534:7016
mountChildren @ chunk-3VLAASFC.js?v=fb358534:7250
processFragment @ chunk-3VLAASFC.js?v=fb358534:7432
patch @ chunk-3VLAASFC.js?v=fb358534:6990
componentUpdateFn @ chunk-3VLAASFC.js?v=fb358534:7648
run @ chunk-3VLAASFC.js?v=fb358534:683
setupRenderEffect @ chunk-3VLAASFC.js?v=fb358534:7776
mountComponent @ chunk-3VLAASFC.js?v=fb358534:7550
processComponent @ chunk-3VLAASFC.js?v=fb358534:7502
patch @ chunk-3VLAASFC.js?v=fb358534:7016
componentUpdateFn @ chunk-3VLAASFC.js?v=fb358534:7728
run @ chunk-3VLAASFC.js?v=fb358534:683
runIfDirty @ chunk-3VLAASFC.js?v=fb358534:721
callWithErrorHandling @ chunk-3VLAASFC.js?v=fb358534:2467
flushJobs @ chunk-3VLAASFC.js?v=fb358534:2675
Promise.then
queueFlush @ chunk-3VLAASFC.js?v=fb358534:2589
queueJob @ chunk-3VLAASFC.js?v=fb358534:2584
effect2.scheduler @ chunk-3VLAASFC.js?v=fb358534:7770
trigger @ chunk-3VLAASFC.js?v=fb358534:711
endBatch @ chunk-3VLAASFC.js?v=fb358534:769
notify @ chunk-3VLAASFC.js?v=fb358534:1031
trigger @ chunk-3VLAASFC.js?v=fb358534:1005
set value @ chunk-3VLAASFC.js?v=fb358534:1877
swapComponent @ @inertiajs_vue3.js?v=fb358534:315
swap @ chunk-DTND7MSH.js?v=fb358534:9548
(anonymous) @ chunk-DTND7MSH.js?v=fb358534:9501
Promise.then
(anonymous) @ chunk-DTND7MSH.js?v=fb358534:9490
Promise.then
set @ chunk-DTND7MSH.js?v=fb358534:9481
setPage @ chunk-DTND7MSH.js?v=fb358534:10532
await in setPage
process @ chunk-DTND7MSH.js?v=fb358534:10459
await in process
(anonymous) @ chunk-DTND7MSH.js?v=fb358534:10444
processNext @ chunk-DTND7MSH.js?v=fb358534:9585
process @ chunk-DTND7MSH.js?v=fb358534:9577
add @ chunk-DTND7MSH.js?v=fb358534:9574
handle @ chunk-DTND7MSH.js?v=fb358534:10444
(anonymous) @ chunk-DTND7MSH.js?v=fb358534:10684
Promise.then
send @ chunk-DTND7MSH.js?v=fb358534:10682
send @ chunk-DTND7MSH.js?v=fb358534:10759
visit @ chunk-DTND7MSH.js?v=fb358534:10891
onClick @ @inertiajs_vue3.js?v=fb358534:983
(anonymous) @ chunk-3VLAASFC.js?v=fb358534:11503
callWithErrorHandling @ chunk-3VLAASFC.js?v=fb358534:2467
callWithAsyncErrorHandling @ chunk-3VLAASFC.js?v=fb358534:2474
callWithAsyncErrorHandling @ chunk-3VLAASFC.js?v=fb358534:2485
invoker @ chunk-3VLAASFC.js?v=fb358534:11474
Index.vue:762 [intlify] Not found 'This will permanently remove the member and all their data' key in 'pt' locale messages.
overrideMethod @ hook.js:608
warn @ vue-i18n.js?v=fb358534:24
handleMissing @ vue-i18n.js?v=fb358534:2724
resolveMessageFormat @ vue-i18n.js?v=fb358534:3046
translate @ vue-i18n.js?v=fb358534:2924
(anonymous) @ vue-i18n.js?v=fb358534:4120
wrapWithDeps @ vue-i18n.js?v=fb358534:4081
t @ vue-i18n.js?v=fb358534:4120
(anonymous) @ Index.vue:762
renderFnWithContext @ chunk-3VLAASFC.js?v=fb358534:2967
renderSlot @ chunk-3VLAASFC.js?v=fb358534:5290
(anonymous) @ VesselLayout.vue:5
renderFnWithContext @ chunk-3VLAASFC.js?v=fb358534:2967
renderSlot @ chunk-3VLAASFC.js?v=fb358534:5290
(anonymous) @ AppSidebarLayout.vue:23
renderFnWithContext @ chunk-3VLAASFC.js?v=fb358534:2967
renderSlot @ chunk-3VLAASFC.js?v=fb358534:5290
(anonymous) @ AppContent.vue:16
renderFnWithContext @ chunk-3VLAASFC.js?v=fb358534:2967
renderSlot @ chunk-3VLAASFC.js?v=fb358534:5290
_sfc_render @ SidebarInset.vue:19
renderComponentRoot @ chunk-3VLAASFC.js?v=fb358534:8849
componentUpdateFn @ chunk-3VLAASFC.js?v=fb358534:7641
run @ chunk-3VLAASFC.js?v=fb358534:683
setupRenderEffect @ chunk-3VLAASFC.js?v=fb358534:7776
mountComponent @ chunk-3VLAASFC.js?v=fb358534:7550
processComponent @ chunk-3VLAASFC.js?v=fb358534:7502
patch @ chunk-3VLAASFC.js?v=fb358534:7016
componentUpdateFn @ chunk-3VLAASFC.js?v=fb358534:7648
run @ chunk-3VLAASFC.js?v=fb358534:683
setupRenderEffect @ chunk-3VLAASFC.js?v=fb358534:7776
mountComponent @ chunk-3VLAASFC.js?v=fb358534:7550
processComponent @ chunk-3VLAASFC.js?v=fb358534:7502
patch @ chunk-3VLAASFC.js?v=fb358534:7016
mountChildren @ chunk-3VLAASFC.js?v=fb358534:7250
processFragment @ chunk-3VLAASFC.js?v=fb358534:7432
patch @ chunk-3VLAASFC.js?v=fb358534:6990
mountChildren @ chunk-3VLAASFC.js?v=fb358534:7250
processFragment @ chunk-3VLAASFC.js?v=fb358534:7432
patch @ chunk-3VLAASFC.js?v=fb358534:6990
mountChildren @ chunk-3VLAASFC.js?v=fb358534:7250
mountElement @ chunk-3VLAASFC.js?v=fb358534:7173
processElement @ chunk-3VLAASFC.js?v=fb358534:7138
patch @ chunk-3VLAASFC.js?v=fb358534:7004
mountChildren @ chunk-3VLAASFC.js?v=fb358534:7250
processFragment @ chunk-3VLAASFC.js?v=fb358534:7432
patch @ chunk-3VLAASFC.js?v=fb358534:6990
componentUpdateFn @ chunk-3VLAASFC.js?v=fb358534:7648
run @ chunk-3VLAASFC.js?v=fb358534:683
setupRenderEffect @ chunk-3VLAASFC.js?v=fb358534:7776
mountComponent @ chunk-3VLAASFC.js?v=fb358534:7550
processComponent @ chunk-3VLAASFC.js?v=fb358534:7502
patch @ chunk-3VLAASFC.js?v=fb358534:7016
componentUpdateFn @ chunk-3VLAASFC.js?v=fb358534:7648
run @ chunk-3VLAASFC.js?v=fb358534:683
setupRenderEffect @ chunk-3VLAASFC.js?v=fb358534:7776
mountComponent @ chunk-3VLAASFC.js?v=fb358534:7550
processComponent @ chunk-3VLAASFC.js?v=fb358534:7502
patch @ chunk-3VLAASFC.js?v=fb358534:7016
componentUpdateFn @ chunk-3VLAASFC.js?v=fb358534:7648
run @ chunk-3VLAASFC.js?v=fb358534:683
setupRenderEffect @ chunk-3VLAASFC.js?v=fb358534:7776
mountComponent @ chunk-3VLAASFC.js?v=fb358534:7550
processComponent @ chunk-3VLAASFC.js?v=fb358534:7502
patch @ chunk-3VLAASFC.js?v=fb358534:7016
componentUpdateFn @ chunk-3VLAASFC.js?v=fb358534:7648
run @ chunk-3VLAASFC.js?v=fb358534:683
setupRenderEffect @ chunk-3VLAASFC.js?v=fb358534:7776
mountComponent @ chunk-3VLAASFC.js?v=fb358534:7550
processComponent @ chunk-3VLAASFC.js?v=fb358534:7502
patch @ chunk-3VLAASFC.js?v=fb358534:7016
mountChildren @ chunk-3VLAASFC.js?v=fb358534:7250
mountElement @ chunk-3VLAASFC.js?v=fb358534:7173
processElement @ chunk-3VLAASFC.js?v=fb358534:7138
patch @ chunk-3VLAASFC.js?v=fb358534:7004
componentUpdateFn @ chunk-3VLAASFC.js?v=fb358534:7648
run @ chunk-3VLAASFC.js?v=fb358534:683
setupRenderEffect @ chunk-3VLAASFC.js?v=fb358534:7776
mountComponent @ chunk-3VLAASFC.js?v=fb358534:7550
processComponent @ chunk-3VLAASFC.js?v=fb358534:7502
patch @ chunk-3VLAASFC.js?v=fb358534:7016
mountChildren @ chunk-3VLAASFC.js?v=fb358534:7250
processFragment @ chunk-3VLAASFC.js?v=fb358534:7432
patch @ chunk-3VLAASFC.js?v=fb358534:6990
componentUpdateFn @ chunk-3VLAASFC.js?v=fb358534:7648
run @ chunk-3VLAASFC.js?v=fb358534:683
setupRenderEffect @ chunk-3VLAASFC.js?v=fb358534:7776
mountComponent @ chunk-3VLAASFC.js?v=fb358534:7550
processComponent @ chunk-3VLAASFC.js?v=fb358534:7502
patch @ chunk-3VLAASFC.js?v=fb358534:7016
componentUpdateFn @ chunk-3VLAASFC.js?v=fb358534:7728
run @ chunk-3VLAASFC.js?v=fb358534:683
runIfDirty @ chunk-3VLAASFC.js?v=fb358534:721
callWithErrorHandling @ chunk-3VLAASFC.js?v=fb358534:2467
flushJobs @ chunk-3VLAASFC.js?v=fb358534:2675
Promise.then
queueFlush @ chunk-3VLAASFC.js?v=fb358534:2589
queueJob @ chunk-3VLAASFC.js?v=fb358534:2584
effect2.scheduler @ chunk-3VLAASFC.js?v=fb358534:7770
trigger @ chunk-3VLAASFC.js?v=fb358534:711
endBatch @ chunk-3VLAASFC.js?v=fb358534:769
notify @ chunk-3VLAASFC.js?v=fb358534:1031
trigger @ chunk-3VLAASFC.js?v=fb358534:1005
set value @ chunk-3VLAASFC.js?v=fb358534:1877
swapComponent @ @inertiajs_vue3.js?v=fb358534:315
swap @ chunk-DTND7MSH.js?v=fb358534:9548
(anonymous) @ chunk-DTND7MSH.js?v=fb358534:9501
Promise.then
(anonymous) @ chunk-DTND7MSH.js?v=fb358534:9490
Promise.then
set @ chunk-DTND7MSH.js?v=fb358534:9481
setPage @ chunk-DTND7MSH.js?v=fb358534:10532
await in setPage
process @ chunk-DTND7MSH.js?v=fb358534:10459
await in process
(anonymous) @ chunk-DTND7MSH.js?v=fb358534:10444
processNext @ chunk-DTND7MSH.js?v=fb358534:9585
process @ chunk-DTND7MSH.js?v=fb358534:9577
add @ chunk-DTND7MSH.js?v=fb358534:9574
handle @ chunk-DTND7MSH.js?v=fb358534:10444
(anonymous) @ chunk-DTND7MSH.js?v=fb358534:10684
Promise.then
send @ chunk-DTND7MSH.js?v=fb358534:10682
send @ chunk-DTND7MSH.js?v=fb358534:10759
visit @ chunk-DTND7MSH.js?v=fb358534:10891
onClick @ @inertiajs_vue3.js?v=fb358534:983
(anonymous) @ chunk-3VLAASFC.js?v=fb358534:11503
callWithErrorHandling @ chunk-3VLAASFC.js?v=fb358534:2467
callWithAsyncErrorHandling @ chunk-3VLAASFC.js?v=fb358534:2474
callWithAsyncErrorHandling @ chunk-3VLAASFC.js?v=fb358534:2485
invoker @ chunk-3VLAASFC.js?v=fb358534:11474
Index.vue:762 [intlify] Fall back to translate 'This will permanently remove the member and all their data' key with 'en' locale.
overrideMethod @ hook.js:608
warn @ vue-i18n.js?v=fb358534:24
resolveMessageFormat @ vue-i18n.js?v=fb358534:2995
translate @ vue-i18n.js?v=fb358534:2924
(anonymous) @ vue-i18n.js?v=fb358534:4120
wrapWithDeps @ vue-i18n.js?v=fb358534:4081
t @ vue-i18n.js?v=fb358534:4120
(anonymous) @ Index.vue:762
renderFnWithContext @ chunk-3VLAASFC.js?v=fb358534:2967
renderSlot @ chunk-3VLAASFC.js?v=fb358534:5290
(anonymous) @ VesselLayout.vue:5
renderFnWithContext @ chunk-3VLAASFC.js?v=fb358534:2967
renderSlot @ chunk-3VLAASFC.js?v=fb358534:5290
(anonymous) @ AppSidebarLayout.vue:23
renderFnWithContext @ chunk-3VLAASFC.js?v=fb358534:2967
renderSlot @ chunk-3VLAASFC.js?v=fb358534:5290
(anonymous) @ AppContent.vue:16
renderFnWithContext @ chunk-3VLAASFC.js?v=fb358534:2967
renderSlot @ chunk-3VLAASFC.js?v=fb358534:5290
_sfc_render @ SidebarInset.vue:19
renderComponentRoot @ chunk-3VLAASFC.js?v=fb358534:8849
componentUpdateFn @ chunk-3VLAASFC.js?v=fb358534:7641
run @ chunk-3VLAASFC.js?v=fb358534:683
setupRenderEffect @ chunk-3VLAASFC.js?v=fb358534:7776
mountComponent @ chunk-3VLAASFC.js?v=fb358534:7550
processComponent @ chunk-3VLAASFC.js?v=fb358534:7502
patch @ chunk-3VLAASFC.js?v=fb358534:7016
componentUpdateFn @ chunk-3VLAASFC.js?v=fb358534:7648
run @ chunk-3VLAASFC.js?v=fb358534:683
setupRenderEffect @ chunk-3VLAASFC.js?v=fb358534:7776
mountComponent @ chunk-3VLAASFC.js?v=fb358534:7550
processComponent @ chunk-3VLAASFC.js?v=fb358534:7502
patch @ chunk-3VLAASFC.js?v=fb358534:7016
mountChildren @ chunk-3VLAASFC.js?v=fb358534:7250
processFragment @ chunk-3VLAASFC.js?v=fb358534:7432
patch @ chunk-3VLAASFC.js?v=fb358534:6990
mountChildren @ chunk-3VLAASFC.js?v=fb358534:7250
processFragment @ chunk-3VLAASFC.js?v=fb358534:7432
patch @ chunk-3VLAASFC.js?v=fb358534:6990
mountChildren @ chunk-3VLAASFC.js?v=fb358534:7250
mountElement @ chunk-3VLAASFC.js?v=fb358534:7173
processElement @ chunk-3VLAASFC.js?v=fb358534:7138
patch @ chunk-3VLAASFC.js?v=fb358534:7004
mountChildren @ chunk-3VLAASFC.js?v=fb358534:7250
processFragment @ chunk-3VLAASFC.js?v=fb358534:7432
patch @ chunk-3VLAASFC.js?v=fb358534:6990
componentUpdateFn @ chunk-3VLAASFC.js?v=fb358534:7648
run @ chunk-3VLAASFC.js?v=fb358534:683
setupRenderEffect @ chunk-3VLAASFC.js?v=fb358534:7776
mountComponent @ chunk-3VLAASFC.js?v=fb358534:7550
processComponent @ chunk-3VLAASFC.js?v=fb358534:7502
patch @ chunk-3VLAASFC.js?v=fb358534:7016
componentUpdateFn @ chunk-3VLAASFC.js?v=fb358534:7648
run @ chunk-3VLAASFC.js?v=fb358534:683
setupRenderEffect @ chunk-3VLAASFC.js?v=fb358534:7776
mountComponent @ chunk-3VLAASFC.js?v=fb358534:7550
processComponent @ chunk-3VLAASFC.js?v=fb358534:7502
patch @ chunk-3VLAASFC.js?v=fb358534:7016
componentUpdateFn @ chunk-3VLAASFC.js?v=fb358534:7648
run @ chunk-3VLAASFC.js?v=fb358534:683
setupRenderEffect @ chunk-3VLAASFC.js?v=fb358534:7776
mountComponent @ chunk-3VLAASFC.js?v=fb358534:7550
processComponent @ chunk-3VLAASFC.js?v=fb358534:7502
patch @ chunk-3VLAASFC.js?v=fb358534:7016
componentUpdateFn @ chunk-3VLAASFC.js?v=fb358534:7648
run @ chunk-3VLAASFC.js?v=fb358534:683
setupRenderEffect @ chunk-3VLAASFC.js?v=fb358534:7776
mountComponent @ chunk-3VLAASFC.js?v=fb358534:7550
processComponent @ chunk-3VLAASFC.js?v=fb358534:7502
patch @ chunk-3VLAASFC.js?v=fb358534:7016
mountChildren @ chunk-3VLAASFC.js?v=fb358534:7250
mountElement @ chunk-3VLAASFC.js?v=fb358534:7173
processElement @ chunk-3VLAASFC.js?v=fb358534:7138
patch @ chunk-3VLAASFC.js?v=fb358534:7004
componentUpdateFn @ chunk-3VLAASFC.js?v=fb358534:7648
run @ chunk-3VLAASFC.js?v=fb358534:683
setupRenderEffect @ chunk-3VLAASFC.js?v=fb358534:7776
mountComponent @ chunk-3VLAASFC.js?v=fb358534:7550
processComponent @ chunk-3VLAASFC.js?v=fb358534:7502
patch @ chunk-3VLAASFC.js?v=fb358534:7016
mountChildren @ chunk-3VLAASFC.js?v=fb358534:7250
processFragment @ chunk-3VLAASFC.js?v=fb358534:7432
patch @ chunk-3VLAASFC.js?v=fb358534:6990
componentUpdateFn @ chunk-3VLAASFC.js?v=fb358534:7648
run @ chunk-3VLAASFC.js?v=fb358534:683
setupRenderEffect @ chunk-3VLAASFC.js?v=fb358534:7776
mountComponent @ chunk-3VLAASFC.js?v=fb358534:7550
processComponent @ chunk-3VLAASFC.js?v=fb358534:7502
patch @ chunk-3VLAASFC.js?v=fb358534:7016
componentUpdateFn @ chunk-3VLAASFC.js?v=fb358534:7728
run @ chunk-3VLAASFC.js?v=fb358534:683
runIfDirty @ chunk-3VLAASFC.js?v=fb358534:721
callWithErrorHandling @ chunk-3VLAASFC.js?v=fb358534:2467
flushJobs @ chunk-3VLAASFC.js?v=fb358534:2675
Promise.then
queueFlush @ chunk-3VLAASFC.js?v=fb358534:2589
queueJob @ chunk-3VLAASFC.js?v=fb358534:2584
effect2.scheduler @ chunk-3VLAASFC.js?v=fb358534:7770
trigger @ chunk-3VLAASFC.js?v=fb358534:711
endBatch @ chunk-3VLAASFC.js?v=fb358534:769
notify @ chunk-3VLAASFC.js?v=fb358534:1031
trigger @ chunk-3VLAASFC.js?v=fb358534:1005
set value @ chunk-3VLAASFC.js?v=fb358534:1877
swapComponent @ @inertiajs_vue3.js?v=fb358534:315
swap @ chunk-DTND7MSH.js?v=fb358534:9548
(anonymous) @ chunk-DTND7MSH.js?v=fb358534:9501
Promise.then
(anonymous) @ chunk-DTND7MSH.js?v=fb358534:9490
Promise.then
set @ chunk-DTND7MSH.js?v=fb358534:9481
setPage @ chunk-DTND7MSH.js?v=fb358534:10532
await in setPage
process @ chunk-DTND7MSH.js?v=fb358534:10459
await in process
(anonymous) @ chunk-DTND7MSH.js?v=fb358534:10444
processNext @ chunk-DTND7MSH.js?v=fb358534:9585
process @ chunk-DTND7MSH.js?v=fb358534:9577
add @ chunk-DTND7MSH.js?v=fb358534:9574
handle @ chunk-DTND7MSH.js?v=fb358534:10444
(anonymous) @ chunk-DTND7MSH.js?v=fb358534:10684
Promise.then
send @ chunk-DTND7MSH.js?v=fb358534:10682
send @ chunk-DTND7MSH.js?v=fb358534:10759
visit @ chunk-DTND7MSH.js?v=fb358534:10891
onClick @ @inertiajs_vue3.js?v=fb358534:983
(anonymous) @ chunk-3VLAASFC.js?v=fb358534:11503
callWithErrorHandling @ chunk-3VLAASFC.js?v=fb358534:2467
callWithAsyncErrorHandling @ chunk-3VLAASFC.js?v=fb358534:2474
callWithAsyncErrorHandling @ chunk-3VLAASFC.js?v=fb358534:2485
invoker @ chunk-3VLAASFC.js?v=fb358534:11474
Index.vue:763 [intlify] Not found 'Delete Member' key in 'pt' locale messages.
overrideMethod @ hook.js:608
warn @ vue-i18n.js?v=fb358534:24
handleMissing @ vue-i18n.js?v=fb358534:2724
resolveMessageFormat @ vue-i18n.js?v=fb358534:3046
translate @ vue-i18n.js?v=fb358534:2924
(anonymous) @ vue-i18n.js?v=fb358534:4120
wrapWithDeps @ vue-i18n.js?v=fb358534:4081
t @ vue-i18n.js?v=fb358534:4120
(anonymous) @ Index.vue:763
renderFnWithContext @ chunk-3VLAASFC.js?v=fb358534:2967
renderSlot @ chunk-3VLAASFC.js?v=fb358534:5290
(anonymous) @ VesselLayout.vue:5
renderFnWithContext @ chunk-3VLAASFC.js?v=fb358534:2967
renderSlot @ chunk-3VLAASFC.js?v=fb358534:5290
(anonymous) @ AppSidebarLayout.vue:23
renderFnWithContext @ chunk-3VLAASFC.js?v=fb358534:2967
renderSlot @ chunk-3VLAASFC.js?v=fb358534:5290
(anonymous) @ AppContent.vue:16
renderFnWithContext @ chunk-3VLAASFC.js?v=fb358534:2967
renderSlot @ chunk-3VLAASFC.js?v=fb358534:5290
_sfc_render @ SidebarInset.vue:19
renderComponentRoot @ chunk-3VLAASFC.js?v=fb358534:8849
componentUpdateFn @ chunk-3VLAASFC.js?v=fb358534:7641
run @ chunk-3VLAASFC.js?v=fb358534:683
setupRenderEffect @ chunk-3VLAASFC.js?v=fb358534:7776
mountComponent @ chunk-3VLAASFC.js?v=fb358534:7550
processComponent @ chunk-3VLAASFC.js?v=fb358534:7502
patch @ chunk-3VLAASFC.js?v=fb358534:7016
componentUpdateFn @ chunk-3VLAASFC.js?v=fb358534:7648
run @ chunk-3VLAASFC.js?v=fb358534:683
setupRenderEffect @ chunk-3VLAASFC.js?v=fb358534:7776
mountComponent @ chunk-3VLAASFC.js?v=fb358534:7550
processComponent @ chunk-3VLAASFC.js?v=fb358534:7502
patch @ chunk-3VLAASFC.js?v=fb358534:7016
mountChildren @ chunk-3VLAASFC.js?v=fb358534:7250
processFragment @ chunk-3VLAASFC.js?v=fb358534:7432
patch @ chunk-3VLAASFC.js?v=fb358534:6990
mountChildren @ chunk-3VLAASFC.js?v=fb358534:7250
processFragment @ chunk-3VLAASFC.js?v=fb358534:7432
patch @ chunk-3VLAASFC.js?v=fb358534:6990
mountChildren @ chunk-3VLAASFC.js?v=fb358534:7250
mountElement @ chunk-3VLAASFC.js?v=fb358534:7173
processElement @ chunk-3VLAASFC.js?v=fb358534:7138
patch @ chunk-3VLAASFC.js?v=fb358534:7004
mountChildren @ chunk-3VLAASFC.js?v=fb358534:7250
processFragment @ chunk-3VLAASFC.js?v=fb358534:7432
patch @ chunk-3VLAASFC.js?v=fb358534:6990
componentUpdateFn @ chunk-3VLAASFC.js?v=fb358534:7648
run @ chunk-3VLAASFC.js?v=fb358534:683
setupRenderEffect @ chunk-3VLAASFC.js?v=fb358534:7776
mountComponent @ chunk-3VLAASFC.js?v=fb358534:7550
processComponent @ chunk-3VLAASFC.js?v=fb358534:7502
patch @ chunk-3VLAASFC.js?v=fb358534:7016
componentUpdateFn @ chunk-3VLAASFC.js?v=fb358534:7648
run @ chunk-3VLAASFC.js?v=fb358534:683
setupRenderEffect @ chunk-3VLAASFC.js?v=fb358534:7776
mountComponent @ chunk-3VLAASFC.js?v=fb358534:7550
processComponent @ chunk-3VLAASFC.js?v=fb358534:7502
patch @ chunk-3VLAASFC.js?v=fb358534:7016
componentUpdateFn @ chunk-3VLAASFC.js?v=fb358534:7648
run @ chunk-3VLAASFC.js?v=fb358534:683
setupRenderEffect @ chunk-3VLAASFC.js?v=fb358534:7776
mountComponent @ chunk-3VLAASFC.js?v=fb358534:7550
processComponent @ chunk-3VLAASFC.js?v=fb358534:7502
patch @ chunk-3VLAASFC.js?v=fb358534:7016
componentUpdateFn @ chunk-3VLAASFC.js?v=fb358534:7648
run @ chunk-3VLAASFC.js?v=fb358534:683
setupRenderEffect @ chunk-3VLAASFC.js?v=fb358534:7776
mountComponent @ chunk-3VLAASFC.js?v=fb358534:7550
processComponent @ chunk-3VLAASFC.js?v=fb358534:7502
patch @ chunk-3VLAASFC.js?v=fb358534:7016
mountChildren @ chunk-3VLAASFC.js?v=fb358534:7250
mountElement @ chunk-3VLAASFC.js?v=fb358534:7173
processElement @ chunk-3VLAASFC.js?v=fb358534:7138
patch @ chunk-3VLAASFC.js?v=fb358534:7004
componentUpdateFn @ chunk-3VLAASFC.js?v=fb358534:7648
run @ chunk-3VLAASFC.js?v=fb358534:683
setupRenderEffect @ chunk-3VLAASFC.js?v=fb358534:7776
mountComponent @ chunk-3VLAASFC.js?v=fb358534:7550
processComponent @ chunk-3VLAASFC.js?v=fb358534:7502
patch @ chunk-3VLAASFC.js?v=fb358534:7016
mountChildren @ chunk-3VLAASFC.js?v=fb358534:7250
processFragment @ chunk-3VLAASFC.js?v=fb358534:7432
patch @ chunk-3VLAASFC.js?v=fb358534:6990
componentUpdateFn @ chunk-3VLAASFC.js?v=fb358534:7648
run @ chunk-3VLAASFC.js?v=fb358534:683
setupRenderEffect @ chunk-3VLAASFC.js?v=fb358534:7776
mountComponent @ chunk-3VLAASFC.js?v=fb358534:7550
processComponent @ chunk-3VLAASFC.js?v=fb358534:7502
patch @ chunk-3VLAASFC.js?v=fb358534:7016
componentUpdateFn @ chunk-3VLAASFC.js?v=fb358534:7728
run @ chunk-3VLAASFC.js?v=fb358534:683
runIfDirty @ chunk-3VLAASFC.js?v=fb358534:721
callWithErrorHandling @ chunk-3VLAASFC.js?v=fb358534:2467
flushJobs @ chunk-3VLAASFC.js?v=fb358534:2675
Promise.then
queueFlush @ chunk-3VLAASFC.js?v=fb358534:2589
queueJob @ chunk-3VLAASFC.js?v=fb358534:2584
effect2.scheduler @ chunk-3VLAASFC.js?v=fb358534:7770
trigger @ chunk-3VLAASFC.js?v=fb358534:711
endBatch @ chunk-3VLAASFC.js?v=fb358534:769
notify @ chunk-3VLAASFC.js?v=fb358534:1031
trigger @ chunk-3VLAASFC.js?v=fb358534:1005
set value @ chunk-3VLAASFC.js?v=fb358534:1877
swapComponent @ @inertiajs_vue3.js?v=fb358534:315
swap @ chunk-DTND7MSH.js?v=fb358534:9548
(anonymous) @ chunk-DTND7MSH.js?v=fb358534:9501
Promise.then
(anonymous) @ chunk-DTND7MSH.js?v=fb358534:9490
Promise.then
set @ chunk-DTND7MSH.js?v=fb358534:9481
setPage @ chunk-DTND7MSH.js?v=fb358534:10532
await in setPage
process @ chunk-DTND7MSH.js?v=fb358534:10459
await in process
(anonymous) @ chunk-DTND7MSH.js?v=fb358534:10444
processNext @ chunk-DTND7MSH.js?v=fb358534:9585
process @ chunk-DTND7MSH.js?v=fb358534:9577
add @ chunk-DTND7MSH.js?v=fb358534:9574
handle @ chunk-DTND7MSH.js?v=fb358534:10444
(anonymous) @ chunk-DTND7MSH.js?v=fb358534:10684
Promise.then
send @ chunk-DTND7MSH.js?v=fb358534:10682
send @ chunk-DTND7MSH.js?v=fb358534:10759
visit @ chunk-DTND7MSH.js?v=fb358534:10891
onClick @ @inertiajs_vue3.js?v=fb358534:983
(anonymous) @ chunk-3VLAASFC.js?v=fb358534:11503
callWithErrorHandling @ chunk-3VLAASFC.js?v=fb358534:2467
callWithAsyncErrorHandling @ chunk-3VLAASFC.js?v=fb358534:2474
callWithAsyncErrorHandling @ chunk-3VLAASFC.js?v=fb358534:2485
invoker @ chunk-3VLAASFC.js?v=fb358534:11474
Index.vue:763 [intlify] Fall back to translate 'Delete Member' key with 'en' locale.
overrideMethod @ hook.js:608
warn @ vue-i18n.js?v=fb358534:24
resolveMessageFormat @ vue-i18n.js?v=fb358534:2995
translate @ vue-i18n.js?v=fb358534:2924
(anonymous) @ vue-i18n.js?v=fb358534:4120
wrapWithDeps @ vue-i18n.js?v=fb358534:4081
t @ vue-i18n.js?v=fb358534:4120
(anonymous) @ Index.vue:763
renderFnWithContext @ chunk-3VLAASFC.js?v=fb358534:2967
renderSlot @ chunk-3VLAASFC.js?v=fb358534:5290
(anonymous) @ VesselLayout.vue:5
renderFnWithContext @ chunk-3VLAASFC.js?v=fb358534:2967
renderSlot @ chunk-3VLAASFC.js?v=fb358534:5290
(anonymous) @ AppSidebarLayout.vue:23
renderFnWithContext @ chunk-3VLAASFC.js?v=fb358534:2967
renderSlot @ chunk-3VLAASFC.js?v=fb358534:5290
(anonymous) @ AppContent.vue:16
renderFnWithContext @ chunk-3VLAASFC.js?v=fb358534:2967
renderSlot @ chunk-3VLAASFC.js?v=fb358534:5290
_sfc_render @ SidebarInset.vue:19
renderComponentRoot @ chunk-3VLAASFC.js?v=fb358534:8849
componentUpdateFn @ chunk-3VLAASFC.js?v=fb358534:7641
run @ chunk-3VLAASFC.js?v=fb358534:683
setupRenderEffect @ chunk-3VLAASFC.js?v=fb358534:7776
mountComponent @ chunk-3VLAASFC.js?v=fb358534:7550
processComponent @ chunk-3VLAASFC.js?v=fb358534:7502
patch @ chunk-3VLAASFC.js?v=fb358534:7016
componentUpdateFn @ chunk-3VLAASFC.js?v=fb358534:7648
run @ chunk-3VLAASFC.js?v=fb358534:683
setupRenderEffect @ chunk-3VLAASFC.js?v=fb358534:7776
mountComponent @ chunk-3VLAASFC.js?v=fb358534:7550
processComponent @ chunk-3VLAASFC.js?v=fb358534:7502
patch @ chunk-3VLAASFC.js?v=fb358534:7016
mountChildren @ chunk-3VLAASFC.js?v=fb358534:7250
processFragment @ chunk-3VLAASFC.js?v=fb358534:7432
patch @ chunk-3VLAASFC.js?v=fb358534:6990
mountChildren @ chunk-3VLAASFC.js?v=fb358534:7250
processFragment @ chunk-3VLAASFC.js?v=fb358534:7432
patch @ chunk-3VLAASFC.js?v=fb358534:6990
mountChildren @ chunk-3VLAASFC.js?v=fb358534:7250
mountElement @ chunk-3VLAASFC.js?v=fb358534:7173
processElement @ chunk-3VLAASFC.js?v=fb358534:7138
patch @ chunk-3VLAASFC.js?v=fb358534:7004
mountChildren @ chunk-3VLAASFC.js?v=fb358534:7250
processFragment @ chunk-3VLAASFC.js?v=fb358534:7432
patch @ chunk-3VLAASFC.js?v=fb358534:6990
componentUpdateFn @ chunk-3VLAASFC.js?v=fb358534:7648
run @ chunk-3VLAASFC.js?v=fb358534:683
setupRenderEffect @ chunk-3VLAASFC.js?v=fb358534:7776
mountComponent @ chunk-3VLAASFC.js?v=fb358534:7550
processComponent @ chunk-3VLAASFC.js?v=fb358534:7502
patch @ chunk-3VLAASFC.js?v=fb358534:7016
componentUpdateFn @ chunk-3VLAASFC.js?v=fb358534:7648
run @ chunk-3VLAASFC.js?v=fb358534:683
setupRenderEffect @ chunk-3VLAASFC.js?v=fb358534:7776
mountComponent @ chunk-3VLAASFC.js?v=fb358534:7550
processComponent @ chunk-3VLAASFC.js?v=fb358534:7502
patch @ chunk-3VLAASFC.js?v=fb358534:7016
componentUpdateFn @ chunk-3VLAASFC.js?v=fb358534:7648
run @ chunk-3VLAASFC.js?v=fb358534:683
setupRenderEffect @ chunk-3VLAASFC.js?v=fb358534:7776
mountComponent @ chunk-3VLAASFC.js?v=fb358534:7550
processComponent @ chunk-3VLAASFC.js?v=fb358534:7502
patch @ chunk-3VLAASFC.js?v=fb358534:7016
componentUpdateFn @ chunk-3VLAASFC.js?v=fb358534:7648
run @ chunk-3VLAASFC.js?v=fb358534:683
setupRenderEffect @ chunk-3VLAASFC.js?v=fb358534:7776
mountComponent @ chunk-3VLAASFC.js?v=fb358534:7550
processComponent @ chunk-3VLAASFC.js?v=fb358534:7502
patch @ chunk-3VLAASFC.js?v=fb358534:7016
mountChildren @ chunk-3VLAASFC.js?v=fb358534:7250
mountElement @ chunk-3VLAASFC.js?v=fb358534:7173
processElement @ chunk-3VLAASFC.js?v=fb358534:7138
patch @ chunk-3VLAASFC.js?v=fb358534:7004
componentUpdateFn @ chunk-3VLAASFC.js?v=fb358534:7648
run @ chunk-3VLAASFC.js?v=fb358534:683
setupRenderEffect @ chunk-3VLAASFC.js?v=fb358534:7776
mountComponent @ chunk-3VLAASFC.js?v=fb358534:7550
processComponent @ chunk-3VLAASFC.js?v=fb358534:7502
patch @ chunk-3VLAASFC.js?v=fb358534:7016
mountChildren @ chunk-3VLAASFC.js?v=fb358534:7250
processFragment @ chunk-3VLAASFC.js?v=fb358534:7432
patch @ chunk-3VLAASFC.js?v=fb358534:6990
componentUpdateFn @ chunk-3VLAASFC.js?v=fb358534:7648
run @ chunk-3VLAASFC.js?v=fb358534:683
setupRenderEffect @ chunk-3VLAASFC.js?v=fb358534:7776
mountComponent @ chunk-3VLAASFC.js?v=fb358534:7550
processComponent @ chunk-3VLAASFC.js?v=fb358534:7502
patch @ chunk-3VLAASFC.js?v=fb358534:7016
componentUpdateFn @ chunk-3VLAASFC.js?v=fb358534:7728
run @ chunk-3VLAASFC.js?v=fb358534:683
runIfDirty @ chunk-3VLAASFC.js?v=fb358534:721
callWithErrorHandling @ chunk-3VLAASFC.js?v=fb358534:2467
flushJobs @ chunk-3VLAASFC.js?v=fb358534:2675
Promise.then
queueFlush @ chunk-3VLAASFC.js?v=fb358534:2589
queueJob @ chunk-3VLAASFC.js?v=fb358534:2584
effect2.scheduler @ chunk-3VLAASFC.js?v=fb358534:7770
trigger @ chunk-3VLAASFC.js?v=fb358534:711
endBatch @ chunk-3VLAASFC.js?v=fb358534:769
notify @ chunk-3VLAASFC.js?v=fb358534:1031
trigger @ chunk-3VLAASFC.js?v=fb358534:1005
set value @ chunk-3VLAASFC.js?v=fb358534:1877
swapComponent @ @inertiajs_vue3.js?v=fb358534:315
swap @ chunk-DTND7MSH.js?v=fb358534:9548
(anonymous) @ chunk-DTND7MSH.js?v=fb358534:9501
Promise.then
(anonymous) @ chunk-DTND7MSH.js?v=fb358534:9490
Promise.then
set @ chunk-DTND7MSH.js?v=fb358534:9481
setPage @ chunk-DTND7MSH.js?v=fb358534:10532
await in setPage
process @ chunk-DTND7MSH.js?v=fb358534:10459
await in process
(anonymous) @ chunk-DTND7MSH.js?v=fb358534:10444
processNext @ chunk-DTND7MSH.js?v=fb358534:9585
process @ chunk-DTND7MSH.js?v=fb358534:9577
add @ chunk-DTND7MSH.js?v=fb358534:9574
handle @ chunk-DTND7MSH.js?v=fb358534:10444
(anonymous) @ chunk-DTND7MSH.js?v=fb358534:10684
Promise.then
send @ chunk-DTND7MSH.js?v=fb358534:10682
send @ chunk-DTND7MSH.js?v=fb358534:10759
visit @ chunk-DTND7MSH.js?v=fb358534:10891
onClick @ @inertiajs_vue3.js?v=fb358534:983
(anonymous) @ chunk-3VLAASFC.js?v=fb358534:11503
callWithErrorHandling @ chunk-3VLAASFC.js?v=fb358534:2467
callWithAsyncErrorHandling @ chunk-3VLAASFC.js?v=fb358534:2474
callWithAsyncErrorHandling @ chunk-3VLAASFC.js?v=fb358534:2485
invoker @ chunk-3VLAASFC.js?v=fb358534:11474
Index.vue:775 [intlify] Not found 'Cancel Invitation' key in 'pt' locale messages.
overrideMethod @ hook.js:608
warn @ vue-i18n.js?v=fb358534:24
handleMissing @ vue-i18n.js?v=fb358534:2724
resolveMessageFormat @ vue-i18n.js?v=fb358534:3046
translate @ vue-i18n.js?v=fb358534:2924
(anonymous) @ vue-i18n.js?v=fb358534:4120
wrapWithDeps @ vue-i18n.js?v=fb358534:4081
t @ vue-i18n.js?v=fb358534:4120
(anonymous) @ Index.vue:775
renderFnWithContext @ chunk-3VLAASFC.js?v=fb358534:2967
renderSlot @ chunk-3VLAASFC.js?v=fb358534:5290
(anonymous) @ VesselLayout.vue:5
renderFnWithContext @ chunk-3VLAASFC.js?v=fb358534:2967
renderSlot @ chunk-3VLAASFC.js?v=fb358534:5290
(anonymous) @ AppSidebarLayout.vue:23
renderFnWithContext @ chunk-3VLAASFC.js?v=fb358534:2967
renderSlot @ chunk-3VLAASFC.js?v=fb358534:5290
(anonymous) @ AppContent.vue:16
renderFnWithContext @ chunk-3VLAASFC.js?v=fb358534:2967
renderSlot @ chunk-3VLAASFC.js?v=fb358534:5290
_sfc_render @ SidebarInset.vue:19
renderComponentRoot @ chunk-3VLAASFC.js?v=fb358534:8849
componentUpdateFn @ chunk-3VLAASFC.js?v=fb358534:7641
run @ chunk-3VLAASFC.js?v=fb358534:683
setupRenderEffect @ chunk-3VLAASFC.js?v=fb358534:7776
mountComponent @ chunk-3VLAASFC.js?v=fb358534:7550
processComponent @ chunk-3VLAASFC.js?v=fb358534:7502
patch @ chunk-3VLAASFC.js?v=fb358534:7016
componentUpdateFn @ chunk-3VLAASFC.js?v=fb358534:7648
run @ chunk-3VLAASFC.js?v=fb358534:683
setupRenderEffect @ chunk-3VLAASFC.js?v=fb358534:7776
mountComponent @ chunk-3VLAASFC.js?v=fb358534:7550
processComponent @ chunk-3VLAASFC.js?v=fb358534:7502
patch @ chunk-3VLAASFC.js?v=fb358534:7016
mountChildren @ chunk-3VLAASFC.js?v=fb358534:7250
processFragment @ chunk-3VLAASFC.js?v=fb358534:7432
patch @ chunk-3VLAASFC.js?v=fb358534:6990
mountChildren @ chunk-3VLAASFC.js?v=fb358534:7250
processFragment @ chunk-3VLAASFC.js?v=fb358534:7432
patch @ chunk-3VLAASFC.js?v=fb358534:6990
mountChildren @ chunk-3VLAASFC.js?v=fb358534:7250
mountElement @ chunk-3VLAASFC.js?v=fb358534:7173
processElement @ chunk-3VLAASFC.js?v=fb358534:7138
patch @ chunk-3VLAASFC.js?v=fb358534:7004
mountChildren @ chunk-3VLAASFC.js?v=fb358534:7250
processFragment @ chunk-3VLAASFC.js?v=fb358534:7432
patch @ chunk-3VLAASFC.js?v=fb358534:6990
componentUpdateFn @ chunk-3VLAASFC.js?v=fb358534:7648
run @ chunk-3VLAASFC.js?v=fb358534:683
setupRenderEffect @ chunk-3VLAASFC.js?v=fb358534:7776
mountComponent @ chunk-3VLAASFC.js?v=fb358534:7550
processComponent @ chunk-3VLAASFC.js?v=fb358534:7502
patch @ chunk-3VLAASFC.js?v=fb358534:7016
componentUpdateFn @ chunk-3VLAASFC.js?v=fb358534:7648
run @ chunk-3VLAASFC.js?v=fb358534:683
setupRenderEffect @ chunk-3VLAASFC.js?v=fb358534:7776
mountComponent @ chunk-3VLAASFC.js?v=fb358534:7550
processComponent @ chunk-3VLAASFC.js?v=fb358534:7502
patch @ chunk-3VLAASFC.js?v=fb358534:7016
componentUpdateFn @ chunk-3VLAASFC.js?v=fb358534:7648
run @ chunk-3VLAASFC.js?v=fb358534:683
setupRenderEffect @ chunk-3VLAASFC.js?v=fb358534:7776
mountComponent @ chunk-3VLAASFC.js?v=fb358534:7550
processComponent @ chunk-3VLAASFC.js?v=fb358534:7502
patch @ chunk-3VLAASFC.js?v=fb358534:7016
componentUpdateFn @ chunk-3VLAASFC.js?v=fb358534:7648
run @ chunk-3VLAASFC.js?v=fb358534:683
setupRenderEffect @ chunk-3VLAASFC.js?v=fb358534:7776
mountComponent @ chunk-3VLAASFC.js?v=fb358534:7550
processComponent @ chunk-3VLAASFC.js?v=fb358534:7502
patch @ chunk-3VLAASFC.js?v=fb358534:7016
mountChildren @ chunk-3VLAASFC.js?v=fb358534:7250
mountElement @ chunk-3VLAASFC.js?v=fb358534:7173
processElement @ chunk-3VLAASFC.js?v=fb358534:7138
patch @ chunk-3VLAASFC.js?v=fb358534:7004
componentUpdateFn @ chunk-3VLAASFC.js?v=fb358534:7648
run @ chunk-3VLAASFC.js?v=fb358534:683
setupRenderEffect @ chunk-3VLAASFC.js?v=fb358534:7776
mountComponent @ chunk-3VLAASFC.js?v=fb358534:7550
processComponent @ chunk-3VLAASFC.js?v=fb358534:7502
patch @ chunk-3VLAASFC.js?v=fb358534:7016
mountChildren @ chunk-3VLAASFC.js?v=fb358534:7250
processFragment @ chunk-3VLAASFC.js?v=fb358534:7432
patch @ chunk-3VLAASFC.js?v=fb358534:6990
componentUpdateFn @ chunk-3VLAASFC.js?v=fb358534:7648
run @ chunk-3VLAASFC.js?v=fb358534:683
setupRenderEffect @ chunk-3VLAASFC.js?v=fb358534:7776
mountComponent @ chunk-3VLAASFC.js?v=fb358534:7550
processComponent @ chunk-3VLAASFC.js?v=fb358534:7502
patch @ chunk-3VLAASFC.js?v=fb358534:7016
componentUpdateFn @ chunk-3VLAASFC.js?v=fb358534:7728
run @ chunk-3VLAASFC.js?v=fb358534:683
runIfDirty @ chunk-3VLAASFC.js?v=fb358534:721
callWithErrorHandling @ chunk-3VLAASFC.js?v=fb358534:2467
flushJobs @ chunk-3VLAASFC.js?v=fb358534:2675
Promise.then
queueFlush @ chunk-3VLAASFC.js?v=fb358534:2589
queueJob @ chunk-3VLAASFC.js?v=fb358534:2584
effect2.scheduler @ chunk-3VLAASFC.js?v=fb358534:7770
trigger @ chunk-3VLAASFC.js?v=fb358534:711
endBatch @ chunk-3VLAASFC.js?v=fb358534:769
notify @ chunk-3VLAASFC.js?v=fb358534:1031
trigger @ chunk-3VLAASFC.js?v=fb358534:1005
set value @ chunk-3VLAASFC.js?v=fb358534:1877
swapComponent @ @inertiajs_vue3.js?v=fb358534:315
swap @ chunk-DTND7MSH.js?v=fb358534:9548
(anonymous) @ chunk-DTND7MSH.js?v=fb358534:9501
Promise.then
(anonymous) @ chunk-DTND7MSH.js?v=fb358534:9490
Promise.then
set @ chunk-DTND7MSH.js?v=fb358534:9481
setPage @ chunk-DTND7MSH.js?v=fb358534:10532
await in setPage
process @ chunk-DTND7MSH.js?v=fb358534:10459
await in process
(anonymous) @ chunk-DTND7MSH.js?v=fb358534:10444
processNext @ chunk-DTND7MSH.js?v=fb358534:9585
process @ chunk-DTND7MSH.js?v=fb358534:9577
add @ chunk-DTND7MSH.js?v=fb358534:9574
handle @ chunk-DTND7MSH.js?v=fb358534:10444
(anonymous) @ chunk-DTND7MSH.js?v=fb358534:10684
Promise.then
send @ chunk-DTND7MSH.js?v=fb358534:10682
send @ chunk-DTND7MSH.js?v=fb358534:10759
visit @ chunk-DTND7MSH.js?v=fb358534:10891
onClick @ @inertiajs_vue3.js?v=fb358534:983
(anonymous) @ chunk-3VLAASFC.js?v=fb358534:11503
callWithErrorHandling @ chunk-3VLAASFC.js?v=fb358534:2467
callWithAsyncErrorHandling @ chunk-3VLAASFC.js?v=fb358534:2474
callWithAsyncErrorHandling @ chunk-3VLAASFC.js?v=fb358534:2485
invoker @ chunk-3VLAASFC.js?v=fb358534:11474
Index.vue:775 [intlify] Fall back to translate 'Cancel Invitation' key with 'en' locale.
overrideMethod @ hook.js:608
warn @ vue-i18n.js?v=fb358534:24
resolveMessageFormat @ vue-i18n.js?v=fb358534:2995
translate @ vue-i18n.js?v=fb358534:2924
(anonymous) @ vue-i18n.js?v=fb358534:4120
wrapWithDeps @ vue-i18n.js?v=fb358534:4081
t @ vue-i18n.js?v=fb358534:4120
(anonymous) @ Index.vue:775
renderFnWithContext @ chunk-3VLAASFC.js?v=fb358534:2967
renderSlot @ chunk-3VLAASFC.js?v=fb358534:5290
(anonymous) @ VesselLayout.vue:5
renderFnWithContext @ chunk-3VLAASFC.js?v=fb358534:2967
renderSlot @ chunk-3VLAASFC.js?v=fb358534:5290
(anonymous) @ AppSidebarLayout.vue:23
renderFnWithContext @ chunk-3VLAASFC.js?v=fb358534:2967
renderSlot @ chunk-3VLAASFC.js?v=fb358534:5290
(anonymous) @ AppContent.vue:16
renderFnWithContext @ chunk-3VLAASFC.js?v=fb358534:2967
renderSlot @ chunk-3VLAASFC.js?v=fb358534:5290
_sfc_render @ SidebarInset.vue:19
renderComponentRoot @ chunk-3VLAASFC.js?v=fb358534:8849
componentUpdateFn @ chunk-3VLAASFC.js?v=fb358534:7641
run @ chunk-3VLAASFC.js?v=fb358534:683
setupRenderEffect @ chunk-3VLAASFC.js?v=fb358534:7776
mountComponent @ chunk-3VLAASFC.js?v=fb358534:7550
processComponent @ chunk-3VLAASFC.js?v=fb358534:7502
patch @ chunk-3VLAASFC.js?v=fb358534:7016
componentUpdateFn @ chunk-3VLAASFC.js?v=fb358534:7648
run @ chunk-3VLAASFC.js?v=fb358534:683
setupRenderEffect @ chunk-3VLAASFC.js?v=fb358534:7776
mountComponent @ chunk-3VLAASFC.js?v=fb358534:7550
processComponent @ chunk-3VLAASFC.js?v=fb358534:7502
patch @ chunk-3VLAASFC.js?v=fb358534:7016
mountChildren @ chunk-3VLAASFC.js?v=fb358534:7250
processFragment @ chunk-3VLAASFC.js?v=fb358534:7432
patch @ chunk-3VLAASFC.js?v=fb358534:6990
mountChildren @ chunk-3VLAASFC.js?v=fb358534:7250
processFragment @ chunk-3VLAASFC.js?v=fb358534:7432
patch @ chunk-3VLAASFC.js?v=fb358534:6990
mountChildren @ chunk-3VLAASFC.js?v=fb358534:7250
mountElement @ chunk-3VLAASFC.js?v=fb358534:7173
processElement @ chunk-3VLAASFC.js?v=fb358534:7138
patch @ chunk-3VLAASFC.js?v=fb358534:7004
mountChildren @ chunk-3VLAASFC.js?v=fb358534:7250
processFragment @ chunk-3VLAASFC.js?v=fb358534:7432
patch @ chunk-3VLAASFC.js?v=fb358534:6990
componentUpdateFn @ chunk-3VLAASFC.js?v=fb358534:7648
run @ chunk-3VLAASFC.js?v=fb358534:683
setupRenderEffect @ chunk-3VLAASFC.js?v=fb358534:7776
mountComponent @ chunk-3VLAASFC.js?v=fb358534:7550
processComponent @ chunk-3VLAASFC.js?v=fb358534:7502
patch @ chunk-3VLAASFC.js?v=fb358534:7016
componentUpdateFn @ chunk-3VLAASFC.js?v=fb358534:7648
run @ chunk-3VLAASFC.js?v=fb358534:683
setupRenderEffect @ chunk-3VLAASFC.js?v=fb358534:7776
mountComponent @ chunk-3VLAASFC.js?v=fb358534:7550
processComponent @ chunk-3VLAASFC.js?v=fb358534:7502
patch @ chunk-3VLAASFC.js?v=fb358534:7016
componentUpdateFn @ chunk-3VLAASFC.js?v=fb358534:7648
run @ chunk-3VLAASFC.js?v=fb358534:683
setupRenderEffect @ chunk-3VLAASFC.js?v=fb358534:7776
mountComponent @ chunk-3VLAASFC.js?v=fb358534:7550
processComponent @ chunk-3VLAASFC.js?v=fb358534:7502
patch @ chunk-3VLAASFC.js?v=fb358534:7016
componentUpdateFn @ chunk-3VLAASFC.js?v=fb358534:7648
run @ chunk-3VLAASFC.js?v=fb358534:683
setupRenderEffect @ chunk-3VLAASFC.js?v=fb358534:7776
mountComponent @ chunk-3VLAASFC.js?v=fb358534:7550
processComponent @ chunk-3VLAASFC.js?v=fb358534:7502
patch @ chunk-3VLAASFC.js?v=fb358534:7016
mountChildren @ chunk-3VLAASFC.js?v=fb358534:7250
mountElement @ chunk-3VLAASFC.js?v=fb358534:7173
processElement @ chunk-3VLAASFC.js?v=fb358534:7138
patch @ chunk-3VLAASFC.js?v=fb358534:7004
componentUpdateFn @ chunk-3VLAASFC.js?v=fb358534:7648
run @ chunk-3VLAASFC.js?v=fb358534:683
setupRenderEffect @ chunk-3VLAASFC.js?v=fb358534:7776
mountComponent @ chunk-3VLAASFC.js?v=fb358534:7550
processComponent @ chunk-3VLAASFC.js?v=fb358534:7502
patch @ chunk-3VLAASFC.js?v=fb358534:7016
mountChildren @ chunk-3VLAASFC.js?v=fb358534:7250
processFragment @ chunk-3VLAASFC.js?v=fb358534:7432
patch @ chunk-3VLAASFC.js?v=fb358534:6990
componentUpdateFn @ chunk-3VLAASFC.js?v=fb358534:7648
run @ chunk-3VLAASFC.js?v=fb358534:683
setupRenderEffect @ chunk-3VLAASFC.js?v=fb358534:7776
mountComponent @ chunk-3VLAASFC.js?v=fb358534:7550
processComponent @ chunk-3VLAASFC.js?v=fb358534:7502
patch @ chunk-3VLAASFC.js?v=fb358534:7016
componentUpdateFn @ chunk-3VLAASFC.js?v=fb358534:7728
run @ chunk-3VLAASFC.js?v=fb358534:683
runIfDirty @ chunk-3VLAASFC.js?v=fb358534:721
callWithErrorHandling @ chunk-3VLAASFC.js?v=fb358534:2467
flushJobs @ chunk-3VLAASFC.js?v=fb358534:2675
Promise.then
queueFlush @ chunk-3VLAASFC.js?v=fb358534:2589
queueJob @ chunk-3VLAASFC.js?v=fb358534:2584
effect2.scheduler @ chunk-3VLAASFC.js?v=fb358534:7770
trigger @ chunk-3VLAASFC.js?v=fb358534:711
endBatch @ chunk-3VLAASFC.js?v=fb358534:769
notify @ chunk-3VLAASFC.js?v=fb358534:1031
trigger @ chunk-3VLAASFC.js?v=fb358534:1005
set value @ chunk-3VLAASFC.js?v=fb358534:1877
swapComponent @ @inertiajs_vue3.js?v=fb358534:315
swap @ chunk-DTND7MSH.js?v=fb358534:9548
(anonymous) @ chunk-DTND7MSH.js?v=fb358534:9501
Promise.then
(anonymous) @ chunk-DTND7MSH.js?v=fb358534:9490
Promise.then
set @ chunk-DTND7MSH.js?v=fb358534:9481
setPage @ chunk-DTND7MSH.js?v=fb358534:10532
await in setPage
process @ chunk-DTND7MSH.js?v=fb358534:10459
await in process
(anonymous) @ chunk-DTND7MSH.js?v=fb358534:10444
processNext @ chunk-DTND7MSH.js?v=fb358534:9585
process @ chunk-DTND7MSH.js?v=fb358534:9577
add @ chunk-DTND7MSH.js?v=fb358534:9574
handle @ chunk-DTND7MSH.js?v=fb358534:10444
(anonymous) @ chunk-DTND7MSH.js?v=fb358534:10684
Promise.then
send @ chunk-DTND7MSH.js?v=fb358534:10682
send @ chunk-DTND7MSH.js?v=fb358534:10759
visit @ chunk-DTND7MSH.js?v=fb358534:10891
onClick @ @inertiajs_vue3.js?v=fb358534:983
(anonymous) @ chunk-3VLAASFC.js?v=fb358534:11503
callWithErrorHandling @ chunk-3VLAASFC.js?v=fb358534:2467
callWithAsyncErrorHandling @ chunk-3VLAASFC.js?v=fb358534:2474
callWithAsyncErrorHandling @ chunk-3VLAASFC.js?v=fb358534:2485
invoker @ chunk-3VLAASFC.js?v=fb358534:11474
Index.vue:775 [intlify] Not found 'Cancel Invitation' key in 'en' locale messages.
overrideMethod @ hook.js:608
warn @ vue-i18n.js?v=fb358534:24
handleMissing @ vue-i18n.js?v=fb358534:2724
resolveMessageFormat @ vue-i18n.js?v=fb358534:3046
translate @ vue-i18n.js?v=fb358534:2924
(anonymous) @ vue-i18n.js?v=fb358534:4120
wrapWithDeps @ vue-i18n.js?v=fb358534:4081
t @ vue-i18n.js?v=fb358534:4120
(anonymous) @ Index.vue:775
renderFnWithContext @ chunk-3VLAASFC.js?v=fb358534:2967
renderSlot @ chunk-3VLAASFC.js?v=fb358534:5290
(anonymous) @ VesselLayout.vue:5
renderFnWithContext @ chunk-3VLAASFC.js?v=fb358534:2967
renderSlot @ chunk-3VLAASFC.js?v=fb358534:5290
(anonymous) @ AppSidebarLayout.vue:23
renderFnWithContext @ chunk-3VLAASFC.js?v=fb358534:2967
renderSlot @ chunk-3VLAASFC.js?v=fb358534:5290
(anonymous) @ AppContent.vue:16
renderFnWithContext @ chunk-3VLAASFC.js?v=fb358534:2967
renderSlot @ chunk-3VLAASFC.js?v=fb358534:5290
_sfc_render @ SidebarInset.vue:19
renderComponentRoot @ chunk-3VLAASFC.js?v=fb358534:8849
componentUpdateFn @ chunk-3VLAASFC.js?v=fb358534:7641
run @ chunk-3VLAASFC.js?v=fb358534:683
setupRenderEffect @ chunk-3VLAASFC.js?v=fb358534:7776
mountComponent @ chunk-3VLAASFC.js?v=fb358534:7550
processComponent @ chunk-3VLAASFC.js?v=fb358534:7502
patch @ chunk-3VLAASFC.js?v=fb358534:7016
componentUpdateFn @ chunk-3VLAASFC.js?v=fb358534:7648
run @ chunk-3VLAASFC.js?v=fb358534:683
setupRenderEffect @ chunk-3VLAASFC.js?v=fb358534:7776
mountComponent @ chunk-3VLAASFC.js?v=fb358534:7550
processComponent @ chunk-3VLAASFC.js?v=fb358534:7502
patch @ chunk-3VLAASFC.js?v=fb358534:7016
mountChildren @ chunk-3VLAASFC.js?v=fb358534:7250
processFragment @ chunk-3VLAASFC.js?v=fb358534:7432
patch @ chunk-3VLAASFC.js?v=fb358534:6990
mountChildren @ chunk-3VLAASFC.js?v=fb358534:7250
processFragment @ chunk-3VLAASFC.js?v=fb358534:7432
patch @ chunk-3VLAASFC.js?v=fb358534:6990
mountChildren @ chunk-3VLAASFC.js?v=fb358534:7250
mountElement @ chunk-3VLAASFC.js?v=fb358534:7173
processElement @ chunk-3VLAASFC.js?v=fb358534:7138
patch @ chunk-3VLAASFC.js?v=fb358534:7004
mountChildren @ chunk-3VLAASFC.js?v=fb358534:7250
processFragment @ chunk-3VLAASFC.js?v=fb358534:7432
patch @ chunk-3VLAASFC.js?v=fb358534:6990
componentUpdateFn @ chunk-3VLAASFC.js?v=fb358534:7648
run @ chunk-3VLAASFC.js?v=fb358534:683
setupRenderEffect @ chunk-3VLAASFC.js?v=fb358534:7776
mountComponent @ chunk-3VLAASFC.js?v=fb358534:7550
processComponent @ chunk-3VLAASFC.js?v=fb358534:7502
patch @ chunk-3VLAASFC.js?v=fb358534:7016
componentUpdateFn @ chunk-3VLAASFC.js?v=fb358534:7648
run @ chunk-3VLAASFC.js?v=fb358534:683
setupRenderEffect @ chunk-3VLAASFC.js?v=fb358534:7776
mountComponent @ chunk-3VLAASFC.js?v=fb358534:7550
processComponent @ chunk-3VLAASFC.js?v=fb358534:7502
patch @ chunk-3VLAASFC.js?v=fb358534:7016
componentUpdateFn @ chunk-3VLAASFC.js?v=fb358534:7648
run @ chunk-3VLAASFC.js?v=fb358534:683
setupRenderEffect @ chunk-3VLAASFC.js?v=fb358534:7776
mountComponent @ chunk-3VLAASFC.js?v=fb358534:7550
processComponent @ chunk-3VLAASFC.js?v=fb358534:7502
patch @ chunk-3VLAASFC.js?v=fb358534:7016
componentUpdateFn @ chunk-3VLAASFC.js?v=fb358534:7648
run @ chunk-3VLAASFC.js?v=fb358534:683
setupRenderEffect @ chunk-3VLAASFC.js?v=fb358534:7776
mountComponent @ chunk-3VLAASFC.js?v=fb358534:7550
processComponent @ chunk-3VLAASFC.js?v=fb358534:7502
patch @ chunk-3VLAASFC.js?v=fb358534:7016
mountChildren @ chunk-3VLAASFC.js?v=fb358534:7250
mountElement @ chunk-3VLAASFC.js?v=fb358534:7173
processElement @ chunk-3VLAASFC.js?v=fb358534:7138
patch @ chunk-3VLAASFC.js?v=fb358534:7004
componentUpdateFn @ chunk-3VLAASFC.js?v=fb358534:7648
run @ chunk-3VLAASFC.js?v=fb358534:683
setupRenderEffect @ chunk-3VLAASFC.js?v=fb358534:7776
mountComponent @ chunk-3VLAASFC.js?v=fb358534:7550
processComponent @ chunk-3VLAASFC.js?v=fb358534:7502
patch @ chunk-3VLAASFC.js?v=fb358534:7016
mountChildren @ chunk-3VLAASFC.js?v=fb358534:7250
processFragment @ chunk-3VLAASFC.js?v=fb358534:7432
patch @ chunk-3VLAASFC.js?v=fb358534:6990
componentUpdateFn @ chunk-3VLAASFC.js?v=fb358534:7648
run @ chunk-3VLAASFC.js?v=fb358534:683
setupRenderEffect @ chunk-3VLAASFC.js?v=fb358534:7776
mountComponent @ chunk-3VLAASFC.js?v=fb358534:7550
processComponent @ chunk-3VLAASFC.js?v=fb358534:7502
patch @ chunk-3VLAASFC.js?v=fb358534:7016
componentUpdateFn @ chunk-3VLAASFC.js?v=fb358534:7728
run @ chunk-3VLAASFC.js?v=fb358534:683
runIfDirty @ chunk-3VLAASFC.js?v=fb358534:721
callWithErrorHandling @ chunk-3VLAASFC.js?v=fb358534:2467
flushJobs @ chunk-3VLAASFC.js?v=fb358534:2675
Promise.then
queueFlush @ chunk-3VLAASFC.js?v=fb358534:2589
queueJob @ chunk-3VLAASFC.js?v=fb358534:2584
effect2.scheduler @ chunk-3VLAASFC.js?v=fb358534:7770
trigger @ chunk-3VLAASFC.js?v=fb358534:711
endBatch @ chunk-3VLAASFC.js?v=fb358534:769
notify @ chunk-3VLAASFC.js?v=fb358534:1031
trigger @ chunk-3VLAASFC.js?v=fb358534:1005
set value @ chunk-3VLAASFC.js?v=fb358534:1877
swapComponent @ @inertiajs_vue3.js?v=fb358534:315
swap @ chunk-DTND7MSH.js?v=fb358534:9548
(anonymous) @ chunk-DTND7MSH.js?v=fb358534:9501
Promise.then
(anonymous) @ chunk-DTND7MSH.js?v=fb358534:9490
Promise.then
set @ chunk-DTND7MSH.js?v=fb358534:9481
setPage @ chunk-DTND7MSH.js?v=fb358534:10532
await in setPage
process @ chunk-DTND7MSH.js?v=fb358534:10459
await in process
(anonymous) @ chunk-DTND7MSH.js?v=fb358534:10444
processNext @ chunk-DTND7MSH.js?v=fb358534:9585
process @ chunk-DTND7MSH.js?v=fb358534:9577
add @ chunk-DTND7MSH.js?v=fb358534:9574
handle @ chunk-DTND7MSH.js?v=fb358534:10444
(anonymous) @ chunk-DTND7MSH.js?v=fb358534:10684
Promise.then
send @ chunk-DTND7MSH.js?v=fb358534:10682
send @ chunk-DTND7MSH.js?v=fb358534:10759
visit @ chunk-DTND7MSH.js?v=fb358534:10891
onClick @ @inertiajs_vue3.js?v=fb358534:983
(anonymous) @ chunk-3VLAASFC.js?v=fb358534:11503
callWithErrorHandling @ chunk-3VLAASFC.js?v=fb358534:2467
callWithAsyncErrorHandling @ chunk-3VLAASFC.js?v=fb358534:2474
callWithAsyncErrorHandling @ chunk-3VLAASFC.js?v=fb358534:2485
invoker @ chunk-3VLAASFC.js?v=fb358534:11474
Index.vue:776 [intlify] Not found 'An email will be sent to notify the user.' key in 'pt' locale messages.
overrideMethod @ hook.js:608
warn @ vue-i18n.js?v=fb358534:24
handleMissing @ vue-i18n.js?v=fb358534:2724
resolveMessageFormat @ vue-i18n.js?v=fb358534:3046
translate @ vue-i18n.js?v=fb358534:2924
(anonymous) @ vue-i18n.js?v=fb358534:4120
wrapWithDeps @ vue-i18n.js?v=fb358534:4081
t @ vue-i18n.js?v=fb358534:4120
(anonymous) @ Index.vue:776
renderFnWithContext @ chunk-3VLAASFC.js?v=fb358534:2967
renderSlot @ chunk-3VLAASFC.js?v=fb358534:5290
(anonymous) @ VesselLayout.vue:5
renderFnWithContext @ chunk-3VLAASFC.js?v=fb358534:2967
renderSlot @ chunk-3VLAASFC.js?v=fb358534:5290
(anonymous) @ AppSidebarLayout.vue:23
renderFnWithContext @ chunk-3VLAASFC.js?v=fb358534:2967
renderSlot @ chunk-3VLAASFC.js?v=fb358534:5290
(anonymous) @ AppContent.vue:16
renderFnWithContext @ chunk-3VLAASFC.js?v=fb358534:2967
renderSlot @ chunk-3VLAASFC.js?v=fb358534:5290
_sfc_render @ SidebarInset.vue:19
renderComponentRoot @ chunk-3VLAASFC.js?v=fb358534:8849
componentUpdateFn @ chunk-3VLAASFC.js?v=fb358534:7641
run @ chunk-3VLAASFC.js?v=fb358534:683
setupRenderEffect @ chunk-3VLAASFC.js?v=fb358534:7776
mountComponent @ chunk-3VLAASFC.js?v=fb358534:7550
processComponent @ chunk-3VLAASFC.js?v=fb358534:7502
patch @ chunk-3VLAASFC.js?v=fb358534:7016
componentUpdateFn @ chunk-3VLAASFC.js?v=fb358534:7648
run @ chunk-3VLAASFC.js?v=fb358534:683
setupRenderEffect @ chunk-3VLAASFC.js?v=fb358534:7776
mountComponent @ chunk-3VLAASFC.js?v=fb358534:7550
processComponent @ chunk-3VLAASFC.js?v=fb358534:7502
patch @ chunk-3VLAASFC.js?v=fb358534:7016
mountChildren @ chunk-3VLAASFC.js?v=fb358534:7250
processFragment @ chunk-3VLAASFC.js?v=fb358534:7432
patch @ chunk-3VLAASFC.js?v=fb358534:6990
mountChildren @ chunk-3VLAASFC.js?v=fb358534:7250
processFragment @ chunk-3VLAASFC.js?v=fb358534:7432
patch @ chunk-3VLAASFC.js?v=fb358534:6990
mountChildren @ chunk-3VLAASFC.js?v=fb358534:7250
mountElement @ chunk-3VLAASFC.js?v=fb358534:7173
processElement @ chunk-3VLAASFC.js?v=fb358534:7138
patch @ chunk-3VLAASFC.js?v=fb358534:7004
mountChildren @ chunk-3VLAASFC.js?v=fb358534:7250
processFragment @ chunk-3VLAASFC.js?v=fb358534:7432
patch @ chunk-3VLAASFC.js?v=fb358534:6990
componentUpdateFn @ chunk-3VLAASFC.js?v=fb358534:7648
run @ chunk-3VLAASFC.js?v=fb358534:683
setupRenderEffect @ chunk-3VLAASFC.js?v=fb358534:7776
mountComponent @ chunk-3VLAASFC.js?v=fb358534:7550
processComponent @ chunk-3VLAASFC.js?v=fb358534:7502
patch @ chunk-3VLAASFC.js?v=fb358534:7016
componentUpdateFn @ chunk-3VLAASFC.js?v=fb358534:7648
run @ chunk-3VLAASFC.js?v=fb358534:683
setupRenderEffect @ chunk-3VLAASFC.js?v=fb358534:7776
mountComponent @ chunk-3VLAASFC.js?v=fb358534:7550
processComponent @ chunk-3VLAASFC.js?v=fb358534:7502
patch @ chunk-3VLAASFC.js?v=fb358534:7016
componentUpdateFn @ chunk-3VLAASFC.js?v=fb358534:7648
run @ chunk-3VLAASFC.js?v=fb358534:683
setupRenderEffect @ chunk-3VLAASFC.js?v=fb358534:7776
mountComponent @ chunk-3VLAASFC.js?v=fb358534:7550
processComponent @ chunk-3VLAASFC.js?v=fb358534:7502
patch @ chunk-3VLAASFC.js?v=fb358534:7016
componentUpdateFn @ chunk-3VLAASFC.js?v=fb358534:7648
run @ chunk-3VLAASFC.js?v=fb358534:683
setupRenderEffect @ chunk-3VLAASFC.js?v=fb358534:7776
mountComponent @ chunk-3VLAASFC.js?v=fb358534:7550
processComponent @ chunk-3VLAASFC.js?v=fb358534:7502
patch @ chunk-3VLAASFC.js?v=fb358534:7016
mountChildren @ chunk-3VLAASFC.js?v=fb358534:7250
mountElement @ chunk-3VLAASFC.js?v=fb358534:7173
processElement @ chunk-3VLAASFC.js?v=fb358534:7138
patch @ chunk-3VLAASFC.js?v=fb358534:7004
componentUpdateFn @ chunk-3VLAASFC.js?v=fb358534:7648
run @ chunk-3VLAASFC.js?v=fb358534:683
setupRenderEffect @ chunk-3VLAASFC.js?v=fb358534:7776
mountComponent @ chunk-3VLAASFC.js?v=fb358534:7550
processComponent @ chunk-3VLAASFC.js?v=fb358534:7502
patch @ chunk-3VLAASFC.js?v=fb358534:7016
mountChildren @ chunk-3VLAASFC.js?v=fb358534:7250
processFragment @ chunk-3VLAASFC.js?v=fb358534:7432
patch @ chunk-3VLAASFC.js?v=fb358534:6990
componentUpdateFn @ chunk-3VLAASFC.js?v=fb358534:7648
run @ chunk-3VLAASFC.js?v=fb358534:683
setupRenderEffect @ chunk-3VLAASFC.js?v=fb358534:7776
mountComponent @ chunk-3VLAASFC.js?v=fb358534:7550
processComponent @ chunk-3VLAASFC.js?v=fb358534:7502
patch @ chunk-3VLAASFC.js?v=fb358534:7016
componentUpdateFn @ chunk-3VLAASFC.js?v=fb358534:7728
run @ chunk-3VLAASFC.js?v=fb358534:683
runIfDirty @ chunk-3VLAASFC.js?v=fb358534:721
callWithErrorHandling @ chunk-3VLAASFC.js?v=fb358534:2467
flushJobs @ chunk-3VLAASFC.js?v=fb358534:2675
Promise.then
queueFlush @ chunk-3VLAASFC.js?v=fb358534:2589
queueJob @ chunk-3VLAASFC.js?v=fb358534:2584
effect2.scheduler @ chunk-3VLAASFC.js?v=fb358534:7770
trigger @ chunk-3VLAASFC.js?v=fb358534:711
endBatch @ chunk-3VLAASFC.js?v=fb358534:769
notify @ chunk-3VLAASFC.js?v=fb358534:1031
trigger @ chunk-3VLAASFC.js?v=fb358534:1005
set value @ chunk-3VLAASFC.js?v=fb358534:1877
swapComponent @ @inertiajs_vue3.js?v=fb358534:315
swap @ chunk-DTND7MSH.js?v=fb358534:9548
(anonymous) @ chunk-DTND7MSH.js?v=fb358534:9501
Promise.then
(anonymous) @ chunk-DTND7MSH.js?v=fb358534:9490
Promise.then
set @ chunk-DTND7MSH.js?v=fb358534:9481
setPage @ chunk-DTND7MSH.js?v=fb358534:10532
await in setPage
process @ chunk-DTND7MSH.js?v=fb358534:10459
await in process
(anonymous) @ chunk-DTND7MSH.js?v=fb358534:10444
processNext @ chunk-DTND7MSH.js?v=fb358534:9585
process @ chunk-DTND7MSH.js?v=fb358534:9577
add @ chunk-DTND7MSH.js?v=fb358534:9574
handle @ chunk-DTND7MSH.js?v=fb358534:10444
(anonymous) @ chunk-DTND7MSH.js?v=fb358534:10684
Promise.then
send @ chunk-DTND7MSH.js?v=fb358534:10682
send @ chunk-DTND7MSH.js?v=fb358534:10759
visit @ chunk-DTND7MSH.js?v=fb358534:10891
onClick @ @inertiajs_vue3.js?v=fb358534:983
(anonymous) @ chunk-3VLAASFC.js?v=fb358534:11503
callWithErrorHandling @ chunk-3VLAASFC.js?v=fb358534:2467
callWithAsyncErrorHandling @ chunk-3VLAASFC.js?v=fb358534:2474
callWithAsyncErrorHandling @ chunk-3VLAASFC.js?v=fb358534:2485
invoker @ chunk-3VLAASFC.js?v=fb358534:11474
Index.vue:776 [intlify] Fall back to translate 'An email will be sent to notify the user.' key with 'en' locale.
overrideMethod @ hook.js:608
warn @ vue-i18n.js?v=fb358534:24
resolveMessageFormat @ vue-i18n.js?v=fb358534:2995
translate @ vue-i18n.js?v=fb358534:2924
(anonymous) @ vue-i18n.js?v=fb358534:4120
wrapWithDeps @ vue-i18n.js?v=fb358534:4081
t @ vue-i18n.js?v=fb358534:4120
(anonymous) @ Index.vue:776
renderFnWithContext @ chunk-3VLAASFC.js?v=fb358534:2967
renderSlot @ chunk-3VLAASFC.js?v=fb358534:5290
(anonymous) @ VesselLayout.vue:5
renderFnWithContext @ chunk-3VLAASFC.js?v=fb358534:2967
renderSlot @ chunk-3VLAASFC.js?v=fb358534:5290
(anonymous) @ AppSidebarLayout.vue:23
renderFnWithContext @ chunk-3VLAASFC.js?v=fb358534:2967
renderSlot @ chunk-3VLAASFC.js?v=fb358534:5290
(anonymous) @ AppContent.vue:16
renderFnWithContext @ chunk-3VLAASFC.js?v=fb358534:2967
renderSlot @ chunk-3VLAASFC.js?v=fb358534:5290
_sfc_render @ SidebarInset.vue:19
renderComponentRoot @ chunk-3VLAASFC.js?v=fb358534:8849
componentUpdateFn @ chunk-3VLAASFC.js?v=fb358534:7641
run @ chunk-3VLAASFC.js?v=fb358534:683
setupRenderEffect @ chunk-3VLAASFC.js?v=fb358534:7776
mountComponent @ chunk-3VLAASFC.js?v=fb358534:7550
processComponent @ chunk-3VLAASFC.js?v=fb358534:7502
patch @ chunk-3VLAASFC.js?v=fb358534:7016
componentUpdateFn @ chunk-3VLAASFC.js?v=fb358534:7648
run @ chunk-3VLAASFC.js?v=fb358534:683
setupRenderEffect @ chunk-3VLAASFC.js?v=fb358534:7776
mountComponent @ chunk-3VLAASFC.js?v=fb358534:7550
processComponent @ chunk-3VLAASFC.js?v=fb358534:7502
patch @ chunk-3VLAASFC.js?v=fb358534:7016
mountChildren @ chunk-3VLAASFC.js?v=fb358534:7250
processFragment @ chunk-3VLAASFC.js?v=fb358534:7432
patch @ chunk-3VLAASFC.js?v=fb358534:6990
mountChildren @ chunk-3VLAASFC.js?v=fb358534:7250
processFragment @ chunk-3VLAASFC.js?v=fb358534:7432
patch @ chunk-3VLAASFC.js?v=fb358534:6990
mountChildren @ chunk-3VLAASFC.js?v=fb358534:7250
mountElement @ chunk-3VLAASFC.js?v=fb358534:7173
processElement @ chunk-3VLAASFC.js?v=fb358534:7138
patch @ chunk-3VLAASFC.js?v=fb358534:7004
mountChildren @ chunk-3VLAASFC.js?v=fb358534:7250
processFragment @ chunk-3VLAASFC.js?v=fb358534:7432
patch @ chunk-3VLAASFC.js?v=fb358534:6990
componentUpdateFn @ chunk-3VLAASFC.js?v=fb358534:7648
run @ chunk-3VLAASFC.js?v=fb358534:683
setupRenderEffect @ chunk-3VLAASFC.js?v=fb358534:7776
mountComponent @ chunk-3VLAASFC.js?v=fb358534:7550
processComponent @ chunk-3VLAASFC.js?v=fb358534:7502
patch @ chunk-3VLAASFC.js?v=fb358534:7016
componentUpdateFn @ chunk-3VLAASFC.js?v=fb358534:7648
run @ chunk-3VLAASFC.js?v=fb358534:683
setupRenderEffect @ chunk-3VLAASFC.js?v=fb358534:7776
mountComponent @ chunk-3VLAASFC.js?v=fb358534:7550
processComponent @ chunk-3VLAASFC.js?v=fb358534:7502
patch @ chunk-3VLAASFC.js?v=fb358534:7016
componentUpdateFn @ chunk-3VLAASFC.js?v=fb358534:7648
run @ chunk-3VLAASFC.js?v=fb358534:683
setupRenderEffect @ chunk-3VLAASFC.js?v=fb358534:7776
mountComponent @ chunk-3VLAASFC.js?v=fb358534:7550
processComponent @ chunk-3VLAASFC.js?v=fb358534:7502
patch @ chunk-3VLAASFC.js?v=fb358534:7016
componentUpdateFn @ chunk-3VLAASFC.js?v=fb358534:7648
run @ chunk-3VLAASFC.js?v=fb358534:683
setupRenderEffect @ chunk-3VLAASFC.js?v=fb358534:7776
mountComponent @ chunk-3VLAASFC.js?v=fb358534:7550
processComponent @ chunk-3VLAASFC.js?v=fb358534:7502
patch @ chunk-3VLAASFC.js?v=fb358534:7016
mountChildren @ chunk-3VLAASFC.js?v=fb358534:7250
mountElement @ chunk-3VLAASFC.js?v=fb358534:7173
processElement @ chunk-3VLAASFC.js?v=fb358534:7138
patch @ chunk-3VLAASFC.js?v=fb358534:7004
componentUpdateFn @ chunk-3VLAASFC.js?v=fb358534:7648
run @ chunk-3VLAASFC.js?v=fb358534:683
setupRenderEffect @ chunk-3VLAASFC.js?v=fb358534:7776
mountComponent @ chunk-3VLAASFC.js?v=fb358534:7550
processComponent @ chunk-3VLAASFC.js?v=fb358534:7502
patch @ chunk-3VLAASFC.js?v=fb358534:7016
mountChildren @ chunk-3VLAASFC.js?v=fb358534:7250
processFragment @ chunk-3VLAASFC.js?v=fb358534:7432
patch @ chunk-3VLAASFC.js?v=fb358534:6990
componentUpdateFn @ chunk-3VLAASFC.js?v=fb358534:7648
run @ chunk-3VLAASFC.js?v=fb358534:683
setupRenderEffect @ chunk-3VLAASFC.js?v=fb358534:7776
mountComponent @ chunk-3VLAASFC.js?v=fb358534:7550
processComponent @ chunk-3VLAASFC.js?v=fb358534:7502
patch @ chunk-3VLAASFC.js?v=fb358534:7016
componentUpdateFn @ chunk-3VLAASFC.js?v=fb358534:7728
run @ chunk-3VLAASFC.js?v=fb358534:683
runIfDirty @ chunk-3VLAASFC.js?v=fb358534:721
callWithErrorHandling @ chunk-3VLAASFC.js?v=fb358534:2467
flushJobs @ chunk-3VLAASFC.js?v=fb358534:2675
Promise.then
queueFlush @ chunk-3VLAASFC.js?v=fb358534:2589
queueJob @ chunk-3VLAASFC.js?v=fb358534:2584
effect2.scheduler @ chunk-3VLAASFC.js?v=fb358534:7770
trigger @ chunk-3VLAASFC.js?v=fb358534:711
endBatch @ chunk-3VLAASFC.js?v=fb358534:769
notify @ chunk-3VLAASFC.js?v=fb358534:1031
trigger @ chunk-3VLAASFC.js?v=fb358534:1005
set value @ chunk-3VLAASFC.js?v=fb358534:1877
swapComponent @ @inertiajs_vue3.js?v=fb358534:315
swap @ chunk-DTND7MSH.js?v=fb358534:9548
(anonymous) @ chunk-DTND7MSH.js?v=fb358534:9501
Promise.then
(anonymous) @ chunk-DTND7MSH.js?v=fb358534:9490
Promise.then
set @ chunk-DTND7MSH.js?v=fb358534:9481
setPage @ chunk-DTND7MSH.js?v=fb358534:10532
await in setPage
process @ chunk-DTND7MSH.js?v=fb358534:10459
await in process
(anonymous) @ chunk-DTND7MSH.js?v=fb358534:10444
processNext @ chunk-DTND7MSH.js?v=fb358534:9585
process @ chunk-DTND7MSH.js?v=fb358534:9577
add @ chunk-DTND7MSH.js?v=fb358534:9574
handle @ chunk-DTND7MSH.js?v=fb358534:10444
(anonymous) @ chunk-DTND7MSH.js?v=fb358534:10684
Promise.then
send @ chunk-DTND7MSH.js?v=fb358534:10682
send @ chunk-DTND7MSH.js?v=fb358534:10759
visit @ chunk-DTND7MSH.js?v=fb358534:10891
onClick @ @inertiajs_vue3.js?v=fb358534:983
(anonymous) @ chunk-3VLAASFC.js?v=fb358534:11503
callWithErrorHandling @ chunk-3VLAASFC.js?v=fb358534:2467
callWithAsyncErrorHandling @ chunk-3VLAASFC.js?v=fb358534:2474
callWithAsyncErrorHandling @ chunk-3VLAASFC.js?v=fb358534:2485
invoker @ chunk-3VLAASFC.js?v=fb358534:11474
Index.vue:776 [intlify] Not found 'An email will be sent to notify the user.' key in 'en' locale messages.
overrideMethod @ hook.js:608
warn @ vue-i18n.js?v=fb358534:24
handleMissing @ vue-i18n.js?v=fb358534:2724
resolveMessageFormat @ vue-i18n.js?v=fb358534:3046
translate @ vue-i18n.js?v=fb358534:2924
(anonymous) @ vue-i18n.js?v=fb358534:4120
wrapWithDeps @ vue-i18n.js?v=fb358534:4081
t @ vue-i18n.js?v=fb358534:4120
(anonymous) @ Index.vue:776
renderFnWithContext @ chunk-3VLAASFC.js?v=fb358534:2967
renderSlot @ chunk-3VLAASFC.js?v=fb358534:5290
(anonymous) @ VesselLayout.vue:5
renderFnWithContext @ chunk-3VLAASFC.js?v=fb358534:2967
renderSlot @ chunk-3VLAASFC.js?v=fb358534:5290
(anonymous) @ AppSidebarLayout.vue:23
renderFnWithContext @ chunk-3VLAASFC.js?v=fb358534:2967
renderSlot @ chunk-3VLAASFC.js?v=fb358534:5290
(anonymous) @ AppContent.vue:16
renderFnWithContext @ chunk-3VLAASFC.js?v=fb358534:2967
renderSlot @ chunk-3VLAASFC.js?v=fb358534:5290
_sfc_render @ SidebarInset.vue:19
renderComponentRoot @ chunk-3VLAASFC.js?v=fb358534:8849
componentUpdateFn @ chunk-3VLAASFC.js?v=fb358534:7641
run @ chunk-3VLAASFC.js?v=fb358534:683
setupRenderEffect @ chunk-3VLAASFC.js?v=fb358534:7776
mountComponent @ chunk-3VLAASFC.js?v=fb358534:7550
processComponent @ chunk-3VLAASFC.js?v=fb358534:7502
patch @ chunk-3VLAASFC.js?v=fb358534:7016
componentUpdateFn @ chunk-3VLAASFC.js?v=fb358534:7648
run @ chunk-3VLAASFC.js?v=fb358534:683
setupRenderEffect @ chunk-3VLAASFC.js?v=fb358534:7776
mountComponent @ chunk-3VLAASFC.js?v=fb358534:7550
processComponent @ chunk-3VLAASFC.js?v=fb358534:7502
patch @ chunk-3VLAASFC.js?v=fb358534:7016
mountChildren @ chunk-3VLAASFC.js?v=fb358534:7250
processFragment @ chunk-3VLAASFC.js?v=fb358534:7432
patch @ chunk-3VLAASFC.js?v=fb358534:6990
mountChildren @ chunk-3VLAASFC.js?v=fb358534:7250
processFragment @ chunk-3VLAASFC.js?v=fb358534:7432
patch @ chunk-3VLAASFC.js?v=fb358534:6990
mountChildren @ chunk-3VLAASFC.js?v=fb358534:7250
mountElement @ chunk-3VLAASFC.js?v=fb358534:7173
processElement @ chunk-3VLAASFC.js?v=fb358534:7138
patch @ chunk-3VLAASFC.js?v=fb358534:7004
mountChildren @ chunk-3VLAASFC.js?v=fb358534:7250
processFragment @ chunk-3VLAASFC.js?v=fb358534:7432
patch @ chunk-3VLAASFC.js?v=fb358534:6990
componentUpdateFn @ chunk-3VLAASFC.js?v=fb358534:7648
run @ chunk-3VLAASFC.js?v=fb358534:683
setupRenderEffect @ chunk-3VLAASFC.js?v=fb358534:7776
mountComponent @ chunk-3VLAASFC.js?v=fb358534:7550
processComponent @ chunk-3VLAASFC.js?v=fb358534:7502
patch @ chunk-3VLAASFC.js?v=fb358534:7016
componentUpdateFn @ chunk-3VLAASFC.js?v=fb358534:7648
run @ chunk-3VLAASFC.js?v=fb358534:683
setupRenderEffect @ chunk-3VLAASFC.js?v=fb358534:7776
mountComponent @ chunk-3VLAASFC.js?v=fb358534:7550
processComponent @ chunk-3VLAASFC.js?v=fb358534:7502
patch @ chunk-3VLAASFC.js?v=fb358534:7016
componentUpdateFn @ chunk-3VLAASFC.js?v=fb358534:7648
run @ chunk-3VLAASFC.js?v=fb358534:683
setupRenderEffect @ chunk-3VLAASFC.js?v=fb358534:7776
mountComponent @ chunk-3VLAASFC.js?v=fb358534:7550
processComponent @ chunk-3VLAASFC.js?v=fb358534:7502
patch @ chunk-3VLAASFC.js?v=fb358534:7016
componentUpdateFn @ chunk-3VLAASFC.js?v=fb358534:7648
run @ chunk-3VLAASFC.js?v=fb358534:683
setupRenderEffect @ chunk-3VLAASFC.js?v=fb358534:7776
mountComponent @ chunk-3VLAASFC.js?v=fb358534:7550
processComponent @ chunk-3VLAASFC.js?v=fb358534:7502
patch @ chunk-3VLAASFC.js?v=fb358534:7016
mountChildren @ chunk-3VLAASFC.js?v=fb358534:7250
mountElement @ chunk-3VLAASFC.js?v=fb358534:7173
processElement @ chunk-3VLAASFC.js?v=fb358534:7138
patch @ chunk-3VLAASFC.js?v=fb358534:7004
componentUpdateFn @ chunk-3VLAASFC.js?v=fb358534:7648
run @ chunk-3VLAASFC.js?v=fb358534:683
setupRenderEffect @ chunk-3VLAASFC.js?v=fb358534:7776
mountComponent @ chunk-3VLAASFC.js?v=fb358534:7550
processComponent @ chunk-3VLAASFC.js?v=fb358534:7502
patch @ chunk-3VLAASFC.js?v=fb358534:7016
mountChildren @ chunk-3VLAASFC.js?v=fb358534:7250
processFragment @ chunk-3VLAASFC.js?v=fb358534:7432
patch @ chunk-3VLAASFC.js?v=fb358534:6990
componentUpdateFn @ chunk-3VLAASFC.js?v=fb358534:7648
run @ chunk-3VLAASFC.js?v=fb358534:683
setupRenderEffect @ chunk-3VLAASFC.js?v=fb358534:7776
mountComponent @ chunk-3VLAASFC.js?v=fb358534:7550
processComponent @ chunk-3VLAASFC.js?v=fb358534:7502
patch @ chunk-3VLAASFC.js?v=fb358534:7016
componentUpdateFn @ chunk-3VLAASFC.js?v=fb358534:7728
run @ chunk-3VLAASFC.js?v=fb358534:683
runIfDirty @ chunk-3VLAASFC.js?v=fb358534:721
callWithErrorHandling @ chunk-3VLAASFC.js?v=fb358534:2467
flushJobs @ chunk-3VLAASFC.js?v=fb358534:2675
Promise.then
queueFlush @ chunk-3VLAASFC.js?v=fb358534:2589
queueJob @ chunk-3VLAASFC.js?v=fb358534:2584
effect2.scheduler @ chunk-3VLAASFC.js?v=fb358534:7770
trigger @ chunk-3VLAASFC.js?v=fb358534:711
endBatch @ chunk-3VLAASFC.js?v=fb358534:769
notify @ chunk-3VLAASFC.js?v=fb358534:1031
trigger @ chunk-3VLAASFC.js?v=fb358534:1005
set value @ chunk-3VLAASFC.js?v=fb358534:1877
swapComponent @ @inertiajs_vue3.js?v=fb358534:315
swap @ chunk-DTND7MSH.js?v=fb358534:9548
(anonymous) @ chunk-DTND7MSH.js?v=fb358534:9501
Promise.then
(anonymous) @ chunk-DTND7MSH.js?v=fb358534:9490
Promise.then
set @ chunk-DTND7MSH.js?v=fb358534:9481
setPage @ chunk-DTND7MSH.js?v=fb358534:10532
await in setPage
process @ chunk-DTND7MSH.js?v=fb358534:10459
await in process
(anonymous) @ chunk-DTND7MSH.js?v=fb358534:10444
processNext @ chunk-DTND7MSH.js?v=fb358534:9585
process @ chunk-DTND7MSH.js?v=fb358534:9577
add @ chunk-DTND7MSH.js?v=fb358534:9574
handle @ chunk-DTND7MSH.js?v=fb358534:10444
(anonymous) @ chunk-DTND7MSH.js?v=fb358534:10684
Promise.then
send @ chunk-DTND7MSH.js?v=fb358534:10682
send @ chunk-DTND7MSH.js?v=fb358534:10759
visit @ chunk-DTND7MSH.js?v=fb358534:10891
onClick @ @inertiajs_vue3.js?v=fb358534:983
(anonymous) @ chunk-3VLAASFC.js?v=fb358534:11503
callWithErrorHandling @ chunk-3VLAASFC.js?v=fb358534:2467
callWithAsyncErrorHandling @ chunk-3VLAASFC.js?v=fb358534:2474
callWithAsyncErrorHandling @ chunk-3VLAASFC.js?v=fb358534:2485
invoker @ chunk-3VLAASFC.js?v=fb358534:11474
Index.vue:777 [intlify] Not found 'Are you sure you want to cancel the invitation for' key in 'pt' locale messages.
overrideMethod @ hook.js:608
warn @ vue-i18n.js?v=fb358534:24
handleMissing @ vue-i18n.js?v=fb358534:2724
resolveMessageFormat @ vue-i18n.js?v=fb358534:3046
translate @ vue-i18n.js?v=fb358534:2924
(anonymous) @ vue-i18n.js?v=fb358534:4120
wrapWithDeps @ vue-i18n.js?v=fb358534:4081
t @ vue-i18n.js?v=fb358534:4120
(anonymous) @ Index.vue:777
renderFnWithContext @ chunk-3VLAASFC.js?v=fb358534:2967
renderSlot @ chunk-3VLAASFC.js?v=fb358534:5290
(anonymous) @ VesselLayout.vue:5
renderFnWithContext @ chunk-3VLAASFC.js?v=fb358534:2967
renderSlot @ chunk-3VLAASFC.js?v=fb358534:5290
(anonymous) @ AppSidebarLayout.vue:23
renderFnWithContext @ chunk-3VLAASFC.js?v=fb358534:2967
renderSlot @ chunk-3VLAASFC.js?v=fb358534:5290
(anonymous) @ AppContent.vue:16
renderFnWithContext @ chunk-3VLAASFC.js?v=fb358534:2967
renderSlot @ chunk-3VLAASFC.js?v=fb358534:5290
_sfc_render @ SidebarInset.vue:19
renderComponentRoot @ chunk-3VLAASFC.js?v=fb358534:8849
componentUpdateFn @ chunk-3VLAASFC.js?v=fb358534:7641
run @ chunk-3VLAASFC.js?v=fb358534:683
setupRenderEffect @ chunk-3VLAASFC.js?v=fb358534:7776
mountComponent @ chunk-3VLAASFC.js?v=fb358534:7550
processComponent @ chunk-3VLAASFC.js?v=fb358534:7502
patch @ chunk-3VLAASFC.js?v=fb358534:7016
componentUpdateFn @ chunk-3VLAASFC.js?v=fb358534:7648
run @ chunk-3VLAASFC.js?v=fb358534:683
setupRenderEffect @ chunk-3VLAASFC.js?v=fb358534:7776
mountComponent @ chunk-3VLAASFC.js?v=fb358534:7550
processComponent @ chunk-3VLAASFC.js?v=fb358534:7502
patch @ chunk-3VLAASFC.js?v=fb358534:7016
mountChildren @ chunk-3VLAASFC.js?v=fb358534:7250
processFragment @ chunk-3VLAASFC.js?v=fb358534:7432
patch @ chunk-3VLAASFC.js?v=fb358534:6990
mountChildren @ chunk-3VLAASFC.js?v=fb358534:7250
processFragment @ chunk-3VLAASFC.js?v=fb358534:7432
patch @ chunk-3VLAASFC.js?v=fb358534:6990
mountChildren @ chunk-3VLAASFC.js?v=fb358534:7250
mountElement @ chunk-3VLAASFC.js?v=fb358534:7173
processElement @ chunk-3VLAASFC.js?v=fb358534:7138
patch @ chunk-3VLAASFC.js?v=fb358534:7004
mountChildren @ chunk-3VLAASFC.js?v=fb358534:7250
processFragment @ chunk-3VLAASFC.js?v=fb358534:7432
patch @ chunk-3VLAASFC.js?v=fb358534:6990
componentUpdateFn @ chunk-3VLAASFC.js?v=fb358534:7648
run @ chunk-3VLAASFC.js?v=fb358534:683
setupRenderEffect @ chunk-3VLAASFC.js?v=fb358534:7776
mountComponent @ chunk-3VLAASFC.js?v=fb358534:7550
processComponent @ chunk-3VLAASFC.js?v=fb358534:7502
patch @ chunk-3VLAASFC.js?v=fb358534:7016
componentUpdateFn @ chunk-3VLAASFC.js?v=fb358534:7648
run @ chunk-3VLAASFC.js?v=fb358534:683
setupRenderEffect @ chunk-3VLAASFC.js?v=fb358534:7776
mountComponent @ chunk-3VLAASFC.js?v=fb358534:7550
processComponent @ chunk-3VLAASFC.js?v=fb358534:7502
patch @ chunk-3VLAASFC.js?v=fb358534:7016
componentUpdateFn @ chunk-3VLAASFC.js?v=fb358534:7648
run @ chunk-3VLAASFC.js?v=fb358534:683
setupRenderEffect @ chunk-3VLAASFC.js?v=fb358534:7776
mountComponent @ chunk-3VLAASFC.js?v=fb358534:7550
processComponent @ chunk-3VLAASFC.js?v=fb358534:7502
patch @ chunk-3VLAASFC.js?v=fb358534:7016
componentUpdateFn @ chunk-3VLAASFC.js?v=fb358534:7648
run @ chunk-3VLAASFC.js?v=fb358534:683
setupRenderEffect @ chunk-3VLAASFC.js?v=fb358534:7776
mountComponent @ chunk-3VLAASFC.js?v=fb358534:7550
processComponent @ chunk-3VLAASFC.js?v=fb358534:7502
patch @ chunk-3VLAASFC.js?v=fb358534:7016
mountChildren @ chunk-3VLAASFC.js?v=fb358534:7250
mountElement @ chunk-3VLAASFC.js?v=fb358534:7173
processElement @ chunk-3VLAASFC.js?v=fb358534:7138
patch @ chunk-3VLAASFC.js?v=fb358534:7004
componentUpdateFn @ chunk-3VLAASFC.js?v=fb358534:7648
run @ chunk-3VLAASFC.js?v=fb358534:683
setupRenderEffect @ chunk-3VLAASFC.js?v=fb358534:7776
mountComponent @ chunk-3VLAASFC.js?v=fb358534:7550
processComponent @ chunk-3VLAASFC.js?v=fb358534:7502
patch @ chunk-3VLAASFC.js?v=fb358534:7016
mountChildren @ chunk-3VLAASFC.js?v=fb358534:7250
processFragment @ chunk-3VLAASFC.js?v=fb358534:7432
patch @ chunk-3VLAASFC.js?v=fb358534:6990
componentUpdateFn @ chunk-3VLAASFC.js?v=fb358534:7648
run @ chunk-3VLAASFC.js?v=fb358534:683
setupRenderEffect @ chunk-3VLAASFC.js?v=fb358534:7776
mountComponent @ chunk-3VLAASFC.js?v=fb358534:7550
processComponent @ chunk-3VLAASFC.js?v=fb358534:7502
patch @ chunk-3VLAASFC.js?v=fb358534:7016
componentUpdateFn @ chunk-3VLAASFC.js?v=fb358534:7728
run @ chunk-3VLAASFC.js?v=fb358534:683
runIfDirty @ chunk-3VLAASFC.js?v=fb358534:721
callWithErrorHandling @ chunk-3VLAASFC.js?v=fb358534:2467
flushJobs @ chunk-3VLAASFC.js?v=fb358534:2675
Promise.then
queueFlush @ chunk-3VLAASFC.js?v=fb358534:2589
queueJob @ chunk-3VLAASFC.js?v=fb358534:2584
effect2.scheduler @ chunk-3VLAASFC.js?v=fb358534:7770
trigger @ chunk-3VLAASFC.js?v=fb358534:711
endBatch @ chunk-3VLAASFC.js?v=fb358534:769
notify @ chunk-3VLAASFC.js?v=fb358534:1031
trigger @ chunk-3VLAASFC.js?v=fb358534:1005
set value @ chunk-3VLAASFC.js?v=fb358534:1877
swapComponent @ @inertiajs_vue3.js?v=fb358534:315
swap @ chunk-DTND7MSH.js?v=fb358534:9548
(anonymous) @ chunk-DTND7MSH.js?v=fb358534:9501
Promise.then
(anonymous) @ chunk-DTND7MSH.js?v=fb358534:9490
Promise.then
set @ chunk-DTND7MSH.js?v=fb358534:9481
setPage @ chunk-DTND7MSH.js?v=fb358534:10532
await in setPage
process @ chunk-DTND7MSH.js?v=fb358534:10459
await in process
(anonymous) @ chunk-DTND7MSH.js?v=fb358534:10444
processNext @ chunk-DTND7MSH.js?v=fb358534:9585
process @ chunk-DTND7MSH.js?v=fb358534:9577
add @ chunk-DTND7MSH.js?v=fb358534:9574
handle @ chunk-DTND7MSH.js?v=fb358534:10444
(anonymous) @ chunk-DTND7MSH.js?v=fb358534:10684
Promise.then
send @ chunk-DTND7MSH.js?v=fb358534:10682
send @ chunk-DTND7MSH.js?v=fb358534:10759
visit @ chunk-DTND7MSH.js?v=fb358534:10891
onClick @ @inertiajs_vue3.js?v=fb358534:983
(anonymous) @ chunk-3VLAASFC.js?v=fb358534:11503
callWithErrorHandling @ chunk-3VLAASFC.js?v=fb358534:2467
callWithAsyncErrorHandling @ chunk-3VLAASFC.js?v=fb358534:2474
callWithAsyncErrorHandling @ chunk-3VLAASFC.js?v=fb358534:2485
invoker @ chunk-3VLAASFC.js?v=fb358534:11474
Index.vue:777 [intlify] Fall back to translate 'Are you sure you want to cancel the invitation for' key with 'en' locale.
overrideMethod @ hook.js:608
warn @ vue-i18n.js?v=fb358534:24
resolveMessageFormat @ vue-i18n.js?v=fb358534:2995
translate @ vue-i18n.js?v=fb358534:2924
(anonymous) @ vue-i18n.js?v=fb358534:4120
wrapWithDeps @ vue-i18n.js?v=fb358534:4081
t @ vue-i18n.js?v=fb358534:4120
(anonymous) @ Index.vue:777
renderFnWithContext @ chunk-3VLAASFC.js?v=fb358534:2967
renderSlot @ chunk-3VLAASFC.js?v=fb358534:5290
(anonymous) @ VesselLayout.vue:5
renderFnWithContext @ chunk-3VLAASFC.js?v=fb358534:2967
renderSlot @ chunk-3VLAASFC.js?v=fb358534:5290
(anonymous) @ AppSidebarLayout.vue:23
renderFnWithContext @ chunk-3VLAASFC.js?v=fb358534:2967
renderSlot @ chunk-3VLAASFC.js?v=fb358534:5290
(anonymous) @ AppContent.vue:16
renderFnWithContext @ chunk-3VLAASFC.js?v=fb358534:2967
renderSlot @ chunk-3VLAASFC.js?v=fb358534:5290
_sfc_render @ SidebarInset.vue:19
renderComponentRoot @ chunk-3VLAASFC.js?v=fb358534:8849
componentUpdateFn @ chunk-3VLAASFC.js?v=fb358534:7641
run @ chunk-3VLAASFC.js?v=fb358534:683
setupRenderEffect @ chunk-3VLAASFC.js?v=fb358534:7776
mountComponent @ chunk-3VLAASFC.js?v=fb358534:7550
processComponent @ chunk-3VLAASFC.js?v=fb358534:7502
patch @ chunk-3VLAASFC.js?v=fb358534:7016
componentUpdateFn @ chunk-3VLAASFC.js?v=fb358534:7648
run @ chunk-3VLAASFC.js?v=fb358534:683
setupRenderEffect @ chunk-3VLAASFC.js?v=fb358534:7776
mountComponent @ chunk-3VLAASFC.js?v=fb358534:7550
processComponent @ chunk-3VLAASFC.js?v=fb358534:7502
patch @ chunk-3VLAASFC.js?v=fb358534:7016
mountChildren @ chunk-3VLAASFC.js?v=fb358534:7250
processFragment @ chunk-3VLAASFC.js?v=fb358534:7432
patch @ chunk-3VLAASFC.js?v=fb358534:6990
mountChildren @ chunk-3VLAASFC.js?v=fb358534:7250
processFragment @ chunk-3VLAASFC.js?v=fb358534:7432
patch @ chunk-3VLAASFC.js?v=fb358534:6990
mountChildren @ chunk-3VLAASFC.js?v=fb358534:7250
mountElement @ chunk-3VLAASFC.js?v=fb358534:7173
processElement @ chunk-3VLAASFC.js?v=fb358534:7138
patch @ chunk-3VLAASFC.js?v=fb358534:7004
mountChildren @ chunk-3VLAASFC.js?v=fb358534:7250
processFragment @ chunk-3VLAASFC.js?v=fb358534:7432
patch @ chunk-3VLAASFC.js?v=fb358534:6990
componentUpdateFn @ chunk-3VLAASFC.js?v=fb358534:7648
run @ chunk-3VLAASFC.js?v=fb358534:683
setupRenderEffect @ chunk-3VLAASFC.js?v=fb358534:7776
mountComponent @ chunk-3VLAASFC.js?v=fb358534:7550
processComponent @ chunk-3VLAASFC.js?v=fb358534:7502
patch @ chunk-3VLAASFC.js?v=fb358534:7016
componentUpdateFn @ chunk-3VLAASFC.js?v=fb358534:7648
run @ chunk-3VLAASFC.js?v=fb358534:683
setupRenderEffect @ chunk-3VLAASFC.js?v=fb358534:7776
mountComponent @ chunk-3VLAASFC.js?v=fb358534:7550
processComponent @ chunk-3VLAASFC.js?v=fb358534:7502
patch @ chunk-3VLAASFC.js?v=fb358534:7016
componentUpdateFn @ chunk-3VLAASFC.js?v=fb358534:7648
run @ chunk-3VLAASFC.js?v=fb358534:683
setupRenderEffect @ chunk-3VLAASFC.js?v=fb358534:7776
mountComponent @ chunk-3VLAASFC.js?v=fb358534:7550
processComponent @ chunk-3VLAASFC.js?v=fb358534:7502
patch @ chunk-3VLAASFC.js?v=fb358534:7016
componentUpdateFn @ chunk-3VLAASFC.js?v=fb358534:7648
run @ chunk-3VLAASFC.js?v=fb358534:683
setupRenderEffect @ chunk-3VLAASFC.js?v=fb358534:7776
mountComponent @ chunk-3VLAASFC.js?v=fb358534:7550
processComponent @ chunk-3VLAASFC.js?v=fb358534:7502
patch @ chunk-3VLAASFC.js?v=fb358534:7016
mountChildren @ chunk-3VLAASFC.js?v=fb358534:7250
mountElement @ chunk-3VLAASFC.js?v=fb358534:7173
processElement @ chunk-3VLAASFC.js?v=fb358534:7138
patch @ chunk-3VLAASFC.js?v=fb358534:7004
componentUpdateFn @ chunk-3VLAASFC.js?v=fb358534:7648
run @ chunk-3VLAASFC.js?v=fb358534:683
setupRenderEffect @ chunk-3VLAASFC.js?v=fb358534:7776
mountComponent @ chunk-3VLAASFC.js?v=fb358534:7550
processComponent @ chunk-3VLAASFC.js?v=fb358534:7502
patch @ chunk-3VLAASFC.js?v=fb358534:7016
mountChildren @ chunk-3VLAASFC.js?v=fb358534:7250
processFragment @ chunk-3VLAASFC.js?v=fb358534:7432
patch @ chunk-3VLAASFC.js?v=fb358534:6990
componentUpdateFn @ chunk-3VLAASFC.js?v=fb358534:7648
run @ chunk-3VLAASFC.js?v=fb358534:683
setupRenderEffect @ chunk-3VLAASFC.js?v=fb358534:7776
mountComponent @ chunk-3VLAASFC.js?v=fb358534:7550
processComponent @ chunk-3VLAASFC.js?v=fb358534:7502
patch @ chunk-3VLAASFC.js?v=fb358534:7016
componentUpdateFn @ chunk-3VLAASFC.js?v=fb358534:7728
run @ chunk-3VLAASFC.js?v=fb358534:683
runIfDirty @ chunk-3VLAASFC.js?v=fb358534:721
callWithErrorHandling @ chunk-3VLAASFC.js?v=fb358534:2467
flushJobs @ chunk-3VLAASFC.js?v=fb358534:2675
Promise.then
queueFlush @ chunk-3VLAASFC.js?v=fb358534:2589
queueJob @ chunk-3VLAASFC.js?v=fb358534:2584
effect2.scheduler @ chunk-3VLAASFC.js?v=fb358534:7770
trigger @ chunk-3VLAASFC.js?v=fb358534:711
endBatch @ chunk-3VLAASFC.js?v=fb358534:769
notify @ chunk-3VLAASFC.js?v=fb358534:1031
trigger @ chunk-3VLAASFC.js?v=fb358534:1005
set value @ chunk-3VLAASFC.js?v=fb358534:1877
swapComponent @ @inertiajs_vue3.js?v=fb358534:315
swap @ chunk-DTND7MSH.js?v=fb358534:9548
(anonymous) @ chunk-DTND7MSH.js?v=fb358534:9501
Promise.then
(anonymous) @ chunk-DTND7MSH.js?v=fb358534:9490
Promise.then
set @ chunk-DTND7MSH.js?v=fb358534:9481
setPage @ chunk-DTND7MSH.js?v=fb358534:10532
await in setPage
process @ chunk-DTND7MSH.js?v=fb358534:10459
await in process
(anonymous) @ chunk-DTND7MSH.js?v=fb358534:10444
processNext @ chunk-DTND7MSH.js?v=fb358534:9585
process @ chunk-DTND7MSH.js?v=fb358534:9577
add @ chunk-DTND7MSH.js?v=fb358534:9574
handle @ chunk-DTND7MSH.js?v=fb358534:10444
(anonymous) @ chunk-DTND7MSH.js?v=fb358534:10684
Promise.then
send @ chunk-DTND7MSH.js?v=fb358534:10682
send @ chunk-DTND7MSH.js?v=fb358534:10759
visit @ chunk-DTND7MSH.js?v=fb358534:10891
onClick @ @inertiajs_vue3.js?v=fb358534:983
(anonymous) @ chunk-3VLAASFC.js?v=fb358534:11503
callWithErrorHandling @ chunk-3VLAASFC.js?v=fb358534:2467
callWithAsyncErrorHandling @ chunk-3VLAASFC.js?v=fb358534:2474
callWithAsyncErrorHandling @ chunk-3VLAASFC.js?v=fb358534:2485
invoker @ chunk-3VLAASFC.js?v=fb358534:11474
Index.vue:777 [intlify] Not found 'Are you sure you want to cancel the invitation for' key in 'en' locale messages.
overrideMethod @ hook.js:608
warn @ vue-i18n.js?v=fb358534:24
handleMissing @ vue-i18n.js?v=fb358534:2724
resolveMessageFormat @ vue-i18n.js?v=fb358534:3046
translate @ vue-i18n.js?v=fb358534:2924
(anonymous) @ vue-i18n.js?v=fb358534:4120
wrapWithDeps @ vue-i18n.js?v=fb358534:4081
t @ vue-i18n.js?v=fb358534:4120
(anonymous) @ Index.vue:777
renderFnWithContext @ chunk-3VLAASFC.js?v=fb358534:2967
renderSlot @ chunk-3VLAASFC.js?v=fb358534:5290
(anonymous) @ VesselLayout.vue:5
renderFnWithContext @ chunk-3VLAASFC.js?v=fb358534:2967
renderSlot @ chunk-3VLAASFC.js?v=fb358534:5290
(anonymous) @ AppSidebarLayout.vue:23
renderFnWithContext @ chunk-3VLAASFC.js?v=fb358534:2967
renderSlot @ chunk-3VLAASFC.js?v=fb358534:5290
(anonymous) @ AppContent.vue:16
renderFnWithContext @ chunk-3VLAASFC.js?v=fb358534:2967
renderSlot @ chunk-3VLAASFC.js?v=fb358534:5290
_sfc_render @ SidebarInset.vue:19
renderComponentRoot @ chunk-3VLAASFC.js?v=fb358534:8849
componentUpdateFn @ chunk-3VLAASFC.js?v=fb358534:7641
run @ chunk-3VLAASFC.js?v=fb358534:683
setupRenderEffect @ chunk-3VLAASFC.js?v=fb358534:7776
mountComponent @ chunk-3VLAASFC.js?v=fb358534:7550
processComponent @ chunk-3VLAASFC.js?v=fb358534:7502
patch @ chunk-3VLAASFC.js?v=fb358534:7016
componentUpdateFn @ chunk-3VLAASFC.js?v=fb358534:7648
run @ chunk-3VLAASFC.js?v=fb358534:683
setupRenderEffect @ chunk-3VLAASFC.js?v=fb358534:7776
mountComponent @ chunk-3VLAASFC.js?v=fb358534:7550
processComponent @ chunk-3VLAASFC.js?v=fb358534:7502
patch @ chunk-3VLAASFC.js?v=fb358534:7016
mountChildren @ chunk-3VLAASFC.js?v=fb358534:7250
processFragment @ chunk-3VLAASFC.js?v=fb358534:7432
patch @ chunk-3VLAASFC.js?v=fb358534:6990
mountChildren @ chunk-3VLAASFC.js?v=fb358534:7250
processFragment @ chunk-3VLAASFC.js?v=fb358534:7432
patch @ chunk-3VLAASFC.js?v=fb358534:6990
mountChildren @ chunk-3VLAASFC.js?v=fb358534:7250
mountElement @ chunk-3VLAASFC.js?v=fb358534:7173
processElement @ chunk-3VLAASFC.js?v=fb358534:7138
patch @ chunk-3VLAASFC.js?v=fb358534:7004
mountChildren @ chunk-3VLAASFC.js?v=fb358534:7250
processFragment @ chunk-3VLAASFC.js?v=fb358534:7432
patch @ chunk-3VLAASFC.js?v=fb358534:6990
componentUpdateFn @ chunk-3VLAASFC.js?v=fb358534:7648
run @ chunk-3VLAASFC.js?v=fb358534:683
setupRenderEffect @ chunk-3VLAASFC.js?v=fb358534:7776
mountComponent @ chunk-3VLAASFC.js?v=fb358534:7550
processComponent @ chunk-3VLAASFC.js?v=fb358534:7502
patch @ chunk-3VLAASFC.js?v=fb358534:7016
componentUpdateFn @ chunk-3VLAASFC.js?v=fb358534:7648
run @ chunk-3VLAASFC.js?v=fb358534:683
setupRenderEffect @ chunk-3VLAASFC.js?v=fb358534:7776
mountComponent @ chunk-3VLAASFC.js?v=fb358534:7550
processComponent @ chunk-3VLAASFC.js?v=fb358534:7502
patch @ chunk-3VLAASFC.js?v=fb358534:7016
componentUpdateFn @ chunk-3VLAASFC.js?v=fb358534:7648
run @ chunk-3VLAASFC.js?v=fb358534:683
setupRenderEffect @ chunk-3VLAASFC.js?v=fb358534:7776
mountComponent @ chunk-3VLAASFC.js?v=fb358534:7550
processComponent @ chunk-3VLAASFC.js?v=fb358534:7502
patch @ chunk-3VLAASFC.js?v=fb358534:7016
componentUpdateFn @ chunk-3VLAASFC.js?v=fb358534:7648
run @ chunk-3VLAASFC.js?v=fb358534:683
setupRenderEffect @ chunk-3VLAASFC.js?v=fb358534:7776
mountComponent @ chunk-3VLAASFC.js?v=fb358534:7550
processComponent @ chunk-3VLAASFC.js?v=fb358534:7502
patch @ chunk-3VLAASFC.js?v=fb358534:7016
mountChildren @ chunk-3VLAASFC.js?v=fb358534:7250
mountElement @ chunk-3VLAASFC.js?v=fb358534:7173
processElement @ chunk-3VLAASFC.js?v=fb358534:7138
patch @ chunk-3VLAASFC.js?v=fb358534:7004
componentUpdateFn @ chunk-3VLAASFC.js?v=fb358534:7648
run @ chunk-3VLAASFC.js?v=fb358534:683
setupRenderEffect @ chunk-3VLAASFC.js?v=fb358534:7776
mountComponent @ chunk-3VLAASFC.js?v=fb358534:7550
processComponent @ chunk-3VLAASFC.js?v=fb358534:7502
patch @ chunk-3VLAASFC.js?v=fb358534:7016
mountChildren @ chunk-3VLAASFC.js?v=fb358534:7250
processFragment @ chunk-3VLAASFC.js?v=fb358534:7432
patch @ chunk-3VLAASFC.js?v=fb358534:6990
componentUpdateFn @ chunk-3VLAASFC.js?v=fb358534:7648
run @ chunk-3VLAASFC.js?v=fb358534:683
setupRenderEffect @ chunk-3VLAASFC.js?v=fb358534:7776
mountComponent @ chunk-3VLAASFC.js?v=fb358534:7550
processComponent @ chunk-3VLAASFC.js?v=fb358534:7502
patch @ chunk-3VLAASFC.js?v=fb358534:7016
componentUpdateFn @ chunk-3VLAASFC.js?v=fb358534:7728
run @ chunk-3VLAASFC.js?v=fb358534:683
runIfDirty @ chunk-3VLAASFC.js?v=fb358534:721
callWithErrorHandling @ chunk-3VLAASFC.js?v=fb358534:2467
flushJobs @ chunk-3VLAASFC.js?v=fb358534:2675
Promise.then
queueFlush @ chunk-3VLAASFC.js?v=fb358534:2589
queueJob @ chunk-3VLAASFC.js?v=fb358534:2584
effect2.scheduler @ chunk-3VLAASFC.js?v=fb358534:7770
trigger @ chunk-3VLAASFC.js?v=fb358534:711
endBatch @ chunk-3VLAASFC.js?v=fb358534:769
notify @ chunk-3VLAASFC.js?v=fb358534:1031
trigger @ chunk-3VLAASFC.js?v=fb358534:1005
set value @ chunk-3VLAASFC.js?v=fb358534:1877
swapComponent @ @inertiajs_vue3.js?v=fb358534:315
swap @ chunk-DTND7MSH.js?v=fb358534:9548
(anonymous) @ chunk-DTND7MSH.js?v=fb358534:9501
Promise.then
(anonymous) @ chunk-DTND7MSH.js?v=fb358534:9490
Promise.then
set @ chunk-DTND7MSH.js?v=fb358534:9481
setPage @ chunk-DTND7MSH.js?v=fb358534:10532
await in setPage
process @ chunk-DTND7MSH.js?v=fb358534:10459
await in process
(anonymous) @ chunk-DTND7MSH.js?v=fb358534:10444
processNext @ chunk-DTND7MSH.js?v=fb358534:9585
process @ chunk-DTND7MSH.js?v=fb358534:9577
add @ chunk-DTND7MSH.js?v=fb358534:9574
handle @ chunk-DTND7MSH.js?v=fb358534:10444
(anonymous) @ chunk-DTND7MSH.js?v=fb358534:10684
Promise.then
send @ chunk-DTND7MSH.js?v=fb358534:10682
send @ chunk-DTND7MSH.js?v=fb358534:10759
visit @ chunk-DTND7MSH.js?v=fb358534:10891
onClick @ @inertiajs_vue3.js?v=fb358534:983
(anonymous) @ chunk-3VLAASFC.js?v=fb358534:11503
callWithErrorHandling @ chunk-3VLAASFC.js?v=fb358534:2467
callWithAsyncErrorHandling @ chunk-3VLAASFC.js?v=fb358534:2474
callWithAsyncErrorHandling @ chunk-3VLAASFC.js?v=fb358534:2485
invoker @ chunk-3VLAASFC.js?v=fb358534:11474
Index.vue:777 [intlify] Not found 'This will cancel the invitation and send a notification email to the user' key in 'pt' locale messages.
overrideMethod @ hook.js:608
warn @ vue-i18n.js?v=fb358534:24
handleMissing @ vue-i18n.js?v=fb358534:2724
resolveMessageFormat @ vue-i18n.js?v=fb358534:3046
translate @ vue-i18n.js?v=fb358534:2924
(anonymous) @ vue-i18n.js?v=fb358534:4120
wrapWithDeps @ vue-i18n.js?v=fb358534:4081
t @ vue-i18n.js?v=fb358534:4120
(anonymous) @ Index.vue:777
renderFnWithContext @ chunk-3VLAASFC.js?v=fb358534:2967
renderSlot @ chunk-3VLAASFC.js?v=fb358534:5290
(anonymous) @ VesselLayout.vue:5
renderFnWithContext @ chunk-3VLAASFC.js?v=fb358534:2967
renderSlot @ chunk-3VLAASFC.js?v=fb358534:5290
(anonymous) @ AppSidebarLayout.vue:23
renderFnWithContext @ chunk-3VLAASFC.js?v=fb358534:2967
renderSlot @ chunk-3VLAASFC.js?v=fb358534:5290
(anonymous) @ AppContent.vue:16
renderFnWithContext @ chunk-3VLAASFC.js?v=fb358534:2967
renderSlot @ chunk-3VLAASFC.js?v=fb358534:5290
_sfc_render @ SidebarInset.vue:19
renderComponentRoot @ chunk-3VLAASFC.js?v=fb358534:8849
componentUpdateFn @ chunk-3VLAASFC.js?v=fb358534:7641
run @ chunk-3VLAASFC.js?v=fb358534:683
setupRenderEffect @ chunk-3VLAASFC.js?v=fb358534:7776
mountComponent @ chunk-3VLAASFC.js?v=fb358534:7550
processComponent @ chunk-3VLAASFC.js?v=fb358534:7502
patch @ chunk-3VLAASFC.js?v=fb358534:7016
componentUpdateFn @ chunk-3VLAASFC.js?v=fb358534:7648
run @ chunk-3VLAASFC.js?v=fb358534:683
setupRenderEffect @ chunk-3VLAASFC.js?v=fb358534:7776
mountComponent @ chunk-3VLAASFC.js?v=fb358534:7550
processComponent @ chunk-3VLAASFC.js?v=fb358534:7502
patch @ chunk-3VLAASFC.js?v=fb358534:7016
mountChildren @ chunk-3VLAASFC.js?v=fb358534:7250
processFragment @ chunk-3VLAASFC.js?v=fb358534:7432
patch @ chunk-3VLAASFC.js?v=fb358534:6990
mountChildren @ chunk-3VLAASFC.js?v=fb358534:7250
processFragment @ chunk-3VLAASFC.js?v=fb358534:7432
patch @ chunk-3VLAASFC.js?v=fb358534:6990
mountChildren @ chunk-3VLAASFC.js?v=fb358534:7250
mountElement @ chunk-3VLAASFC.js?v=fb358534:7173
processElement @ chunk-3VLAASFC.js?v=fb358534:7138
patch @ chunk-3VLAASFC.js?v=fb358534:7004
mountChildren @ chunk-3VLAASFC.js?v=fb358534:7250
processFragment @ chunk-3VLAASFC.js?v=fb358534:7432
patch @ chunk-3VLAASFC.js?v=fb358534:6990
componentUpdateFn @ chunk-3VLAASFC.js?v=fb358534:7648
run @ chunk-3VLAASFC.js?v=fb358534:683
setupRenderEffect @ chunk-3VLAASFC.js?v=fb358534:7776
mountComponent @ chunk-3VLAASFC.js?v=fb358534:7550
processComponent @ chunk-3VLAASFC.js?v=fb358534:7502
patch @ chunk-3VLAASFC.js?v=fb358534:7016
componentUpdateFn @ chunk-3VLAASFC.js?v=fb358534:7648
run @ chunk-3VLAASFC.js?v=fb358534:683
setupRenderEffect @ chunk-3VLAASFC.js?v=fb358534:7776
mountComponent @ chunk-3VLAASFC.js?v=fb358534:7550
processComponent @ chunk-3VLAASFC.js?v=fb358534:7502
patch @ chunk-3VLAASFC.js?v=fb358534:7016
componentUpdateFn @ chunk-3VLAASFC.js?v=fb358534:7648
run @ chunk-3VLAASFC.js?v=fb358534:683
setupRenderEffect @ chunk-3VLAASFC.js?v=fb358534:7776
mountComponent @ chunk-3VLAASFC.js?v=fb358534:7550
processComponent @ chunk-3VLAASFC.js?v=fb358534:7502
patch @ chunk-3VLAASFC.js?v=fb358534:7016
componentUpdateFn @ chunk-3VLAASFC.js?v=fb358534:7648
run @ chunk-3VLAASFC.js?v=fb358534:683
setupRenderEffect @ chunk-3VLAASFC.js?v=fb358534:7776
mountComponent @ chunk-3VLAASFC.js?v=fb358534:7550
processComponent @ chunk-3VLAASFC.js?v=fb358534:7502
patch @ chunk-3VLAASFC.js?v=fb358534:7016
mountChildren @ chunk-3VLAASFC.js?v=fb358534:7250
mountElement @ chunk-3VLAASFC.js?v=fb358534:7173
processElement @ chunk-3VLAASFC.js?v=fb358534:7138
patch @ chunk-3VLAASFC.js?v=fb358534:7004
componentUpdateFn @ chunk-3VLAASFC.js?v=fb358534:7648
run @ chunk-3VLAASFC.js?v=fb358534:683
setupRenderEffect @ chunk-3VLAASFC.js?v=fb358534:7776
mountComponent @ chunk-3VLAASFC.js?v=fb358534:7550
processComponent @ chunk-3VLAASFC.js?v=fb358534:7502
patch @ chunk-3VLAASFC.js?v=fb358534:7016
mountChildren @ chunk-3VLAASFC.js?v=fb358534:7250
processFragment @ chunk-3VLAASFC.js?v=fb358534:7432
patch @ chunk-3VLAASFC.js?v=fb358534:6990
componentUpdateFn @ chunk-3VLAASFC.js?v=fb358534:7648
run @ chunk-3VLAASFC.js?v=fb358534:683
setupRenderEffect @ chunk-3VLAASFC.js?v=fb358534:7776
mountComponent @ chunk-3VLAASFC.js?v=fb358534:7550
processComponent @ chunk-3VLAASFC.js?v=fb358534:7502
patch @ chunk-3VLAASFC.js?v=fb358534:7016
componentUpdateFn @ chunk-3VLAASFC.js?v=fb358534:7728
run @ chunk-3VLAASFC.js?v=fb358534:683
runIfDirty @ chunk-3VLAASFC.js?v=fb358534:721
callWithErrorHandling @ chunk-3VLAASFC.js?v=fb358534:2467
flushJobs @ chunk-3VLAASFC.js?v=fb358534:2675
Promise.then
queueFlush @ chunk-3VLAASFC.js?v=fb358534:2589
queueJob @ chunk-3VLAASFC.js?v=fb358534:2584
effect2.scheduler @ chunk-3VLAASFC.js?v=fb358534:7770
trigger @ chunk-3VLAASFC.js?v=fb358534:711
endBatch @ chunk-3VLAASFC.js?v=fb358534:769
notify @ chunk-3VLAASFC.js?v=fb358534:1031
trigger @ chunk-3VLAASFC.js?v=fb358534:1005
set value @ chunk-3VLAASFC.js?v=fb358534:1877
swapComponent @ @inertiajs_vue3.js?v=fb358534:315
swap @ chunk-DTND7MSH.js?v=fb358534:9548
(anonymous) @ chunk-DTND7MSH.js?v=fb358534:9501
Promise.then
(anonymous) @ chunk-DTND7MSH.js?v=fb358534:9490
Promise.then
set @ chunk-DTND7MSH.js?v=fb358534:9481
setPage @ chunk-DTND7MSH.js?v=fb358534:10532
await in setPage
process @ chunk-DTND7MSH.js?v=fb358534:10459
await in process
(anonymous) @ chunk-DTND7MSH.js?v=fb358534:10444
processNext @ chunk-DTND7MSH.js?v=fb358534:9585
process @ chunk-DTND7MSH.js?v=fb358534:9577
add @ chunk-DTND7MSH.js?v=fb358534:9574
handle @ chunk-DTND7MSH.js?v=fb358534:10444
(anonymous) @ chunk-DTND7MSH.js?v=fb358534:10684
Promise.then
send @ chunk-DTND7MSH.js?v=fb358534:10682
send @ chunk-DTND7MSH.js?v=fb358534:10759
visit @ chunk-DTND7MSH.js?v=fb358534:10891
onClick @ @inertiajs_vue3.js?v=fb358534:983
(anonymous) @ chunk-3VLAASFC.js?v=fb358534:11503
callWithErrorHandling @ chunk-3VLAASFC.js?v=fb358534:2467
callWithAsyncErrorHandling @ chunk-3VLAASFC.js?v=fb358534:2474
callWithAsyncErrorHandling @ chunk-3VLAASFC.js?v=fb358534:2485
invoker @ chunk-3VLAASFC.js?v=fb358534:11474
Index.vue:777 [intlify] Fall back to translate 'This will cancel the invitation and send a notification email to the user' key with 'en' locale.
overrideMethod @ hook.js:608
warn @ vue-i18n.js?v=fb358534:24
resolveMessageFormat @ vue-i18n.js?v=fb358534:2995
translate @ vue-i18n.js?v=fb358534:2924
(anonymous) @ vue-i18n.js?v=fb358534:4120
wrapWithDeps @ vue-i18n.js?v=fb358534:4081
t @ vue-i18n.js?v=fb358534:4120
(anonymous) @ Index.vue:777
renderFnWithContext @ chunk-3VLAASFC.js?v=fb358534:2967
renderSlot @ chunk-3VLAASFC.js?v=fb358534:5290
(anonymous) @ VesselLayout.vue:5
renderFnWithContext @ chunk-3VLAASFC.js?v=fb358534:2967
renderSlot @ chunk-3VLAASFC.js?v=fb358534:5290
(anonymous) @ AppSidebarLayout.vue:23
renderFnWithContext @ chunk-3VLAASFC.js?v=fb358534:2967
renderSlot @ chunk-3VLAASFC.js?v=fb358534:5290
(anonymous) @ AppContent.vue:16
renderFnWithContext @ chunk-3VLAASFC.js?v=fb358534:2967
renderSlot @ chunk-3VLAASFC.js?v=fb358534:5290
_sfc_render @ SidebarInset.vue:19
renderComponentRoot @ chunk-3VLAASFC.js?v=fb358534:8849
componentUpdateFn @ chunk-3VLAASFC.js?v=fb358534:7641
run @ chunk-3VLAASFC.js?v=fb358534:683
setupRenderEffect @ chunk-3VLAASFC.js?v=fb358534:7776
mountComponent @ chunk-3VLAASFC.js?v=fb358534:7550
processComponent @ chunk-3VLAASFC.js?v=fb358534:7502
patch @ chunk-3VLAASFC.js?v=fb358534:7016
componentUpdateFn @ chunk-3VLAASFC.js?v=fb358534:7648
run @ chunk-3VLAASFC.js?v=fb358534:683
setupRenderEffect @ chunk-3VLAASFC.js?v=fb358534:7776
mountComponent @ chunk-3VLAASFC.js?v=fb358534:7550
processComponent @ chunk-3VLAASFC.js?v=fb358534:7502
patch @ chunk-3VLAASFC.js?v=fb358534:7016
mountChildren @ chunk-3VLAASFC.js?v=fb358534:7250
processFragment @ chunk-3VLAASFC.js?v=fb358534:7432
patch @ chunk-3VLAASFC.js?v=fb358534:6990
mountChildren @ chunk-3VLAASFC.js?v=fb358534:7250
processFragment @ chunk-3VLAASFC.js?v=fb358534:7432
patch @ chunk-3VLAASFC.js?v=fb358534:6990
mountChildren @ chunk-3VLAASFC.js?v=fb358534:7250
mountElement @ chunk-3VLAASFC.js?v=fb358534:7173
processElement @ chunk-3VLAASFC.js?v=fb358534:7138
patch @ chunk-3VLAASFC.js?v=fb358534:7004
mountChildren @ chunk-3VLAASFC.js?v=fb358534:7250
processFragment @ chunk-3VLAASFC.js?v=fb358534:7432
patch @ chunk-3VLAASFC.js?v=fb358534:6990
componentUpdateFn @ chunk-3VLAASFC.js?v=fb358534:7648
run @ chunk-3VLAASFC.js?v=fb358534:683
setupRenderEffect @ chunk-3VLAASFC.js?v=fb358534:7776
mountComponent @ chunk-3VLAASFC.js?v=fb358534:7550
processComponent @ chunk-3VLAASFC.js?v=fb358534:7502
patch @ chunk-3VLAASFC.js?v=fb358534:7016
componentUpdateFn @ chunk-3VLAASFC.js?v=fb358534:7648
run @ chunk-3VLAASFC.js?v=fb358534:683
setupRenderEffect @ chunk-3VLAASFC.js?v=fb358534:7776
mountComponent @ chunk-3VLAASFC.js?v=fb358534:7550
processComponent @ chunk-3VLAASFC.js?v=fb358534:7502
patch @ chunk-3VLAASFC.js?v=fb358534:7016
componentUpdateFn @ chunk-3VLAASFC.js?v=fb358534:7648
run @ chunk-3VLAASFC.js?v=fb358534:683
setupRenderEffect @ chunk-3VLAASFC.js?v=fb358534:7776
mountComponent @ chunk-3VLAASFC.js?v=fb358534:7550
processComponent @ chunk-3VLAASFC.js?v=fb358534:7502
patch @ chunk-3VLAASFC.js?v=fb358534:7016
componentUpdateFn @ chunk-3VLAASFC.js?v=fb358534:7648
run @ chunk-3VLAASFC.js?v=fb358534:683
setupRenderEffect @ chunk-3VLAASFC.js?v=fb358534:7776
mountComponent @ chunk-3VLAASFC.js?v=fb358534:7550
processComponent @ chunk-3VLAASFC.js?v=fb358534:7502
patch @ chunk-3VLAASFC.js?v=fb358534:7016
mountChildren @ chunk-3VLAASFC.js?v=fb358534:7250
mountElement @ chunk-3VLAASFC.js?v=fb358534:7173
processElement @ chunk-3VLAASFC.js?v=fb358534:7138
patch @ chunk-3VLAASFC.js?v=fb358534:7004
componentUpdateFn @ chunk-3VLAASFC.js?v=fb358534:7648
run @ chunk-3VLAASFC.js?v=fb358534:683
setupRenderEffect @ chunk-3VLAASFC.js?v=fb358534:7776
mountComponent @ chunk-3VLAASFC.js?v=fb358534:7550
processComponent @ chunk-3VLAASFC.js?v=fb358534:7502
patch @ chunk-3VLAASFC.js?v=fb358534:7016
mountChildren @ chunk-3VLAASFC.js?v=fb358534:7250
processFragment @ chunk-3VLAASFC.js?v=fb358534:7432
patch @ chunk-3VLAASFC.js?v=fb358534:6990
componentUpdateFn @ chunk-3VLAASFC.js?v=fb358534:7648
run @ chunk-3VLAASFC.js?v=fb358534:683
setupRenderEffect @ chunk-3VLAASFC.js?v=fb358534:7776
mountComponent @ chunk-3VLAASFC.js?v=fb358534:7550
processComponent @ chunk-3VLAASFC.js?v=fb358534:7502
patch @ chunk-3VLAASFC.js?v=fb358534:7016
componentUpdateFn @ chunk-3VLAASFC.js?v=fb358534:7728
run @ chunk-3VLAASFC.js?v=fb358534:683
runIfDirty @ chunk-3VLAASFC.js?v=fb358534:721
callWithErrorHandling @ chunk-3VLAASFC.js?v=fb358534:2467
flushJobs @ chunk-3VLAASFC.js?v=fb358534:2675
Promise.then
queueFlush @ chunk-3VLAASFC.js?v=fb358534:2589
queueJob @ chunk-3VLAASFC.js?v=fb358534:2584
effect2.scheduler @ chunk-3VLAASFC.js?v=fb358534:7770
trigger @ chunk-3VLAASFC.js?v=fb358534:711
endBatch @ chunk-3VLAASFC.js?v=fb358534:769
notify @ chunk-3VLAASFC.js?v=fb358534:1031
trigger @ chunk-3VLAASFC.js?v=fb358534:1005
set value @ chunk-3VLAASFC.js?v=fb358534:1877
swapComponent @ @inertiajs_vue3.js?v=fb358534:315
swap @ chunk-DTND7MSH.js?v=fb358534:9548
(anonymous) @ chunk-DTND7MSH.js?v=fb358534:9501
Promise.then
(anonymous) @ chunk-DTND7MSH.js?v=fb358534:9490
Promise.then
set @ chunk-DTND7MSH.js?v=fb358534:9481
setPage @ chunk-DTND7MSH.js?v=fb358534:10532
await in setPage
process @ chunk-DTND7MSH.js?v=fb358534:10459
await in process
(anonymous) @ chunk-DTND7MSH.js?v=fb358534:10444
processNext @ chunk-DTND7MSH.js?v=fb358534:9585
process @ chunk-DTND7MSH.js?v=fb358534:9577
add @ chunk-DTND7MSH.js?v=fb358534:9574
handle @ chunk-DTND7MSH.js?v=fb358534:10444
(anonymous) @ chunk-DTND7MSH.js?v=fb358534:10684
Promise.then
send @ chunk-DTND7MSH.js?v=fb358534:10682
send @ chunk-DTND7MSH.js?v=fb358534:10759
visit @ chunk-DTND7MSH.js?v=fb358534:10891
onClick @ @inertiajs_vue3.js?v=fb358534:983
(anonymous) @ chunk-3VLAASFC.js?v=fb358534:11503
callWithErrorHandling @ chunk-3VLAASFC.js?v=fb358534:2467
callWithAsyncErrorHandling @ chunk-3VLAASFC.js?v=fb358534:2474
callWithAsyncErrorHandling @ chunk-3VLAASFC.js?v=fb358534:2485
invoker @ chunk-3VLAASFC.js?v=fb358534:11474
Index.vue:777 [intlify] Not found 'This will cancel the invitation and send a notification email to the user' key in 'en' locale messages.
overrideMethod @ hook.js:608
warn @ vue-i18n.js?v=fb358534:24
handleMissing @ vue-i18n.js?v=fb358534:2724
resolveMessageFormat @ vue-i18n.js?v=fb358534:3046
translate @ vue-i18n.js?v=fb358534:2924
(anonymous) @ vue-i18n.js?v=fb358534:4120
wrapWithDeps @ vue-i18n.js?v=fb358534:4081
t @ vue-i18n.js?v=fb358534:4120
(anonymous) @ Index.vue:777
renderFnWithContext @ chunk-3VLAASFC.js?v=fb358534:2967
renderSlot @ chunk-3VLAASFC.js?v=fb358534:5290
(anonymous) @ VesselLayout.vue:5
renderFnWithContext @ chunk-3VLAASFC.js?v=fb358534:2967
renderSlot @ chunk-3VLAASFC.js?v=fb358534:5290
(anonymous) @ AppSidebarLayout.vue:23
renderFnWithContext @ chunk-3VLAASFC.js?v=fb358534:2967
renderSlot @ chunk-3VLAASFC.js?v=fb358534:5290
(anonymous) @ AppContent.vue:16
renderFnWithContext @ chunk-3VLAASFC.js?v=fb358534:2967
renderSlot @ chunk-3VLAASFC.js?v=fb358534:5290
_sfc_render @ SidebarInset.vue:19
renderComponentRoot @ chunk-3VLAASFC.js?v=fb358534:8849
componentUpdateFn @ chunk-3VLAASFC.js?v=fb358534:7641
run @ chunk-3VLAASFC.js?v=fb358534:683
setupRenderEffect @ chunk-3VLAASFC.js?v=fb358534:7776
mountComponent @ chunk-3VLAASFC.js?v=fb358534:7550
processComponent @ chunk-3VLAASFC.js?v=fb358534:7502
patch @ chunk-3VLAASFC.js?v=fb358534:7016
componentUpdateFn @ chunk-3VLAASFC.js?v=fb358534:7648
run @ chunk-3VLAASFC.js?v=fb358534:683
setupRenderEffect @ chunk-3VLAASFC.js?v=fb358534:7776
mountComponent @ chunk-3VLAASFC.js?v=fb358534:7550
processComponent @ chunk-3VLAASFC.js?v=fb358534:7502
patch @ chunk-3VLAASFC.js?v=fb358534:7016
mountChildren @ chunk-3VLAASFC.js?v=fb358534:7250
processFragment @ chunk-3VLAASFC.js?v=fb358534:7432
patch @ chunk-3VLAASFC.js?v=fb358534:6990
mountChildren @ chunk-3VLAASFC.js?v=fb358534:7250
processFragment @ chunk-3VLAASFC.js?v=fb358534:7432
patch @ chunk-3VLAASFC.js?v=fb358534:6990
mountChildren @ chunk-3VLAASFC.js?v=fb358534:7250
mountElement @ chunk-3VLAASFC.js?v=fb358534:7173
processElement @ chunk-3VLAASFC.js?v=fb358534:7138
patch @ chunk-3VLAASFC.js?v=fb358534:7004
mountChildren @ chunk-3VLAASFC.js?v=fb358534:7250
processFragment @ chunk-3VLAASFC.js?v=fb358534:7432
patch @ chunk-3VLAASFC.js?v=fb358534:6990
componentUpdateFn @ chunk-3VLAASFC.js?v=fb358534:7648
run @ chunk-3VLAASFC.js?v=fb358534:683
setupRenderEffect @ chunk-3VLAASFC.js?v=fb358534:7776
mountComponent @ chunk-3VLAASFC.js?v=fb358534:7550
processComponent @ chunk-3VLAASFC.js?v=fb358534:7502
patch @ chunk-3VLAASFC.js?v=fb358534:7016
componentUpdateFn @ chunk-3VLAASFC.js?v=fb358534:7648
run @ chunk-3VLAASFC.js?v=fb358534:683
setupRenderEffect @ chunk-3VLAASFC.js?v=fb358534:7776
mountComponent @ chunk-3VLAASFC.js?v=fb358534:7550
processComponent @ chunk-3VLAASFC.js?v=fb358534:7502
patch @ chunk-3VLAASFC.js?v=fb358534:7016
componentUpdateFn @ chunk-3VLAASFC.js?v=fb358534:7648
run @ chunk-3VLAASFC.js?v=fb358534:683
setupRenderEffect @ chunk-3VLAASFC.js?v=fb358534:7776
mountComponent @ chunk-3VLAASFC.js?v=fb358534:7550
processComponent @ chunk-3VLAASFC.js?v=fb358534:7502
patch @ chunk-3VLAASFC.js?v=fb358534:7016
componentUpdateFn @ chunk-3VLAASFC.js?v=fb358534:7648
run @ chunk-3VLAASFC.js?v=fb358534:683
setupRenderEffect @ chunk-3VLAASFC.js?v=fb358534:7776
mountComponent @ chunk-3VLAASFC.js?v=fb358534:7550
processComponent @ chunk-3VLAASFC.js?v=fb358534:7502
patch @ chunk-3VLAASFC.js?v=fb358534:7016
mountChildren @ chunk-3VLAASFC.js?v=fb358534:7250
mountElement @ chunk-3VLAASFC.js?v=fb358534:7173
processElement @ chunk-3VLAASFC.js?v=fb358534:7138
patch @ chunk-3VLAASFC.js?v=fb358534:7004
componentUpdateFn @ chunk-3VLAASFC.js?v=fb358534:7648
run @ chunk-3VLAASFC.js?v=fb358534:683
setupRenderEffect @ chunk-3VLAASFC.js?v=fb358534:7776
mountComponent @ chunk-3VLAASFC.js?v=fb358534:7550
processComponent @ chunk-3VLAASFC.js?v=fb358534:7502
patch @ chunk-3VLAASFC.js?v=fb358534:7016
mountChildren @ chunk-3VLAASFC.js?v=fb358534:7250
processFragment @ chunk-3VLAASFC.js?v=fb358534:7432
patch @ chunk-3VLAASFC.js?v=fb358534:6990
componentUpdateFn @ chunk-3VLAASFC.js?v=fb358534:7648
run @ chunk-3VLAASFC.js?v=fb358534:683
setupRenderEffect @ chunk-3VLAASFC.js?v=fb358534:7776
mountComponent @ chunk-3VLAASFC.js?v=fb358534:7550
processComponent @ chunk-3VLAASFC.js?v=fb358534:7502
patch @ chunk-3VLAASFC.js?v=fb358534:7016
componentUpdateFn @ chunk-3VLAASFC.js?v=fb358534:7728
run @ chunk-3VLAASFC.js?v=fb358534:683
runIfDirty @ chunk-3VLAASFC.js?v=fb358534:721
callWithErrorHandling @ chunk-3VLAASFC.js?v=fb358534:2467
flushJobs @ chunk-3VLAASFC.js?v=fb358534:2675
Promise.then
queueFlush @ chunk-3VLAASFC.js?v=fb358534:2589
queueJob @ chunk-3VLAASFC.js?v=fb358534:2584
effect2.scheduler @ chunk-3VLAASFC.js?v=fb358534:7770
trigger @ chunk-3VLAASFC.js?v=fb358534:711
endBatch @ chunk-3VLAASFC.js?v=fb358534:769
notify @ chunk-3VLAASFC.js?v=fb358534:1031
trigger @ chunk-3VLAASFC.js?v=fb358534:1005
set value @ chunk-3VLAASFC.js?v=fb358534:1877
swapComponent @ @inertiajs_vue3.js?v=fb358534:315
swap @ chunk-DTND7MSH.js?v=fb358534:9548
(anonymous) @ chunk-DTND7MSH.js?v=fb358534:9501
Promise.then
(anonymous) @ chunk-DTND7MSH.js?v=fb358534:9490
Promise.then
set @ chunk-DTND7MSH.js?v=fb358534:9481
setPage @ chunk-DTND7MSH.js?v=fb358534:10532
await in setPage
process @ chunk-DTND7MSH.js?v=fb358534:10459
await in process
(anonymous) @ chunk-DTND7MSH.js?v=fb358534:10444
processNext @ chunk-DTND7MSH.js?v=fb358534:9585
process @ chunk-DTND7MSH.js?v=fb358534:9577
add @ chunk-DTND7MSH.js?v=fb358534:9574
handle @ chunk-DTND7MSH.js?v=fb358534:10444
(anonymous) @ chunk-DTND7MSH.js?v=fb358534:10684
Promise.then
send @ chunk-DTND7MSH.js?v=fb358534:10682
send @ chunk-DTND7MSH.js?v=fb358534:10759
visit @ chunk-DTND7MSH.js?v=fb358534:10891
onClick @ @inertiajs_vue3.js?v=fb358534:983
(anonymous) @ chunk-3VLAASFC.js?v=fb358534:11503
callWithErrorHandling @ chunk-3VLAASFC.js?v=fb358534:2467
callWithAsyncErrorHandling @ chunk-3VLAASFC.js?v=fb358534:2474
callWithAsyncErrorHandling @ chunk-3VLAASFC.js?v=fb358534:2485
invoker @ chunk-3VLAASFC.js?v=fb358534:11474
Index.vue:778 [intlify] Not found 'Cancel Invitation' key in 'pt' locale messages.
overrideMethod @ hook.js:608
warn @ vue-i18n.js?v=fb358534:24
handleMissing @ vue-i18n.js?v=fb358534:2724
resolveMessageFormat @ vue-i18n.js?v=fb358534:3046
translate @ vue-i18n.js?v=fb358534:2924
(anonymous) @ vue-i18n.js?v=fb358534:4120
wrapWithDeps @ vue-i18n.js?v=fb358534:4081
t @ vue-i18n.js?v=fb358534:4120
(anonymous) @ Index.vue:778
renderFnWithContext @ chunk-3VLAASFC.js?v=fb358534:2967
renderSlot @ chunk-3VLAASFC.js?v=fb358534:5290
(anonymous) @ VesselLayout.vue:5
renderFnWithContext @ chunk-3VLAASFC.js?v=fb358534:2967
renderSlot @ chunk-3VLAASFC.js?v=fb358534:5290
(anonymous) @ AppSidebarLayout.vue:23
renderFnWithContext @ chunk-3VLAASFC.js?v=fb358534:2967
renderSlot @ chunk-3VLAASFC.js?v=fb358534:5290
(anonymous) @ AppContent.vue:16
renderFnWithContext @ chunk-3VLAASFC.js?v=fb358534:2967
renderSlot @ chunk-3VLAASFC.js?v=fb358534:5290
_sfc_render @ SidebarInset.vue:19
renderComponentRoot @ chunk-3VLAASFC.js?v=fb358534:8849
componentUpdateFn @ chunk-3VLAASFC.js?v=fb358534:7641
run @ chunk-3VLAASFC.js?v=fb358534:683
setupRenderEffect @ chunk-3VLAASFC.js?v=fb358534:7776
mountComponent @ chunk-3VLAASFC.js?v=fb358534:7550
processComponent @ chunk-3VLAASFC.js?v=fb358534:7502
patch @ chunk-3VLAASFC.js?v=fb358534:7016
componentUpdateFn @ chunk-3VLAASFC.js?v=fb358534:7648
run @ chunk-3VLAASFC.js?v=fb358534:683
setupRenderEffect @ chunk-3VLAASFC.js?v=fb358534:7776
mountComponent @ chunk-3VLAASFC.js?v=fb358534:7550
processComponent @ chunk-3VLAASFC.js?v=fb358534:7502
patch @ chunk-3VLAASFC.js?v=fb358534:7016
mountChildren @ chunk-3VLAASFC.js?v=fb358534:7250
processFragment @ chunk-3VLAASFC.js?v=fb358534:7432
patch @ chunk-3VLAASFC.js?v=fb358534:6990
mountChildren @ chunk-3VLAASFC.js?v=fb358534:7250
processFragment @ chunk-3VLAASFC.js?v=fb358534:7432
patch @ chunk-3VLAASFC.js?v=fb358534:6990
mountChildren @ chunk-3VLAASFC.js?v=fb358534:7250
mountElement @ chunk-3VLAASFC.js?v=fb358534:7173
processElement @ chunk-3VLAASFC.js?v=fb358534:7138
patch @ chunk-3VLAASFC.js?v=fb358534:7004
mountChildren @ chunk-3VLAASFC.js?v=fb358534:7250
processFragment @ chunk-3VLAASFC.js?v=fb358534:7432
patch @ chunk-3VLAASFC.js?v=fb358534:6990
componentUpdateFn @ chunk-3VLAASFC.js?v=fb358534:7648
run @ chunk-3VLAASFC.js?v=fb358534:683
setupRenderEffect @ chunk-3VLAASFC.js?v=fb358534:7776
mountComponent @ chunk-3VLAASFC.js?v=fb358534:7550
processComponent @ chunk-3VLAASFC.js?v=fb358534:7502
patch @ chunk-3VLAASFC.js?v=fb358534:7016
componentUpdateFn @ chunk-3VLAASFC.js?v=fb358534:7648
run @ chunk-3VLAASFC.js?v=fb358534:683
setupRenderEffect @ chunk-3VLAASFC.js?v=fb358534:7776
mountComponent @ chunk-3VLAASFC.js?v=fb358534:7550
processComponent @ chunk-3VLAASFC.js?v=fb358534:7502
patch @ chunk-3VLAASFC.js?v=fb358534:7016
componentUpdateFn @ chunk-3VLAASFC.js?v=fb358534:7648
run @ chunk-3VLAASFC.js?v=fb358534:683
setupRenderEffect @ chunk-3VLAASFC.js?v=fb358534:7776
mountComponent @ chunk-3VLAASFC.js?v=fb358534:7550
processComponent @ chunk-3VLAASFC.js?v=fb358534:7502
patch @ chunk-3VLAASFC.js?v=fb358534:7016
componentUpdateFn @ chunk-3VLAASFC.js?v=fb358534:7648
run @ chunk-3VLAASFC.js?v=fb358534:683
setupRenderEffect @ chunk-3VLAASFC.js?v=fb358534:7776
mountComponent @ chunk-3VLAASFC.js?v=fb358534:7550
processComponent @ chunk-3VLAASFC.js?v=fb358534:7502
patch @ chunk-3VLAASFC.js?v=fb358534:7016
mountChildren @ chunk-3VLAASFC.js?v=fb358534:7250
mountElement @ chunk-3VLAASFC.js?v=fb358534:7173
processElement @ chunk-3VLAASFC.js?v=fb358534:7138
patch @ chunk-3VLAASFC.js?v=fb358534:7004
componentUpdateFn @ chunk-3VLAASFC.js?v=fb358534:7648
run @ chunk-3VLAASFC.js?v=fb358534:683
setupRenderEffect @ chunk-3VLAASFC.js?v=fb358534:7776
mountComponent @ chunk-3VLAASFC.js?v=fb358534:7550
processComponent @ chunk-3VLAASFC.js?v=fb358534:7502
patch @ chunk-3VLAASFC.js?v=fb358534:7016
mountChildren @ chunk-3VLAASFC.js?v=fb358534:7250
processFragment @ chunk-3VLAASFC.js?v=fb358534:7432
patch @ chunk-3VLAASFC.js?v=fb358534:6990
componentUpdateFn @ chunk-3VLAASFC.js?v=fb358534:7648
run @ chunk-3VLAASFC.js?v=fb358534:683
setupRenderEffect @ chunk-3VLAASFC.js?v=fb358534:7776
mountComponent @ chunk-3VLAASFC.js?v=fb358534:7550
processComponent @ chunk-3VLAASFC.js?v=fb358534:7502
patch @ chunk-3VLAASFC.js?v=fb358534:7016
componentUpdateFn @ chunk-3VLAASFC.js?v=fb358534:7728
run @ chunk-3VLAASFC.js?v=fb358534:683
runIfDirty @ chunk-3VLAASFC.js?v=fb358534:721
callWithErrorHandling @ chunk-3VLAASFC.js?v=fb358534:2467
flushJobs @ chunk-3VLAASFC.js?v=fb358534:2675
Promise.then
queueFlush @ chunk-3VLAASFC.js?v=fb358534:2589
queueJob @ chunk-3VLAASFC.js?v=fb358534:2584
effect2.scheduler @ chunk-3VLAASFC.js?v=fb358534:7770
trigger @ chunk-3VLAASFC.js?v=fb358534:711
endBatch @ chunk-3VLAASFC.js?v=fb358534:769
notify @ chunk-3VLAASFC.js?v=fb358534:1031
trigger @ chunk-3VLAASFC.js?v=fb358534:1005
set value @ chunk-3VLAASFC.js?v=fb358534:1877
swapComponent @ @inertiajs_vue3.js?v=fb358534:315
swap @ chunk-DTND7MSH.js?v=fb358534:9548
(anonymous) @ chunk-DTND7MSH.js?v=fb358534:9501
Promise.then
(anonymous) @ chunk-DTND7MSH.js?v=fb358534:9490
Promise.then
set @ chunk-DTND7MSH.js?v=fb358534:9481
setPage @ chunk-DTND7MSH.js?v=fb358534:10532
await in setPage
process @ chunk-DTND7MSH.js?v=fb358534:10459
await in process
(anonymous) @ chunk-DTND7MSH.js?v=fb358534:10444
processNext @ chunk-DTND7MSH.js?v=fb358534:9585
process @ chunk-DTND7MSH.js?v=fb358534:9577
add @ chunk-DTND7MSH.js?v=fb358534:9574
handle @ chunk-DTND7MSH.js?v=fb358534:10444
(anonymous) @ chunk-DTND7MSH.js?v=fb358534:10684
Promise.then
send @ chunk-DTND7MSH.js?v=fb358534:10682
send @ chunk-DTND7MSH.js?v=fb358534:10759
visit @ chunk-DTND7MSH.js?v=fb358534:10891
onClick @ @inertiajs_vue3.js?v=fb358534:983
(anonymous) @ chunk-3VLAASFC.js?v=fb358534:11503
callWithErrorHandling @ chunk-3VLAASFC.js?v=fb358534:2467
callWithAsyncErrorHandling @ chunk-3VLAASFC.js?v=fb358534:2474
callWithAsyncErrorHandling @ chunk-3VLAASFC.js?v=fb358534:2485
invoker @ chunk-3VLAASFC.js?v=fb358534:11474
Index.vue:778 [intlify] Fall back to translate 'Cancel Invitation' key with 'en' locale.
overrideMethod @ hook.js:608
warn @ vue-i18n.js?v=fb358534:24
resolveMessageFormat @ vue-i18n.js?v=fb358534:2995
translate @ vue-i18n.js?v=fb358534:2924
(anonymous) @ vue-i18n.js?v=fb358534:4120
wrapWithDeps @ vue-i18n.js?v=fb358534:4081
t @ vue-i18n.js?v=fb358534:4120
(anonymous) @ Index.vue:778
renderFnWithContext @ chunk-3VLAASFC.js?v=fb358534:2967
renderSlot @ chunk-3VLAASFC.js?v=fb358534:5290
(anonymous) @ VesselLayout.vue:5
renderFnWithContext @ chunk-3VLAASFC.js?v=fb358534:2967
renderSlot @ chunk-3VLAASFC.js?v=fb358534:5290
(anonymous) @ AppSidebarLayout.vue:23
renderFnWithContext @ chunk-3VLAASFC.js?v=fb358534:2967
renderSlot @ chunk-3VLAASFC.js?v=fb358534:5290
(anonymous) @ AppContent.vue:16
renderFnWithContext @ chunk-3VLAASFC.js?v=fb358534:2967
renderSlot @ chunk-3VLAASFC.js?v=fb358534:5290
_sfc_render @ SidebarInset.vue:19
renderComponentRoot @ chunk-3VLAASFC.js?v=fb358534:8849
componentUpdateFn @ chunk-3VLAASFC.js?v=fb358534:7641
run @ chunk-3VLAASFC.js?v=fb358534:683
setupRenderEffect @ chunk-3VLAASFC.js?v=fb358534:7776
mountComponent @ chunk-3VLAASFC.js?v=fb358534:7550
processComponent @ chunk-3VLAASFC.js?v=fb358534:7502
patch @ chunk-3VLAASFC.js?v=fb358534:7016
componentUpdateFn @ chunk-3VLAASFC.js?v=fb358534:7648
run @ chunk-3VLAASFC.js?v=fb358534:683
setupRenderEffect @ chunk-3VLAASFC.js?v=fb358534:7776
mountComponent @ chunk-3VLAASFC.js?v=fb358534:7550
processComponent @ chunk-3VLAASFC.js?v=fb358534:7502
patch @ chunk-3VLAASFC.js?v=fb358534:7016
mountChildren @ chunk-3VLAASFC.js?v=fb358534:7250
processFragment @ chunk-3VLAASFC.js?v=fb358534:7432
patch @ chunk-3VLAASFC.js?v=fb358534:6990
mountChildren @ chunk-3VLAASFC.js?v=fb358534:7250
processFragment @ chunk-3VLAASFC.js?v=fb358534:7432
patch @ chunk-3VLAASFC.js?v=fb358534:6990
mountChildren @ chunk-3VLAASFC.js?v=fb358534:7250
mountElement @ chunk-3VLAASFC.js?v=fb358534:7173
processElement @ chunk-3VLAASFC.js?v=fb358534:7138
patch @ chunk-3VLAASFC.js?v=fb358534:7004
mountChildren @ chunk-3VLAASFC.js?v=fb358534:7250
processFragment @ chunk-3VLAASFC.js?v=fb358534:7432
patch @ chunk-3VLAASFC.js?v=fb358534:6990
componentUpdateFn @ chunk-3VLAASFC.js?v=fb358534:7648
run @ chunk-3VLAASFC.js?v=fb358534:683
setupRenderEffect @ chunk-3VLAASFC.js?v=fb358534:7776
mountComponent @ chunk-3VLAASFC.js?v=fb358534:7550
processComponent @ chunk-3VLAASFC.js?v=fb358534:7502
patch @ chunk-3VLAASFC.js?v=fb358534:7016
componentUpdateFn @ chunk-3VLAASFC.js?v=fb358534:7648
run @ chunk-3VLAASFC.js?v=fb358534:683
setupRenderEffect @ chunk-3VLAASFC.js?v=fb358534:7776
mountComponent @ chunk-3VLAASFC.js?v=fb358534:7550
processComponent @ chunk-3VLAASFC.js?v=fb358534:7502
patch @ chunk-3VLAASFC.js?v=fb358534:7016
componentUpdateFn @ chunk-3VLAASFC.js?v=fb358534:7648
run @ chunk-3VLAASFC.js?v=fb358534:683
setupRenderEffect @ chunk-3VLAASFC.js?v=fb358534:7776
mountComponent @ chunk-3VLAASFC.js?v=fb358534:7550
processComponent @ chunk-3VLAASFC.js?v=fb358534:7502
patch @ chunk-3VLAASFC.js?v=fb358534:7016
componentUpdateFn @ chunk-3VLAASFC.js?v=fb358534:7648
run @ chunk-3VLAASFC.js?v=fb358534:683
setupRenderEffect @ chunk-3VLAASFC.js?v=fb358534:7776
mountComponent @ chunk-3VLAASFC.js?v=fb358534:7550
processComponent @ chunk-3VLAASFC.js?v=fb358534:7502
patch @ chunk-3VLAASFC.js?v=fb358534:7016
mountChildren @ chunk-3VLAASFC.js?v=fb358534:7250
mountElement @ chunk-3VLAASFC.js?v=fb358534:7173
processElement @ chunk-3VLAASFC.js?v=fb358534:7138
patch @ chunk-3VLAASFC.js?v=fb358534:7004
componentUpdateFn @ chunk-3VLAASFC.js?v=fb358534:7648
run @ chunk-3VLAASFC.js?v=fb358534:683
setupRenderEffect @ chunk-3VLAASFC.js?v=fb358534:7776
mountComponent @ chunk-3VLAASFC.js?v=fb358534:7550
processComponent @ chunk-3VLAASFC.js?v=fb358534:7502
patch @ chunk-3VLAASFC.js?v=fb358534:7016
mountChildren @ chunk-3VLAASFC.js?v=fb358534:7250
processFragment @ chunk-3VLAASFC.js?v=fb358534:7432
patch @ chunk-3VLAASFC.js?v=fb358534:6990
componentUpdateFn @ chunk-3VLAASFC.js?v=fb358534:7648
run @ chunk-3VLAASFC.js?v=fb358534:683
setupRenderEffect @ chunk-3VLAASFC.js?v=fb358534:7776
mountComponent @ chunk-3VLAASFC.js?v=fb358534:7550
processComponent @ chunk-3VLAASFC.js?v=fb358534:7502
patch @ chunk-3VLAASFC.js?v=fb358534:7016
componentUpdateFn @ chunk-3VLAASFC.js?v=fb358534:7728
run @ chunk-3VLAASFC.js?v=fb358534:683
runIfDirty @ chunk-3VLAASFC.js?v=fb358534:721
callWithErrorHandling @ chunk-3VLAASFC.js?v=fb358534:2467
flushJobs @ chunk-3VLAASFC.js?v=fb358534:2675
Promise.then
queueFlush @ chunk-3VLAASFC.js?v=fb358534:2589
queueJob @ chunk-3VLAASFC.js?v=fb358534:2584
effect2.scheduler @ chunk-3VLAASFC.js?v=fb358534:7770
trigger @ chunk-3VLAASFC.js?v=fb358534:711
endBatch @ chunk-3VLAASFC.js?v=fb358534:769
notify @ chunk-3VLAASFC.js?v=fb358534:1031
trigger @ chunk-3VLAASFC.js?v=fb358534:1005
set value @ chunk-3VLAASFC.js?v=fb358534:1877
swapComponent @ @inertiajs_vue3.js?v=fb358534:315
swap @ chunk-DTND7MSH.js?v=fb358534:9548
(anonymous) @ chunk-DTND7MSH.js?v=fb358534:9501
Promise.then
(anonymous) @ chunk-DTND7MSH.js?v=fb358534:9490
Promise.then
set @ chunk-DTND7MSH.js?v=fb358534:9481
setPage @ chunk-DTND7MSH.js?v=fb358534:10532
await in setPage
process @ chunk-DTND7MSH.js?v=fb358534:10459
await in process
(anonymous) @ chunk-DTND7MSH.js?v=fb358534:10444
processNext @ chunk-DTND7MSH.js?v=fb358534:9585
process @ chunk-DTND7MSH.js?v=fb358534:9577
add @ chunk-DTND7MSH.js?v=fb358534:9574
handle @ chunk-DTND7MSH.js?v=fb358534:10444
(anonymous) @ chunk-DTND7MSH.js?v=fb358534:10684
Promise.then
send @ chunk-DTND7MSH.js?v=fb358534:10682
send @ chunk-DTND7MSH.js?v=fb358534:10759
visit @ chunk-DTND7MSH.js?v=fb358534:10891
onClick @ @inertiajs_vue3.js?v=fb358534:983
(anonymous) @ chunk-3VLAASFC.js?v=fb358534:11503
callWithErrorHandling @ chunk-3VLAASFC.js?v=fb358534:2467
callWithAsyncErrorHandling @ chunk-3VLAASFC.js?v=fb358534:2474
callWithAsyncErrorHandling @ chunk-3VLAASFC.js?v=fb358534:2485
invoker @ chunk-3VLAASFC.js?v=fb358534:11474
Index.vue:778 [intlify] Not found 'Cancel Invitation' key in 'en' locale messages.
overrideMethod @ hook.js:608
warn @ vue-i18n.js?v=fb358534:24
handleMissing @ vue-i18n.js?v=fb358534:2724
resolveMessageFormat @ vue-i18n.js?v=fb358534:3046
translate @ vue-i18n.js?v=fb358534:2924
(anonymous) @ vue-i18n.js?v=fb358534:4120
wrapWithDeps @ vue-i18n.js?v=fb358534:4081
t @ vue-i18n.js?v=fb358534:4120
(anonymous) @ Index.vue:778
renderFnWithContext @ chunk-3VLAASFC.js?v=fb358534:2967
renderSlot @ chunk-3VLAASFC.js?v=fb358534:5290
(anonymous) @ VesselLayout.vue:5
renderFnWithContext @ chunk-3VLAASFC.js?v=fb358534:2967
renderSlot @ chunk-3VLAASFC.js?v=fb358534:5290
(anonymous) @ AppSidebarLayout.vue:23
renderFnWithContext @ chunk-3VLAASFC.js?v=fb358534:2967
renderSlot @ chunk-3VLAASFC.js?v=fb358534:5290
(anonymous) @ AppContent.vue:16
renderFnWithContext @ chunk-3VLAASFC.js?v=fb358534:2967
renderSlot @ chunk-3VLAASFC.js?v=fb358534:5290
_sfc_render @ SidebarInset.vue:19
renderComponentRoot @ chunk-3VLAASFC.js?v=fb358534:8849
componentUpdateFn @ chunk-3VLAASFC.js?v=fb358534:7641
run @ chunk-3VLAASFC.js?v=fb358534:683
setupRenderEffect @ chunk-3VLAASFC.js?v=fb358534:7776
mountComponent @ chunk-3VLAASFC.js?v=fb358534:7550
processComponent @ chunk-3VLAASFC.js?v=fb358534:7502
patch @ chunk-3VLAASFC.js?v=fb358534:7016
componentUpdateFn @ chunk-3VLAASFC.js?v=fb358534:7648
run @ chunk-3VLAASFC.js?v=fb358534:683
setupRenderEffect @ chunk-3VLAASFC.js?v=fb358534:7776
mountComponent @ chunk-3VLAASFC.js?v=fb358534:7550
processComponent @ chunk-3VLAASFC.js?v=fb358534:7502
patch @ chunk-3VLAASFC.js?v=fb358534:7016
mountChildren @ chunk-3VLAASFC.js?v=fb358534:7250
processFragment @ chunk-3VLAASFC.js?v=fb358534:7432
patch @ chunk-3VLAASFC.js?v=fb358534:6990
mountChildren @ chunk-3VLAASFC.js?v=fb358534:7250
processFragment @ chunk-3VLAASFC.js?v=fb358534:7432
patch @ chunk-3VLAASFC.js?v=fb358534:6990
mountChildren @ chunk-3VLAASFC.js?v=fb358534:7250
mountElement @ chunk-3VLAASFC.js?v=fb358534:7173
processElement @ chunk-3VLAASFC.js?v=fb358534:7138
patch @ chunk-3VLAASFC.js?v=fb358534:7004
mountChildren @ chunk-3VLAASFC.js?v=fb358534:7250
processFragment @ chunk-3VLAASFC.js?v=fb358534:7432
patch @ chunk-3VLAASFC.js?v=fb358534:6990
componentUpdateFn @ chunk-3VLAASFC.js?v=fb358534:7648
run @ chunk-3VLAASFC.js?v=fb358534:683
setupRenderEffect @ chunk-3VLAASFC.js?v=fb358534:7776
mountComponent @ chunk-3VLAASFC.js?v=fb358534:7550
processComponent @ chunk-3VLAASFC.js?v=fb358534:7502
patch @ chunk-3VLAASFC.js?v=fb358534:7016
componentUpdateFn @ chunk-3VLAASFC.js?v=fb358534:7648
run @ chunk-3VLAASFC.js?v=fb358534:683
setupRenderEffect @ chunk-3VLAASFC.js?v=fb358534:7776
mountComponent @ chunk-3VLAASFC.js?v=fb358534:7550
processComponent @ chunk-3VLAASFC.js?v=fb358534:7502
patch @ chunk-3VLAASFC.js?v=fb358534:7016
componentUpdateFn @ chunk-3VLAASFC.js?v=fb358534:7648
run @ chunk-3VLAASFC.js?v=fb358534:683
setupRenderEffect @ chunk-3VLAASFC.js?v=fb358534:7776
mountComponent @ chunk-3VLAASFC.js?v=fb358534:7550
processComponent @ chunk-3VLAASFC.js?v=fb358534:7502
patch @ chunk-3VLAASFC.js?v=fb358534:7016
componentUpdateFn @ chunk-3VLAASFC.js?v=fb358534:7648
run @ chunk-3VLAASFC.js?v=fb358534:683
setupRenderEffect @ chunk-3VLAASFC.js?v=fb358534:7776
mountComponent @ chunk-3VLAASFC.js?v=fb358534:7550
processComponent @ chunk-3VLAASFC.js?v=fb358534:7502
patch @ chunk-3VLAASFC.js?v=fb358534:7016
mountChildren @ chunk-3VLAASFC.js?v=fb358534:7250
mountElement @ chunk-3VLAASFC.js?v=fb358534:7173
processElement @ chunk-3VLAASFC.js?v=fb358534:7138
patch @ chunk-3VLAASFC.js?v=fb358534:7004
componentUpdateFn @ chunk-3VLAASFC.js?v=fb358534:7648
run @ chunk-3VLAASFC.js?v=fb358534:683
setupRenderEffect @ chunk-3VLAASFC.js?v=fb358534:7776
mountComponent @ chunk-3VLAASFC.js?v=fb358534:7550
processComponent @ chunk-3VLAASFC.js?v=fb358534:7502
patch @ chunk-3VLAASFC.js?v=fb358534:7016
mountChildren @ chunk-3VLAASFC.js?v=fb358534:7250
processFragment @ chunk-3VLAASFC.js?v=fb358534:7432
patch @ chunk-3VLAASFC.js?v=fb358534:6990
componentUpdateFn @ chunk-3VLAASFC.js?v=fb358534:7648
run @ chunk-3VLAASFC.js?v=fb358534:683
setupRenderEffect @ chunk-3VLAASFC.js?v=fb358534:7776
mountComponent @ chunk-3VLAASFC.js?v=fb358534:7550
processComponent @ chunk-3VLAASFC.js?v=fb358534:7502
patch @ chunk-3VLAASFC.js?v=fb358534:7016
componentUpdateFn @ chunk-3VLAASFC.js?v=fb358534:7728
run @ chunk-3VLAASFC.js?v=fb358534:683
runIfDirty @ chunk-3VLAASFC.js?v=fb358534:721
callWithErrorHandling @ chunk-3VLAASFC.js?v=fb358534:2467
flushJobs @ chunk-3VLAASFC.js?v=fb358534:2675
Promise.then
queueFlush @ chunk-3VLAASFC.js?v=fb358534:2589
queueJob @ chunk-3VLAASFC.js?v=fb358534:2584
effect2.scheduler @ chunk-3VLAASFC.js?v=fb358534:7770
trigger @ chunk-3VLAASFC.js?v=fb358534:711
endBatch @ chunk-3VLAASFC.js?v=fb358534:769
notify @ chunk-3VLAASFC.js?v=fb358534:1031
trigger @ chunk-3VLAASFC.js?v=fb358534:1005
set value @ chunk-3VLAASFC.js?v=fb358534:1877
swapComponent @ @inertiajs_vue3.js?v=fb358534:315
swap @ chunk-DTND7MSH.js?v=fb358534:9548
(anonymous) @ chunk-DTND7MSH.js?v=fb358534:9501
Promise.then
(anonymous) @ chunk-DTND7MSH.js?v=fb358534:9490
Promise.then
set @ chunk-DTND7MSH.js?v=fb358534:9481
setPage @ chunk-DTND7MSH.js?v=fb358534:10532
await in setPage
process @ chunk-DTND7MSH.js?v=fb358534:10459
await in process
(anonymous) @ chunk-DTND7MSH.js?v=fb358534:10444
processNext @ chunk-DTND7MSH.js?v=fb358534:9585
process @ chunk-DTND7MSH.js?v=fb358534:9577
add @ chunk-DTND7MSH.js?v=fb358534:9574
handle @ chunk-DTND7MSH.js?v=fb358534:10444
(anonymous) @ chunk-DTND7MSH.js?v=fb358534:10684
Promise.then
send @ chunk-DTND7MSH.js?v=fb358534:10682
send @ chunk-DTND7MSH.js?v=fb358534:10759
visit @ chunk-DTND7MSH.js?v=fb358534:10891
onClick @ @inertiajs_vue3.js?v=fb358534:983
(anonymous) @ chunk-3VLAASFC.js?v=fb358534:11503
callWithErrorHandling @ chunk-3VLAASFC.js?v=fb358534:2467
callWithAsyncErrorHandling @ chunk-3VLAASFC.js?v=fb358534:2474
callWithAsyncErrorHandling @ chunk-3VLAASFC.js?v=fb358534:2485
invoker @ chunk-3VLAASFC.js?v=fb358534:11474
Index.vue:779 [intlify] Not found 'Keep Invitation' key in 'pt' locale messages.
overrideMethod @ hook.js:608
warn @ vue-i18n.js?v=fb358534:24
handleMissing @ vue-i18n.js?v=fb358534:2724
resolveMessageFormat @ vue-i18n.js?v=fb358534:3046
translate @ vue-i18n.js?v=fb358534:2924
(anonymous) @ vue-i18n.js?v=fb358534:4120
wrapWithDeps @ vue-i18n.js?v=fb358534:4081
t @ vue-i18n.js?v=fb358534:4120
(anonymous) @ Index.vue:779
renderFnWithContext @ chunk-3VLAASFC.js?v=fb358534:2967
renderSlot @ chunk-3VLAASFC.js?v=fb358534:5290
(anonymous) @ VesselLayout.vue:5
renderFnWithContext @ chunk-3VLAASFC.js?v=fb358534:2967
renderSlot @ chunk-3VLAASFC.js?v=fb358534:5290
(anonymous) @ AppSidebarLayout.vue:23
renderFnWithContext @ chunk-3VLAASFC.js?v=fb358534:2967
renderSlot @ chunk-3VLAASFC.js?v=fb358534:5290
(anonymous) @ AppContent.vue:16
renderFnWithContext @ chunk-3VLAASFC.js?v=fb358534:2967
renderSlot @ chunk-3VLAASFC.js?v=fb358534:5290
_sfc_render @ SidebarInset.vue:19
renderComponentRoot @ chunk-3VLAASFC.js?v=fb358534:8849
componentUpdateFn @ chunk-3VLAASFC.js?v=fb358534:7641
run @ chunk-3VLAASFC.js?v=fb358534:683
setupRenderEffect @ chunk-3VLAASFC.js?v=fb358534:7776
mountComponent @ chunk-3VLAASFC.js?v=fb358534:7550
processComponent @ chunk-3VLAASFC.js?v=fb358534:7502
patch @ chunk-3VLAASFC.js?v=fb358534:7016
componentUpdateFn @ chunk-3VLAASFC.js?v=fb358534:7648
run @ chunk-3VLAASFC.js?v=fb358534:683
setupRenderEffect @ chunk-3VLAASFC.js?v=fb358534:7776
mountComponent @ chunk-3VLAASFC.js?v=fb358534:7550
processComponent @ chunk-3VLAASFC.js?v=fb358534:7502
patch @ chunk-3VLAASFC.js?v=fb358534:7016
mountChildren @ chunk-3VLAASFC.js?v=fb358534:7250
processFragment @ chunk-3VLAASFC.js?v=fb358534:7432
patch @ chunk-3VLAASFC.js?v=fb358534:6990
mountChildren @ chunk-3VLAASFC.js?v=fb358534:7250
processFragment @ chunk-3VLAASFC.js?v=fb358534:7432
patch @ chunk-3VLAASFC.js?v=fb358534:6990
mountChildren @ chunk-3VLAASFC.js?v=fb358534:7250
mountElement @ chunk-3VLAASFC.js?v=fb358534:7173
processElement @ chunk-3VLAASFC.js?v=fb358534:7138
patch @ chunk-3VLAASFC.js?v=fb358534:7004
mountChildren @ chunk-3VLAASFC.js?v=fb358534:7250
processFragment @ chunk-3VLAASFC.js?v=fb358534:7432
patch @ chunk-3VLAASFC.js?v=fb358534:6990
componentUpdateFn @ chunk-3VLAASFC.js?v=fb358534:7648
run @ chunk-3VLAASFC.js?v=fb358534:683
setupRenderEffect @ chunk-3VLAASFC.js?v=fb358534:7776
mountComponent @ chunk-3VLAASFC.js?v=fb358534:7550
processComponent @ chunk-3VLAASFC.js?v=fb358534:7502
patch @ chunk-3VLAASFC.js?v=fb358534:7016
componentUpdateFn @ chunk-3VLAASFC.js?v=fb358534:7648
run @ chunk-3VLAASFC.js?v=fb358534:683
setupRenderEffect @ chunk-3VLAASFC.js?v=fb358534:7776
mountComponent @ chunk-3VLAASFC.js?v=fb358534:7550
processComponent @ chunk-3VLAASFC.js?v=fb358534:7502
patch @ chunk-3VLAASFC.js?v=fb358534:7016
componentUpdateFn @ chunk-3VLAASFC.js?v=fb358534:7648
run @ chunk-3VLAASFC.js?v=fb358534:683
setupRenderEffect @ chunk-3VLAASFC.js?v=fb358534:7776
mountComponent @ chunk-3VLAASFC.js?v=fb358534:7550
processComponent @ chunk-3VLAASFC.js?v=fb358534:7502
patch @ chunk-3VLAASFC.js?v=fb358534:7016
componentUpdateFn @ chunk-3VLAASFC.js?v=fb358534:7648
run @ chunk-3VLAASFC.js?v=fb358534:683
setupRenderEffect @ chunk-3VLAASFC.js?v=fb358534:7776
mountComponent @ chunk-3VLAASFC.js?v=fb358534:7550
processComponent @ chunk-3VLAASFC.js?v=fb358534:7502
patch @ chunk-3VLAASFC.js?v=fb358534:7016
mountChildren @ chunk-3VLAASFC.js?v=fb358534:7250
mountElement @ chunk-3VLAASFC.js?v=fb358534:7173
processElement @ chunk-3VLAASFC.js?v=fb358534:7138
patch @ chunk-3VLAASFC.js?v=fb358534:7004
componentUpdateFn @ chunk-3VLAASFC.js?v=fb358534:7648
run @ chunk-3VLAASFC.js?v=fb358534:683
setupRenderEffect @ chunk-3VLAASFC.js?v=fb358534:7776
mountComponent @ chunk-3VLAASFC.js?v=fb358534:7550
processComponent @ chunk-3VLAASFC.js?v=fb358534:7502
patch @ chunk-3VLAASFC.js?v=fb358534:7016
mountChildren @ chunk-3VLAASFC.js?v=fb358534:7250
processFragment @ chunk-3VLAASFC.js?v=fb358534:7432
patch @ chunk-3VLAASFC.js?v=fb358534:6990
componentUpdateFn @ chunk-3VLAASFC.js?v=fb358534:7648
run @ chunk-3VLAASFC.js?v=fb358534:683
setupRenderEffect @ chunk-3VLAASFC.js?v=fb358534:7776
mountComponent @ chunk-3VLAASFC.js?v=fb358534:7550
processComponent @ chunk-3VLAASFC.js?v=fb358534:7502
patch @ chunk-3VLAASFC.js?v=fb358534:7016
componentUpdateFn @ chunk-3VLAASFC.js?v=fb358534:7728
run @ chunk-3VLAASFC.js?v=fb358534:683
runIfDirty @ chunk-3VLAASFC.js?v=fb358534:721
callWithErrorHandling @ chunk-3VLAASFC.js?v=fb358534:2467
flushJobs @ chunk-3VLAASFC.js?v=fb358534:2675
Promise.then
queueFlush @ chunk-3VLAASFC.js?v=fb358534:2589
queueJob @ chunk-3VLAASFC.js?v=fb358534:2584
effect2.scheduler @ chunk-3VLAASFC.js?v=fb358534:7770
trigger @ chunk-3VLAASFC.js?v=fb358534:711
endBatch @ chunk-3VLAASFC.js?v=fb358534:769
notify @ chunk-3VLAASFC.js?v=fb358534:1031
trigger @ chunk-3VLAASFC.js?v=fb358534:1005
set value @ chunk-3VLAASFC.js?v=fb358534:1877
swapComponent @ @inertiajs_vue3.js?v=fb358534:315
swap @ chunk-DTND7MSH.js?v=fb358534:9548
(anonymous) @ chunk-DTND7MSH.js?v=fb358534:9501
Promise.then
(anonymous) @ chunk-DTND7MSH.js?v=fb358534:9490
Promise.then
set @ chunk-DTND7MSH.js?v=fb358534:9481
setPage @ chunk-DTND7MSH.js?v=fb358534:10532
await in setPage
process @ chunk-DTND7MSH.js?v=fb358534:10459
await in process
(anonymous) @ chunk-DTND7MSH.js?v=fb358534:10444
processNext @ chunk-DTND7MSH.js?v=fb358534:9585
process @ chunk-DTND7MSH.js?v=fb358534:9577
add @ chunk-DTND7MSH.js?v=fb358534:9574
handle @ chunk-DTND7MSH.js?v=fb358534:10444
(anonymous) @ chunk-DTND7MSH.js?v=fb358534:10684
Promise.then
send @ chunk-DTND7MSH.js?v=fb358534:10682
send @ chunk-DTND7MSH.js?v=fb358534:10759
visit @ chunk-DTND7MSH.js?v=fb358534:10891
onClick @ @inertiajs_vue3.js?v=fb358534:983
(anonymous) @ chunk-3VLAASFC.js?v=fb358534:11503
callWithErrorHandling @ chunk-3VLAASFC.js?v=fb358534:2467
callWithAsyncErrorHandling @ chunk-3VLAASFC.js?v=fb358534:2474
callWithAsyncErrorHandling @ chunk-3VLAASFC.js?v=fb358534:2485
invoker @ chunk-3VLAASFC.js?v=fb358534:11474
Index.vue:779 [intlify] Fall back to translate 'Keep Invitation' key with 'en' locale.
overrideMethod @ hook.js:608
warn @ vue-i18n.js?v=fb358534:24
resolveMessageFormat @ vue-i18n.js?v=fb358534:2995
translate @ vue-i18n.js?v=fb358534:2924
(anonymous) @ vue-i18n.js?v=fb358534:4120
wrapWithDeps @ vue-i18n.js?v=fb358534:4081
t @ vue-i18n.js?v=fb358534:4120
(anonymous) @ Index.vue:779
renderFnWithContext @ chunk-3VLAASFC.js?v=fb358534:2967
renderSlot @ chunk-3VLAASFC.js?v=fb358534:5290
(anonymous) @ VesselLayout.vue:5
renderFnWithContext @ chunk-3VLAASFC.js?v=fb358534:2967
renderSlot @ chunk-3VLAASFC.js?v=fb358534:5290
(anonymous) @ AppSidebarLayout.vue:23
renderFnWithContext @ chunk-3VLAASFC.js?v=fb358534:2967
renderSlot @ chunk-3VLAASFC.js?v=fb358534:5290
(anonymous) @ AppContent.vue:16
renderFnWithContext @ chunk-3VLAASFC.js?v=fb358534:2967
renderSlot @ chunk-3VLAASFC.js?v=fb358534:5290
_sfc_render @ SidebarInset.vue:19
renderComponentRoot @ chunk-3VLAASFC.js?v=fb358534:8849
componentUpdateFn @ chunk-3VLAASFC.js?v=fb358534:7641
run @ chunk-3VLAASFC.js?v=fb358534:683
setupRenderEffect @ chunk-3VLAASFC.js?v=fb358534:7776
mountComponent @ chunk-3VLAASFC.js?v=fb358534:7550
processComponent @ chunk-3VLAASFC.js?v=fb358534:7502
patch @ chunk-3VLAASFC.js?v=fb358534:7016
componentUpdateFn @ chunk-3VLAASFC.js?v=fb358534:7648
run @ chunk-3VLAASFC.js?v=fb358534:683
setupRenderEffect @ chunk-3VLAASFC.js?v=fb358534:7776
mountComponent @ chunk-3VLAASFC.js?v=fb358534:7550
processComponent @ chunk-3VLAASFC.js?v=fb358534:7502
patch @ chunk-3VLAASFC.js?v=fb358534:7016
mountChildren @ chunk-3VLAASFC.js?v=fb358534:7250
processFragment @ chunk-3VLAASFC.js?v=fb358534:7432
patch @ chunk-3VLAASFC.js?v=fb358534:6990
mountChildren @ chunk-3VLAASFC.js?v=fb358534:7250
processFragment @ chunk-3VLAASFC.js?v=fb358534:7432
patch @ chunk-3VLAASFC.js?v=fb358534:6990
mountChildren @ chunk-3VLAASFC.js?v=fb358534:7250
mountElement @ chunk-3VLAASFC.js?v=fb358534:7173
processElement @ chunk-3VLAASFC.js?v=fb358534:7138
patch @ chunk-3VLAASFC.js?v=fb358534:7004
mountChildren @ chunk-3VLAASFC.js?v=fb358534:7250
processFragment @ chunk-3VLAASFC.js?v=fb358534:7432
patch @ chunk-3VLAASFC.js?v=fb358534:6990
componentUpdateFn @ chunk-3VLAASFC.js?v=fb358534:7648
run @ chunk-3VLAASFC.js?v=fb358534:683
setupRenderEffect @ chunk-3VLAASFC.js?v=fb358534:7776
mountComponent @ chunk-3VLAASFC.js?v=fb358534:7550
processComponent @ chunk-3VLAASFC.js?v=fb358534:7502
patch @ chunk-3VLAASFC.js?v=fb358534:7016
componentUpdateFn @ chunk-3VLAASFC.js?v=fb358534:7648
run @ chunk-3VLAASFC.js?v=fb358534:683
setupRenderEffect @ chunk-3VLAASFC.js?v=fb358534:7776
mountComponent @ chunk-3VLAASFC.js?v=fb358534:7550
processComponent @ chunk-3VLAASFC.js?v=fb358534:7502
patch @ chunk-3VLAASFC.js?v=fb358534:7016
componentUpdateFn @ chunk-3VLAASFC.js?v=fb358534:7648
run @ chunk-3VLAASFC.js?v=fb358534:683
setupRenderEffect @ chunk-3VLAASFC.js?v=fb358534:7776
mountComponent @ chunk-3VLAASFC.js?v=fb358534:7550
processComponent @ chunk-3VLAASFC.js?v=fb358534:7502
patch @ chunk-3VLAASFC.js?v=fb358534:7016
componentUpdateFn @ chunk-3VLAASFC.js?v=fb358534:7648
run @ chunk-3VLAASFC.js?v=fb358534:683
setupRenderEffect @ chunk-3VLAASFC.js?v=fb358534:7776
mountComponent @ chunk-3VLAASFC.js?v=fb358534:7550
processComponent @ chunk-3VLAASFC.js?v=fb358534:7502
patch @ chunk-3VLAASFC.js?v=fb358534:7016
mountChildren @ chunk-3VLAASFC.js?v=fb358534:7250
mountElement @ chunk-3VLAASFC.js?v=fb358534:7173
processElement @ chunk-3VLAASFC.js?v=fb358534:7138
patch @ chunk-3VLAASFC.js?v=fb358534:7004
componentUpdateFn @ chunk-3VLAASFC.js?v=fb358534:7648
run @ chunk-3VLAASFC.js?v=fb358534:683
setupRenderEffect @ chunk-3VLAASFC.js?v=fb358534:7776
mountComponent @ chunk-3VLAASFC.js?v=fb358534:7550
processComponent @ chunk-3VLAASFC.js?v=fb358534:7502
patch @ chunk-3VLAASFC.js?v=fb358534:7016
mountChildren @ chunk-3VLAASFC.js?v=fb358534:7250
processFragment @ chunk-3VLAASFC.js?v=fb358534:7432
patch @ chunk-3VLAASFC.js?v=fb358534:6990
componentUpdateFn @ chunk-3VLAASFC.js?v=fb358534:7648
run @ chunk-3VLAASFC.js?v=fb358534:683
setupRenderEffect @ chunk-3VLAASFC.js?v=fb358534:7776
mountComponent @ chunk-3VLAASFC.js?v=fb358534:7550
processComponent @ chunk-3VLAASFC.js?v=fb358534:7502
patch @ chunk-3VLAASFC.js?v=fb358534:7016
componentUpdateFn @ chunk-3VLAASFC.js?v=fb358534:7728
run @ chunk-3VLAASFC.js?v=fb358534:683
runIfDirty @ chunk-3VLAASFC.js?v=fb358534:721
callWithErrorHandling @ chunk-3VLAASFC.js?v=fb358534:2467
flushJobs @ chunk-3VLAASFC.js?v=fb358534:2675
Promise.then
queueFlush @ chunk-3VLAASFC.js?v=fb358534:2589
queueJob @ chunk-3VLAASFC.js?v=fb358534:2584
effect2.scheduler @ chunk-3VLAASFC.js?v=fb358534:7770
trigger @ chunk-3VLAASFC.js?v=fb358534:711
endBatch @ chunk-3VLAASFC.js?v=fb358534:769
notify @ chunk-3VLAASFC.js?v=fb358534:1031
trigger @ chunk-3VLAASFC.js?v=fb358534:1005
set value @ chunk-3VLAASFC.js?v=fb358534:1877
swapComponent @ @inertiajs_vue3.js?v=fb358534:315
swap @ chunk-DTND7MSH.js?v=fb358534:9548
(anonymous) @ chunk-DTND7MSH.js?v=fb358534:9501
Promise.then
(anonymous) @ chunk-DTND7MSH.js?v=fb358534:9490
Promise.then
set @ chunk-DTND7MSH.js?v=fb358534:9481
setPage @ chunk-DTND7MSH.js?v=fb358534:10532
await in setPage
process @ chunk-DTND7MSH.js?v=fb358534:10459
await in process
(anonymous) @ chunk-DTND7MSH.js?v=fb358534:10444
processNext @ chunk-DTND7MSH.js?v=fb358534:9585
process @ chunk-DTND7MSH.js?v=fb358534:9577
add @ chunk-DTND7MSH.js?v=fb358534:9574
handle @ chunk-DTND7MSH.js?v=fb358534:10444
(anonymous) @ chunk-DTND7MSH.js?v=fb358534:10684
Promise.then
send @ chunk-DTND7MSH.js?v=fb358534:10682
send @ chunk-DTND7MSH.js?v=fb358534:10759
visit @ chunk-DTND7MSH.js?v=fb358534:10891
onClick @ @inertiajs_vue3.js?v=fb358534:983
(anonymous) @ chunk-3VLAASFC.js?v=fb358534:11503
callWithErrorHandling @ chunk-3VLAASFC.js?v=fb358534:2467
callWithAsyncErrorHandling @ chunk-3VLAASFC.js?v=fb358534:2474
callWithAsyncErrorHandling @ chunk-3VLAASFC.js?v=fb358534:2485
invoker @ chunk-3VLAASFC.js?v=fb358534:11474
Index.vue:779 [intlify] Not found 'Keep Invitation' key in 'en' locale messages.
overrideMethod @ hook.js:608
warn @ vue-i18n.js?v=fb358534:24
handleMissing @ vue-i18n.js?v=fb358534:2724
resolveMessageFormat @ vue-i18n.js?v=fb358534:3046
translate @ vue-i18n.js?v=fb358534:2924
(anonymous) @ vue-i18n.js?v=fb358534:4120
wrapWithDeps @ vue-i18n.js?v=fb358534:4081
t @ vue-i18n.js?v=fb358534:4120
(anonymous) @ Index.vue:779
renderFnWithContext @ chunk-3VLAASFC.js?v=fb358534:2967
renderSlot @ chunk-3VLAASFC.js?v=fb358534:5290
(anonymous) @ VesselLayout.vue:5
renderFnWithContext @ chunk-3VLAASFC.js?v=fb358534:2967
renderSlot @ chunk-3VLAASFC.js?v=fb358534:5290
(anonymous) @ AppSidebarLayout.vue:23
renderFnWithContext @ chunk-3VLAASFC.js?v=fb358534:2967
renderSlot @ chunk-3VLAASFC.js?v=fb358534:5290
(anonymous) @ AppContent.vue:16
renderFnWithContext @ chunk-3VLAASFC.js?v=fb358534:2967
renderSlot @ chunk-3VLAASFC.js?v=fb358534:5290
_sfc_render @ SidebarInset.vue:19
renderComponentRoot @ chunk-3VLAASFC.js?v=fb358534:8849
componentUpdateFn @ chunk-3VLAASFC.js?v=fb358534:7641
run @ chunk-3VLAASFC.js?v=fb358534:683
setupRenderEffect @ chunk-3VLAASFC.js?v=fb358534:7776
mountComponent @ chunk-3VLAASFC.js?v=fb358534:7550
processComponent @ chunk-3VLAASFC.js?v=fb358534:7502
patch @ chunk-3VLAASFC.js?v=fb358534:7016
componentUpdateFn @ chunk-3VLAASFC.js?v=fb358534:7648
run @ chunk-3VLAASFC.js?v=fb358534:683
setupRenderEffect @ chunk-3VLAASFC.js?v=fb358534:7776
mountComponent @ chunk-3VLAASFC.js?v=fb358534:7550
processComponent @ chunk-3VLAASFC.js?v=fb358534:7502
patch @ chunk-3VLAASFC.js?v=fb358534:7016
mountChildren @ chunk-3VLAASFC.js?v=fb358534:7250
processFragment @ chunk-3VLAASFC.js?v=fb358534:7432
patch @ chunk-3VLAASFC.js?v=fb358534:6990
mountChildren @ chunk-3VLAASFC.js?v=fb358534:7250
processFragment @ chunk-3VLAASFC.js?v=fb358534:7432
patch @ chunk-3VLAASFC.js?v=fb358534:6990
mountChildren @ chunk-3VLAASFC.js?v=fb358534:7250
mountElement @ chunk-3VLAASFC.js?v=fb358534:7173
processElement @ chunk-3VLAASFC.js?v=fb358534:7138
patch @ chunk-3VLAASFC.js?v=fb358534:7004
mountChildren @ chunk-3VLAASFC.js?v=fb358534:7250
processFragment @ chunk-3VLAASFC.js?v=fb358534:7432
patch @ chunk-3VLAASFC.js?v=fb358534:6990
componentUpdateFn @ chunk-3VLAASFC.js?v=fb358534:7648
run @ chunk-3VLAASFC.js?v=fb358534:683
setupRenderEffect @ chunk-3VLAASFC.js?v=fb358534:7776
mountComponent @ chunk-3VLAASFC.js?v=fb358534:7550
processComponent @ chunk-3VLAASFC.js?v=fb358534:7502
patch @ chunk-3VLAASFC.js?v=fb358534:7016
componentUpdateFn @ chunk-3VLAASFC.js?v=fb358534:7648
run @ chunk-3VLAASFC.js?v=fb358534:683
setupRenderEffect @ chunk-3VLAASFC.js?v=fb358534:7776
mountComponent @ chunk-3VLAASFC.js?v=fb358534:7550
processComponent @ chunk-3VLAASFC.js?v=fb358534:7502
patch @ chunk-3VLAASFC.js?v=fb358534:7016
componentUpdateFn @ chunk-3VLAASFC.js?v=fb358534:7648
run @ chunk-3VLAASFC.js?v=fb358534:683
setupRenderEffect @ chunk-3VLAASFC.js?v=fb358534:7776
mountComponent @ chunk-3VLAASFC.js?v=fb358534:7550
processComponent @ chunk-3VLAASFC.js?v=fb358534:7502
patch @ chunk-3VLAASFC.js?v=fb358534:7016
componentUpdateFn @ chunk-3VLAASFC.js?v=fb358534:7648
run @ chunk-3VLAASFC.js?v=fb358534:683
setupRenderEffect @ chunk-3VLAASFC.js?v=fb358534:7776
mountComponent @ chunk-3VLAASFC.js?v=fb358534:7550
processComponent @ chunk-3VLAASFC.js?v=fb358534:7502
patch @ chunk-3VLAASFC.js?v=fb358534:7016
mountChildren @ chunk-3VLAASFC.js?v=fb358534:7250
mountElement @ chunk-3VLAASFC.js?v=fb358534:7173
processElement @ chunk-3VLAASFC.js?v=fb358534:7138
patch @ chunk-3VLAASFC.js?v=fb358534:7004
componentUpdateFn @ chunk-3VLAASFC.js?v=fb358534:7648
run @ chunk-3VLAASFC.js?v=fb358534:683
setupRenderEffect @ chunk-3VLAASFC.js?v=fb358534:7776
mountComponent @ chunk-3VLAASFC.js?v=fb358534:7550
processComponent @ chunk-3VLAASFC.js?v=fb358534:7502
patch @ chunk-3VLAASFC.js?v=fb358534:7016
mountChildren @ chunk-3VLAASFC.js?v=fb358534:7250
processFragment @ chunk-3VLAASFC.js?v=fb358534:7432
patch @ chunk-3VLAASFC.js?v=fb358534:6990
componentUpdateFn @ chunk-3VLAASFC.js?v=fb358534:7648
run @ chunk-3VLAASFC.js?v=fb358534:683
setupRenderEffect @ chunk-3VLAASFC.js?v=fb358534:7776
mountComponent @ chunk-3VLAASFC.js?v=fb358534:7550
processComponent @ chunk-3VLAASFC.js?v=fb358534:7502
patch @ chunk-3VLAASFC.js?v=fb358534:7016
componentUpdateFn @ chunk-3VLAASFC.js?v=fb358534:7728
run @ chunk-3VLAASFC.js?v=fb358534:683
runIfDirty @ chunk-3VLAASFC.js?v=fb358534:721
callWithErrorHandling @ chunk-3VLAASFC.js?v=fb358534:2467
flushJobs @ chunk-3VLAASFC.js?v=fb358534:2675
Promise.then
queueFlush @ chunk-3VLAASFC.js?v=fb358534:2589
queueJob @ chunk-3VLAASFC.js?v=fb358534:2584
effect2.scheduler @ chunk-3VLAASFC.js?v=fb358534:7770
trigger @ chunk-3VLAASFC.js?v=fb358534:711
endBatch @ chunk-3VLAASFC.js?v=fb358534:769
notify @ chunk-3VLAASFC.js?v=fb358534:1031
trigger @ chunk-3VLAASFC.js?v=fb358534:1005
set value @ chunk-3VLAASFC.js?v=fb358534:1877
swapComponent @ @inertiajs_vue3.js?v=fb358534:315
swap @ chunk-DTND7MSH.js?v=fb358534:9548
(anonymous) @ chunk-DTND7MSH.js?v=fb358534:9501
Promise.then
(anonymous) @ chunk-DTND7MSH.js?v=fb358534:9490
Promise.then
set @ chunk-DTND7MSH.js?v=fb358534:9481
setPage @ chunk-DTND7MSH.js?v=fb358534:10532
await in setPage
process @ chunk-DTND7MSH.js?v=fb358534:10459
await in process
(anonymous) @ chunk-DTND7MSH.js?v=fb358534:10444
processNext @ chunk-DTND7MSH.js?v=fb358534:9585
process @ chunk-DTND7MSH.js?v=fb358534:9577
add @ chunk-DTND7MSH.js?v=fb358534:9574
handle @ chunk-DTND7MSH.js?v=fb358534:10444
(anonymous) @ chunk-DTND7MSH.js?v=fb358534:10684
Promise.then
send @ chunk-DTND7MSH.js?v=fb358534:10682
send @ chunk-DTND7MSH.js?v=fb358534:10759
visit @ chunk-DTND7MSH.js?v=fb358534:10891
onClick @ @inertiajs_vue3.js?v=fb358534:983
(anonymous) @ chunk-3VLAASFC.js?v=fb358534:11503
callWithErrorHandling @ chunk-3VLAASFC.js?v=fb358534:2467
callWithAsyncErrorHandling @ chunk-3VLAASFC.js?v=fb358534:2474
callWithAsyncErrorHandling @ chunk-3VLAASFC.js?v=fb358534:2485
invoker @ chunk-3VLAASFC.js?v=fb358534:11474
hook.js:608 [Vue warn]: Invalid prop: type check failed for prop "sortField". Expected String with value "function sort() { [native code] }", got Function  
  at <DataTable columns= (4) [{…}, {…}, {…}, {…}] data= [] clickable=true  ... > 
  at <SidebarInset key=0 class="overflow-x-hidden" > 
  at <AppContent variant="sidebar" class="overflow-x-hidden" > 
  at <TooltipProvider delay-duration=0 > 
  at <SidebarProvider key=1 default-open=true > 
  at <AppShell variant="sidebar" > 
  at <AppSidebarLayout breadcrumbs= [{…}] > 
  at <VesselLayout breadcrumbs= [{…}] > 
  at <Index errors= {} name="Bindamy Mareas" quote= {message: 'The only way to do great work is to love what you do.', author: 'Steve Jobs'}  ... > 
  at <Inertia initialPage= {component: 'Dashboard', props: {…}, url: '/panel/WXeZLvG3jr93qO4wdxpVy/dashboard', version: 'd50b356bc2d9e83dfaaf654c38ae8e9b', clearHistory: false, …} initialComponent= {__name: 'Dashboard', props: {…}, __hmrId: '34521018', setup: ƒ, render: ƒ, …} resolveComponent=fn<resolveComponent>  ... > 
  at <App>
overrideMethod @ hook.js:608
warn$1 @ chunk-3VLAASFC.js?v=fb358534:2320
validateProp @ chunk-3VLAASFC.js?v=fb358534:6700
validateProps @ chunk-3VLAASFC.js?v=fb358534:6672
initProps @ chunk-3VLAASFC.js?v=fb358534:6361
setupComponent @ chunk-3VLAASFC.js?v=fb358534:10211
mountComponent @ chunk-3VLAASFC.js?v=fb358534:7536
processComponent @ chunk-3VLAASFC.js?v=fb358534:7502
patch @ chunk-3VLAASFC.js?v=fb358534:7016
mountChildren @ chunk-3VLAASFC.js?v=fb358534:7250
mountElement @ chunk-3VLAASFC.js?v=fb358534:7173
processElement @ chunk-3VLAASFC.js?v=fb358534:7138
patch @ chunk-3VLAASFC.js?v=fb358534:7004
mountChildren @ chunk-3VLAASFC.js?v=fb358534:7250
mountElement @ chunk-3VLAASFC.js?v=fb358534:7173
processElement @ chunk-3VLAASFC.js?v=fb358534:7138
patch @ chunk-3VLAASFC.js?v=fb358534:7004
mountChildren @ chunk-3VLAASFC.js?v=fb358534:7250
mountElement @ chunk-3VLAASFC.js?v=fb358534:7173
processElement @ chunk-3VLAASFC.js?v=fb358534:7138
patch @ chunk-3VLAASFC.js?v=fb358534:7004
mountChildren @ chunk-3VLAASFC.js?v=fb358534:7250
mountElement @ chunk-3VLAASFC.js?v=fb358534:7173
processElement @ chunk-3VLAASFC.js?v=fb358534:7138
patch @ chunk-3VLAASFC.js?v=fb358534:7004
mountChildren @ chunk-3VLAASFC.js?v=fb358534:7250
processFragment @ chunk-3VLAASFC.js?v=fb358534:7432
patch @ chunk-3VLAASFC.js?v=fb358534:6990
mountChildren @ chunk-3VLAASFC.js?v=fb358534:7250
processFragment @ chunk-3VLAASFC.js?v=fb358534:7432
patch @ chunk-3VLAASFC.js?v=fb358534:6990
mountChildren @ chunk-3VLAASFC.js?v=fb358534:7250
processFragment @ chunk-3VLAASFC.js?v=fb358534:7432
patch @ chunk-3VLAASFC.js?v=fb358534:6990
mountChildren @ chunk-3VLAASFC.js?v=fb358534:7250
processFragment @ chunk-3VLAASFC.js?v=fb358534:7432
patch @ chunk-3VLAASFC.js?v=fb358534:6990
mountChildren @ chunk-3VLAASFC.js?v=fb358534:7250
mountElement @ chunk-3VLAASFC.js?v=fb358534:7173
processElement @ chunk-3VLAASFC.js?v=fb358534:7138
patch @ chunk-3VLAASFC.js?v=fb358534:7004
componentUpdateFn @ chunk-3VLAASFC.js?v=fb358534:7648
run @ chunk-3VLAASFC.js?v=fb358534:683
setupRenderEffect @ chunk-3VLAASFC.js?v=fb358534:7776
mountComponent @ chunk-3VLAASFC.js?v=fb358534:7550
processComponent @ chunk-3VLAASFC.js?v=fb358534:7502
patch @ chunk-3VLAASFC.js?v=fb358534:7016
componentUpdateFn @ chunk-3VLAASFC.js?v=fb358534:7648
run @ chunk-3VLAASFC.js?v=fb358534:683
setupRenderEffect @ chunk-3VLAASFC.js?v=fb358534:7776
mountComponent @ chunk-3VLAASFC.js?v=fb358534:7550
processComponent @ chunk-3VLAASFC.js?v=fb358534:7502
patch @ chunk-3VLAASFC.js?v=fb358534:7016
mountChildren @ chunk-3VLAASFC.js?v=fb358534:7250
processFragment @ chunk-3VLAASFC.js?v=fb358534:7432
patch @ chunk-3VLAASFC.js?v=fb358534:6990
mountChildren @ chunk-3VLAASFC.js?v=fb358534:7250
processFragment @ chunk-3VLAASFC.js?v=fb358534:7432
patch @ chunk-3VLAASFC.js?v=fb358534:6990
mountChildren @ chunk-3VLAASFC.js?v=fb358534:7250
mountElement @ chunk-3VLAASFC.js?v=fb358534:7173
processElement @ chunk-3VLAASFC.js?v=fb358534:7138
patch @ chunk-3VLAASFC.js?v=fb358534:7004
mountChildren @ chunk-3VLAASFC.js?v=fb358534:7250
processFragment @ chunk-3VLAASFC.js?v=fb358534:7432
patch @ chunk-3VLAASFC.js?v=fb358534:6990
componentUpdateFn @ chunk-3VLAASFC.js?v=fb358534:7648
run @ chunk-3VLAASFC.js?v=fb358534:683
setupRenderEffect @ chunk-3VLAASFC.js?v=fb358534:7776
mountComponent @ chunk-3VLAASFC.js?v=fb358534:7550
processComponent @ chunk-3VLAASFC.js?v=fb358534:7502
patch @ chunk-3VLAASFC.js?v=fb358534:7016
componentUpdateFn @ chunk-3VLAASFC.js?v=fb358534:7648
run @ chunk-3VLAASFC.js?v=fb358534:683
setupRenderEffect @ chunk-3VLAASFC.js?v=fb358534:7776
mountComponent @ chunk-3VLAASFC.js?v=fb358534:7550
processComponent @ chunk-3VLAASFC.js?v=fb358534:7502
patch @ chunk-3VLAASFC.js?v=fb358534:7016
componentUpdateFn @ chunk-3VLAASFC.js?v=fb358534:7648
run @ chunk-3VLAASFC.js?v=fb358534:683
setupRenderEffect @ chunk-3VLAASFC.js?v=fb358534:7776
mountComponent @ chunk-3VLAASFC.js?v=fb358534:7550
processComponent @ chunk-3VLAASFC.js?v=fb358534:7502
patch @ chunk-3VLAASFC.js?v=fb358534:7016
componentUpdateFn @ chunk-3VLAASFC.js?v=fb358534:7648
run @ chunk-3VLAASFC.js?v=fb358534:683
setupRenderEffect @ chunk-3VLAASFC.js?v=fb358534:7776
mountComponent @ chunk-3VLAASFC.js?v=fb358534:7550
processComponent @ chunk-3VLAASFC.js?v=fb358534:7502
patch @ chunk-3VLAASFC.js?v=fb358534:7016
mountChildren @ chunk-3VLAASFC.js?v=fb358534:7250
mountElement @ chunk-3VLAASFC.js?v=fb358534:7173
processElement @ chunk-3VLAASFC.js?v=fb358534:7138
patch @ chunk-3VLAASFC.js?v=fb358534:7004
componentUpdateFn @ chunk-3VLAASFC.js?v=fb358534:7648
run @ chunk-3VLAASFC.js?v=fb358534:683
setupRenderEffect @ chunk-3VLAASFC.js?v=fb358534:7776
mountComponent @ chunk-3VLAASFC.js?v=fb358534:7550
processComponent @ chunk-3VLAASFC.js?v=fb358534:7502
patch @ chunk-3VLAASFC.js?v=fb358534:7016
mountChildren @ chunk-3VLAASFC.js?v=fb358534:7250
processFragment @ chunk-3VLAASFC.js?v=fb358534:7432
patch @ chunk-3VLAASFC.js?v=fb358534:6990
componentUpdateFn @ chunk-3VLAASFC.js?v=fb358534:7648
run @ chunk-3VLAASFC.js?v=fb358534:683
setupRenderEffect @ chunk-3VLAASFC.js?v=fb358534:7776
mountComponent @ chunk-3VLAASFC.js?v=fb358534:7550
processComponent @ chunk-3VLAASFC.js?v=fb358534:7502
patch @ chunk-3VLAASFC.js?v=fb358534:7016
componentUpdateFn @ chunk-3VLAASFC.js?v=fb358534:7728
run @ chunk-3VLAASFC.js?v=fb358534:683
runIfDirty @ chunk-3VLAASFC.js?v=fb358534:721
callWithErrorHandling @ chunk-3VLAASFC.js?v=fb358534:2467
flushJobs @ chunk-3VLAASFC.js?v=fb358534:2675
Promise.then
queueFlush @ chunk-3VLAASFC.js?v=fb358534:2589
queueJob @ chunk-3VLAASFC.js?v=fb358534:2584
effect2.scheduler @ chunk-3VLAASFC.js?v=fb358534:7770
trigger @ chunk-3VLAASFC.js?v=fb358534:711
endBatch @ chunk-3VLAASFC.js?v=fb358534:769
notify @ chunk-3VLAASFC.js?v=fb358534:1031
trigger @ chunk-3VLAASFC.js?v=fb358534:1005
set value @ chunk-3VLAASFC.js?v=fb358534:1877
swapComponent @ @inertiajs_vue3.js?v=fb358534:315
swap @ chunk-DTND7MSH.js?v=fb358534:9548
(anonymous) @ chunk-DTND7MSH.js?v=fb358534:9501
Promise.then
(anonymous) @ chunk-DTND7MSH.js?v=fb358534:9490
Promise.then
set @ chunk-DTND7MSH.js?v=fb358534:9481
setPage @ chunk-DTND7MSH.js?v=fb358534:10532
await in setPage
process @ chunk-DTND7MSH.js?v=fb358534:10459
await in process
(anonymous) @ chunk-DTND7MSH.js?v=fb358534:10444
processNext @ chunk-DTND7MSH.js?v=fb358534:9585
process @ chunk-DTND7MSH.js?v=fb358534:9577
add @ chunk-DTND7MSH.js?v=fb358534:9574
handle @ chunk-DTND7MSH.js?v=fb358534:10444
(anonymous) @ chunk-DTND7MSH.js?v=fb358534:10684
Promise.then
send @ chunk-DTND7MSH.js?v=fb358534:10682
send @ chunk-DTND7MSH.js?v=fb358534:10759
visit @ chunk-DTND7MSH.js?v=fb358534:10891
onClick @ @inertiajs_vue3.js?v=fb358534:983
(anonymous) @ chunk-3VLAASFC.js?v=fb358534:11503
callWithErrorHandling @ chunk-3VLAASFC.js?v=fb358534:2467
callWithAsyncErrorHandling @ chunk-3VLAASFC.js?v=fb358534:2474
callWithAsyncErrorHandling @ chunk-3VLAASFC.js?v=fb358534:2485
invoker @ chunk-3VLAASFC.js?v=fb358534:11474
hook.js:608 [Vue warn]: Invalid prop: type check failed for prop "sortField". Expected String with value "function sort() { [native code] }", got Function  
  at <DataTable columns= (4) [{…}, {…}, {…}, {…}] data= (4) [{…}, {…}, {…}, {…}] clickable=true  ... > 
  at <SidebarInset key=0 class="overflow-x-hidden" > 
  at <AppContent variant="sidebar" class="overflow-x-hidden" > 
  at <TooltipProvider delay-duration=0 > 
  at <SidebarProvider key=1 default-open=true > 
  at <AppShell variant="sidebar" > 
  at <AppSidebarLayout breadcrumbs= [{…}] > 
  at <VesselLayout breadcrumbs= [{…}] > 
  at <Index errors= {} name="Bindamy Mareas" quote= {message: 'The only way to do great work is to love what you do.', author: 'Steve Jobs'}  ... > 
  at <Inertia initialPage= {component: 'Dashboard', props: {…}, url: '/panel/WXeZLvG3jr93qO4wdxpVy/dashboard', version: 'd50b356bc2d9e83dfaaf654c38ae8e9b', clearHistory: false, …} initialComponent= {__name: 'Dashboard', props: {…}, __hmrId: '34521018', setup: ƒ, render: ƒ, …} resolveComponent=fn<resolveComponent>  ... > 
  at <App>
overrideMethod @ hook.js:608
warn$1 @ chunk-3VLAASFC.js?v=fb358534:2320
validateProp @ chunk-3VLAASFC.js?v=fb358534:6700
validateProps @ chunk-3VLAASFC.js?v=fb358534:6672
initProps @ chunk-3VLAASFC.js?v=fb358534:6361
setupComponent @ chunk-3VLAASFC.js?v=fb358534:10211
mountComponent @ chunk-3VLAASFC.js?v=fb358534:7536
processComponent @ chunk-3VLAASFC.js?v=fb358534:7502
patch @ chunk-3VLAASFC.js?v=fb358534:7016
mountChildren @ chunk-3VLAASFC.js?v=fb358534:7250
mountElement @ chunk-3VLAASFC.js?v=fb358534:7173
processElement @ chunk-3VLAASFC.js?v=fb358534:7138
patch @ chunk-3VLAASFC.js?v=fb358534:7004
mountChildren @ chunk-3VLAASFC.js?v=fb358534:7250
mountElement @ chunk-3VLAASFC.js?v=fb358534:7173
processElement @ chunk-3VLAASFC.js?v=fb358534:7138
patch @ chunk-3VLAASFC.js?v=fb358534:7004
mountChildren @ chunk-3VLAASFC.js?v=fb358534:7250
mountElement @ chunk-3VLAASFC.js?v=fb358534:7173
processElement @ chunk-3VLAASFC.js?v=fb358534:7138
patch @ chunk-3VLAASFC.js?v=fb358534:7004
mountChildren @ chunk-3VLAASFC.js?v=fb358534:7250
mountElement @ chunk-3VLAASFC.js?v=fb358534:7173
processElement @ chunk-3VLAASFC.js?v=fb358534:7138
patch @ chunk-3VLAASFC.js?v=fb358534:7004
mountChildren @ chunk-3VLAASFC.js?v=fb358534:7250
processFragment @ chunk-3VLAASFC.js?v=fb358534:7432
patch @ chunk-3VLAASFC.js?v=fb358534:6990
mountChildren @ chunk-3VLAASFC.js?v=fb358534:7250
processFragment @ chunk-3VLAASFC.js?v=fb358534:7432
patch @ chunk-3VLAASFC.js?v=fb358534:6990
mountChildren @ chunk-3VLAASFC.js?v=fb358534:7250
processFragment @ chunk-3VLAASFC.js?v=fb358534:7432
patch @ chunk-3VLAASFC.js?v=fb358534:6990
mountChildren @ chunk-3VLAASFC.js?v=fb358534:7250
processFragment @ chunk-3VLAASFC.js?v=fb358534:7432
patch @ chunk-3VLAASFC.js?v=fb358534:6990
mountChildren @ chunk-3VLAASFC.js?v=fb358534:7250
mountElement @ chunk-3VLAASFC.js?v=fb358534:7173
processElement @ chunk-3VLAASFC.js?v=fb358534:7138
patch @ chunk-3VLAASFC.js?v=fb358534:7004
componentUpdateFn @ chunk-3VLAASFC.js?v=fb358534:7648
run @ chunk-3VLAASFC.js?v=fb358534:683
setupRenderEffect @ chunk-3VLAASFC.js?v=fb358534:7776
mountComponent @ chunk-3VLAASFC.js?v=fb358534:7550
processComponent @ chunk-3VLAASFC.js?v=fb358534:7502
patch @ chunk-3VLAASFC.js?v=fb358534:7016
componentUpdateFn @ chunk-3VLAASFC.js?v=fb358534:7648
run @ chunk-3VLAASFC.js?v=fb358534:683
setupRenderEffect @ chunk-3VLAASFC.js?v=fb358534:7776
mountComponent @ chunk-3VLAASFC.js?v=fb358534:7550
processComponent @ chunk-3VLAASFC.js?v=fb358534:7502
patch @ chunk-3VLAASFC.js?v=fb358534:7016
mountChildren @ chunk-3VLAASFC.js?v=fb358534:7250
processFragment @ chunk-3VLAASFC.js?v=fb358534:7432
patch @ chunk-3VLAASFC.js?v=fb358534:6990
mountChildren @ chunk-3VLAASFC.js?v=fb358534:7250
processFragment @ chunk-3VLAASFC.js?v=fb358534:7432
patch @ chunk-3VLAASFC.js?v=fb358534:6990
mountChildren @ chunk-3VLAASFC.js?v=fb358534:7250
mountElement @ chunk-3VLAASFC.js?v=fb358534:7173
processElement @ chunk-3VLAASFC.js?v=fb358534:7138
patch @ chunk-3VLAASFC.js?v=fb358534:7004
mountChildren @ chunk-3VLAASFC.js?v=fb358534:7250
processFragment @ chunk-3VLAASFC.js?v=fb358534:7432
patch @ chunk-3VLAASFC.js?v=fb358534:6990
componentUpdateFn @ chunk-3VLAASFC.js?v=fb358534:7648
run @ chunk-3VLAASFC.js?v=fb358534:683
setupRenderEffect @ chunk-3VLAASFC.js?v=fb358534:7776
mountComponent @ chunk-3VLAASFC.js?v=fb358534:7550
processComponent @ chunk-3VLAASFC.js?v=fb358534:7502
patch @ chunk-3VLAASFC.js?v=fb358534:7016
componentUpdateFn @ chunk-3VLAASFC.js?v=fb358534:7648
run @ chunk-3VLAASFC.js?v=fb358534:683
setupRenderEffect @ chunk-3VLAASFC.js?v=fb358534:7776
mountComponent @ chunk-3VLAASFC.js?v=fb358534:7550
processComponent @ chunk-3VLAASFC.js?v=fb358534:7502
patch @ chunk-3VLAASFC.js?v=fb358534:7016
componentUpdateFn @ chunk-3VLAASFC.js?v=fb358534:7648
run @ chunk-3VLAASFC.js?v=fb358534:683
setupRenderEffect @ chunk-3VLAASFC.js?v=fb358534:7776
mountComponent @ chunk-3VLAASFC.js?v=fb358534:7550
processComponent @ chunk-3VLAASFC.js?v=fb358534:7502
patch @ chunk-3VLAASFC.js?v=fb358534:7016
componentUpdateFn @ chunk-3VLAASFC.js?v=fb358534:7648
run @ chunk-3VLAASFC.js?v=fb358534:683
setupRenderEffect @ chunk-3VLAASFC.js?v=fb358534:7776
mountComponent @ chunk-3VLAASFC.js?v=fb358534:7550
processComponent @ chunk-3VLAASFC.js?v=fb358534:7502
patch @ chunk-3VLAASFC.js?v=fb358534:7016
mountChildren @ chunk-3VLAASFC.js?v=fb358534:7250
mountElement @ chunk-3VLAASFC.js?v=fb358534:7173
processElement @ chunk-3VLAASFC.js?v=fb358534:7138
patch @ chunk-3VLAASFC.js?v=fb358534:7004
componentUpdateFn @ chunk-3VLAASFC.js?v=fb358534:7648
run @ chunk-3VLAASFC.js?v=fb358534:683
setupRenderEffect @ chunk-3VLAASFC.js?v=fb358534:7776
mountComponent @ chunk-3VLAASFC.js?v=fb358534:7550
processComponent @ chunk-3VLAASFC.js?v=fb358534:7502
patch @ chunk-3VLAASFC.js?v=fb358534:7016
mountChildren @ chunk-3VLAASFC.js?v=fb358534:7250
processFragment @ chunk-3VLAASFC.js?v=fb358534:7432
patch @ chunk-3VLAASFC.js?v=fb358534:6990
componentUpdateFn @ chunk-3VLAASFC.js?v=fb358534:7648
run @ chunk-3VLAASFC.js?v=fb358534:683
setupRenderEffect @ chunk-3VLAASFC.js?v=fb358534:7776
mountComponent @ chunk-3VLAASFC.js?v=fb358534:7550
processComponent @ chunk-3VLAASFC.js?v=fb358534:7502
patch @ chunk-3VLAASFC.js?v=fb358534:7016
componentUpdateFn @ chunk-3VLAASFC.js?v=fb358534:7728
run @ chunk-3VLAASFC.js?v=fb358534:683
runIfDirty @ chunk-3VLAASFC.js?v=fb358534:721
callWithErrorHandling @ chunk-3VLAASFC.js?v=fb358534:2467
flushJobs @ chunk-3VLAASFC.js?v=fb358534:2675
Promise.then
queueFlush @ chunk-3VLAASFC.js?v=fb358534:2589
queueJob @ chunk-3VLAASFC.js?v=fb358534:2584
effect2.scheduler @ chunk-3VLAASFC.js?v=fb358534:7770
trigger @ chunk-3VLAASFC.js?v=fb358534:711
endBatch @ chunk-3VLAASFC.js?v=fb358534:769
notify @ chunk-3VLAASFC.js?v=fb358534:1031
trigger @ chunk-3VLAASFC.js?v=fb358534:1005
set value @ chunk-3VLAASFC.js?v=fb358534:1877
swapComponent @ @inertiajs_vue3.js?v=fb358534:315
swap @ chunk-DTND7MSH.js?v=fb358534:9548
(anonymous) @ chunk-DTND7MSH.js?v=fb358534:9501
Promise.then
(anonymous) @ chunk-DTND7MSH.js?v=fb358534:9490
Promise.then
set @ chunk-DTND7MSH.js?v=fb358534:9481
setPage @ chunk-DTND7MSH.js?v=fb358534:10532
await in setPage
process @ chunk-DTND7MSH.js?v=fb358534:10459
await in process
(anonymous) @ chunk-DTND7MSH.js?v=fb358534:10444
processNext @ chunk-DTND7MSH.js?v=fb358534:9585
process @ chunk-DTND7MSH.js?v=fb358534:9577
add @ chunk-DTND7MSH.js?v=fb358534:9574
handle @ chunk-DTND7MSH.js?v=fb358534:10444
(anonymous) @ chunk-DTND7MSH.js?v=fb358534:10684
Promise.then
send @ chunk-DTND7MSH.js?v=fb358534:10682
send @ chunk-DTND7MSH.js?v=fb358534:10759
visit @ chunk-DTND7MSH.js?v=fb358534:10891
onClick @ @inertiajs_vue3.js?v=fb358534:983
(anonymous) @ chunk-3VLAASFC.js?v=fb358534:11503
callWithErrorHandling @ chunk-3VLAASFC.js?v=fb358534:2467
callWithAsyncErrorHandling @ chunk-3VLAASFC.js?v=fb358534:2474
callWithAsyncErrorHandling @ chunk-3VLAASFC.js?v=fb358534:2485
invoker @ chunk-3VLAASFC.js?v=fb358534:11474
hook.js:608 [Vue warn]: Invalid prop: type check failed for prop "sortField". Expected String with value "function sort() { [native code] }", got Function  
  at <DataTable data= (6) [{…}, {…}, {…}, {…}, {…}, {…}] columns= (4) [{…}, {…}, {…}, {…}] actions=fn  ... > 
  at <SidebarInset key=0 class="overflow-x-hidden" > 
  at <AppContent variant="sidebar" class="overflow-x-hidden" > 
  at <TooltipProvider delay-duration=0 > 
  at <SidebarProvider key=1 default-open=true > 
  at <AppShell variant="sidebar" > 
  at <AppSidebarLayout breadcrumbs= [{…}] > 
  at <VesselLayout breadcrumbs= [{…}] > 
  at <Index errors= {} name="Bindamy Mareas" quote= {message: 'Act only according to that maxim whereby you can, …time, will that it should become a universal law.', author: 'Immanuel Kant'}  ... > 
  at <Inertia initialPage= {component: 'Dashboard', props: {…}, url: '/panel/WXeZLvG3jr93qO4wdxpVy/dashboard', version: 'd50b356bc2d9e83dfaaf654c38ae8e9b', clearHistory: false, …} initialComponent= {__name: 'Dashboard', props: {…}, __hmrId: '34521018', setup: ƒ, render: ƒ, …} resolveComponent=fn<resolveComponent>  ... > 
  at <App>
overrideMethod @ hook.js:608
warn$1 @ chunk-3VLAASFC.js?v=fb358534:2320
validateProp @ chunk-3VLAASFC.js?v=fb358534:6700
validateProps @ chunk-3VLAASFC.js?v=fb358534:6672
initProps @ chunk-3VLAASFC.js?v=fb358534:6361
setupComponent @ chunk-3VLAASFC.js?v=fb358534:10211
mountComponent @ chunk-3VLAASFC.js?v=fb358534:7536
processComponent @ chunk-3VLAASFC.js?v=fb358534:7502
patch @ chunk-3VLAASFC.js?v=fb358534:7016
mountChildren @ chunk-3VLAASFC.js?v=fb358534:7250
mountElement @ chunk-3VLAASFC.js?v=fb358534:7173
processElement @ chunk-3VLAASFC.js?v=fb358534:7138
patch @ chunk-3VLAASFC.js?v=fb358534:7004
mountChildren @ chunk-3VLAASFC.js?v=fb358534:7250
processFragment @ chunk-3VLAASFC.js?v=fb358534:7432
patch @ chunk-3VLAASFC.js?v=fb358534:6990
mountChildren @ chunk-3VLAASFC.js?v=fb358534:7250
processFragment @ chunk-3VLAASFC.js?v=fb358534:7432
patch @ chunk-3VLAASFC.js?v=fb358534:6990
mountChildren @ chunk-3VLAASFC.js?v=fb358534:7250
processFragment @ chunk-3VLAASFC.js?v=fb358534:7432
patch @ chunk-3VLAASFC.js?v=fb358534:6990
mountChildren @ chunk-3VLAASFC.js?v=fb358534:7250
processFragment @ chunk-3VLAASFC.js?v=fb358534:7432
patch @ chunk-3VLAASFC.js?v=fb358534:6990
mountChildren @ chunk-3VLAASFC.js?v=fb358534:7250
mountElement @ chunk-3VLAASFC.js?v=fb358534:7173
processElement @ chunk-3VLAASFC.js?v=fb358534:7138
patch @ chunk-3VLAASFC.js?v=fb358534:7004
componentUpdateFn @ chunk-3VLAASFC.js?v=fb358534:7648
run @ chunk-3VLAASFC.js?v=fb358534:683
setupRenderEffect @ chunk-3VLAASFC.js?v=fb358534:7776
mountComponent @ chunk-3VLAASFC.js?v=fb358534:7550
processComponent @ chunk-3VLAASFC.js?v=fb358534:7502
patch @ chunk-3VLAASFC.js?v=fb358534:7016
componentUpdateFn @ chunk-3VLAASFC.js?v=fb358534:7648
run @ chunk-3VLAASFC.js?v=fb358534:683
setupRenderEffect @ chunk-3VLAASFC.js?v=fb358534:7776
mountComponent @ chunk-3VLAASFC.js?v=fb358534:7550
processComponent @ chunk-3VLAASFC.js?v=fb358534:7502
patch @ chunk-3VLAASFC.js?v=fb358534:7016
mountChildren @ chunk-3VLAASFC.js?v=fb358534:7250
processFragment @ chunk-3VLAASFC.js?v=fb358534:7432
patch @ chunk-3VLAASFC.js?v=fb358534:6990
mountChildren @ chunk-3VLAASFC.js?v=fb358534:7250
processFragment @ chunk-3VLAASFC.js?v=fb358534:7432
patch @ chunk-3VLAASFC.js?v=fb358534:6990
mountChildren @ chunk-3VLAASFC.js?v=fb358534:7250
mountElement @ chunk-3VLAASFC.js?v=fb358534:7173
processElement @ chunk-3VLAASFC.js?v=fb358534:7138
patch @ chunk-3VLAASFC.js?v=fb358534:7004
mountChildren @ chunk-3VLAASFC.js?v=fb358534:7250
processFragment @ chunk-3VLAASFC.js?v=fb358534:7432
patch @ chunk-3VLAASFC.js?v=fb358534:6990
componentUpdateFn @ chunk-3VLAASFC.js?v=fb358534:7648
run @ chunk-3VLAASFC.js?v=fb358534:683
setupRenderEffect @ chunk-3VLAASFC.js?v=fb358534:7776
mountComponent @ chunk-3VLAASFC.js?v=fb358534:7550
processComponent @ chunk-3VLAASFC.js?v=fb358534:7502
patch @ chunk-3VLAASFC.js?v=fb358534:7016
componentUpdateFn @ chunk-3VLAASFC.js?v=fb358534:7648
run @ chunk-3VLAASFC.js?v=fb358534:683
setupRenderEffect @ chunk-3VLAASFC.js?v=fb358534:7776
mountComponent @ chunk-3VLAASFC.js?v=fb358534:7550
processComponent @ chunk-3VLAASFC.js?v=fb358534:7502
patch @ chunk-3VLAASFC.js?v=fb358534:7016
componentUpdateFn @ chunk-3VLAASFC.js?v=fb358534:7648
run @ chunk-3VLAASFC.js?v=fb358534:683
setupRenderEffect @ chunk-3VLAASFC.js?v=fb358534:7776
mountComponent @ chunk-3VLAASFC.js?v=fb358534:7550
processComponent @ chunk-3VLAASFC.js?v=fb358534:7502
patch @ chunk-3VLAASFC.js?v=fb358534:7016
componentUpdateFn @ chunk-3VLAASFC.js?v=fb358534:7648
run @ chunk-3VLAASFC.js?v=fb358534:683
setupRenderEffect @ chunk-3VLAASFC.js?v=fb358534:7776
mountComponent @ chunk-3VLAASFC.js?v=fb358534:7550
processComponent @ chunk-3VLAASFC.js?v=fb358534:7502
patch @ chunk-3VLAASFC.js?v=fb358534:7016
mountChildren @ chunk-3VLAASFC.js?v=fb358534:7250
mountElement @ chunk-3VLAASFC.js?v=fb358534:7173
processElement @ chunk-3VLAASFC.js?v=fb358534:7138
patch @ chunk-3VLAASFC.js?v=fb358534:7004
componentUpdateFn @ chunk-3VLAASFC.js?v=fb358534:7648
run @ chunk-3VLAASFC.js?v=fb358534:683
setupRenderEffect @ chunk-3VLAASFC.js?v=fb358534:7776
mountComponent @ chunk-3VLAASFC.js?v=fb358534:7550
processComponent @ chunk-3VLAASFC.js?v=fb358534:7502
patch @ chunk-3VLAASFC.js?v=fb358534:7016
mountChildren @ chunk-3VLAASFC.js?v=fb358534:7250
processFragment @ chunk-3VLAASFC.js?v=fb358534:7432
patch @ chunk-3VLAASFC.js?v=fb358534:6990
componentUpdateFn @ chunk-3VLAASFC.js?v=fb358534:7648
run @ chunk-3VLAASFC.js?v=fb358534:683
setupRenderEffect @ chunk-3VLAASFC.js?v=fb358534:7776
mountComponent @ chunk-3VLAASFC.js?v=fb358534:7550
processComponent @ chunk-3VLAASFC.js?v=fb358534:7502
patch @ chunk-3VLAASFC.js?v=fb358534:7016
componentUpdateFn @ chunk-3VLAASFC.js?v=fb358534:7728
run @ chunk-3VLAASFC.js?v=fb358534:683
runIfDirty @ chunk-3VLAASFC.js?v=fb358534:721
callWithErrorHandling @ chunk-3VLAASFC.js?v=fb358534:2467
flushJobs @ chunk-3VLAASFC.js?v=fb358534:2675
Promise.then
queueFlush @ chunk-3VLAASFC.js?v=fb358534:2589
queueJob @ chunk-3VLAASFC.js?v=fb358534:2584
effect2.scheduler @ chunk-3VLAASFC.js?v=fb358534:7770
trigger @ chunk-3VLAASFC.js?v=fb358534:711
endBatch @ chunk-3VLAASFC.js?v=fb358534:769
notify @ chunk-3VLAASFC.js?v=fb358534:1031
trigger @ chunk-3VLAASFC.js?v=fb358534:1005
set value @ chunk-3VLAASFC.js?v=fb358534:1877
swapComponent @ @inertiajs_vue3.js?v=fb358534:315
swap @ chunk-DTND7MSH.js?v=fb358534:9548
(anonymous) @ chunk-DTND7MSH.js?v=fb358534:9501
Promise.then
(anonymous) @ chunk-DTND7MSH.js?v=fb358534:9490
Promise.then
set @ chunk-DTND7MSH.js?v=fb358534:9481
setPage @ chunk-DTND7MSH.js?v=fb358534:10532
await in setPage
process @ chunk-DTND7MSH.js?v=fb358534:10459
await in process
(anonymous) @ chunk-DTND7MSH.js?v=fb358534:10444
processNext @ chunk-DTND7MSH.js?v=fb358534:9585
process @ chunk-DTND7MSH.js?v=fb358534:9577
add @ chunk-DTND7MSH.js?v=fb358534:9574
handle @ chunk-DTND7MSH.js?v=fb358534:10444
(anonymous) @ chunk-DTND7MSH.js?v=fb358534:10684
Promise.then
send @ chunk-DTND7MSH.js?v=fb358534:10682
send @ chunk-DTND7MSH.js?v=fb358534:10759
visit @ chunk-DTND7MSH.js?v=fb358534:10891
onClick @ @inertiajs_vue3.js?v=fb358534:983
callWithErrorHandling @ chunk-3VLAASFC.js?v=fb358534:2467
callWithAsyncErrorHandling @ chunk-3VLAASFC.js?v=fb358534:2474
invoker @ chunk-3VLAASFC.js?v=fb358534:11474
hook.js:608 [Vue warn]: Invalid prop: type check failed for prop "sortField". Expected String with value "function sort() { [native code] }", got Function  
  at <DataTable columns= (5) [{…}, {…}, {…}, {…}, {…}] data= [{…}] clickable=true  ... > 
  at <SidebarInset key=0 class="overflow-x-hidden" > 
  at <AppContent variant="sidebar" class="overflow-x-hidden" > 
  at <TooltipProvider delay-duration=0 > 
  at <SidebarProvider key=1 default-open=true > 
  at <AppShell variant="sidebar" > 
  at <AppSidebarLayout breadcrumbs= [{…}] > 
  at <VesselLayout breadcrumbs= [{…}] > 
  at <Index errors= {} name="Bindamy Mareas" quote= {message: 'The best way to take care of the future is to take care of the present moment.', author: 'Thich Nhat Hanh'}  ... > 
  at <Inertia initialPage= {component: 'Dashboard', props: {…}, url: '/panel/WXeZLvG3jr93qO4wdxpVy/dashboard', version: 'd50b356bc2d9e83dfaaf654c38ae8e9b', clearHistory: false, …} initialComponent= {__name: 'Dashboard', props: {…}, __hmrId: '34521018', setup: ƒ, render: ƒ, …} resolveComponent=fn<resolveComponent>  ... > 
  at <App>
overrideMethod @ hook.js:608
warn$1 @ chunk-3VLAASFC.js?v=fb358534:2320
validateProp @ chunk-3VLAASFC.js?v=fb358534:6700
validateProps @ chunk-3VLAASFC.js?v=fb358534:6672
initProps @ chunk-3VLAASFC.js?v=fb358534:6361
setupComponent @ chunk-3VLAASFC.js?v=fb358534:10211
mountComponent @ chunk-3VLAASFC.js?v=fb358534:7536
processComponent @ chunk-3VLAASFC.js?v=fb358534:7502
patch @ chunk-3VLAASFC.js?v=fb358534:7016
mountChildren @ chunk-3VLAASFC.js?v=fb358534:7250
mountElement @ chunk-3VLAASFC.js?v=fb358534:7173
processElement @ chunk-3VLAASFC.js?v=fb358534:7138
patch @ chunk-3VLAASFC.js?v=fb358534:7004
mountChildren @ chunk-3VLAASFC.js?v=fb358534:7250
processFragment @ chunk-3VLAASFC.js?v=fb358534:7432
patch @ chunk-3VLAASFC.js?v=fb358534:6990
mountChildren @ chunk-3VLAASFC.js?v=fb358534:7250
processFragment @ chunk-3VLAASFC.js?v=fb358534:7432
patch @ chunk-3VLAASFC.js?v=fb358534:6990
mountChildren @ chunk-3VLAASFC.js?v=fb358534:7250
processFragment @ chunk-3VLAASFC.js?v=fb358534:7432
patch @ chunk-3VLAASFC.js?v=fb358534:6990
mountChildren @ chunk-3VLAASFC.js?v=fb358534:7250
processFragment @ chunk-3VLAASFC.js?v=fb358534:7432
patch @ chunk-3VLAASFC.js?v=fb358534:6990
mountChildren @ chunk-3VLAASFC.js?v=fb358534:7250
mountElement @ chunk-3VLAASFC.js?v=fb358534:7173
processElement @ chunk-3VLAASFC.js?v=fb358534:7138
patch @ chunk-3VLAASFC.js?v=fb358534:7004
componentUpdateFn @ chunk-3VLAASFC.js?v=fb358534:7648
run @ chunk-3VLAASFC.js?v=fb358534:683
setupRenderEffect @ chunk-3VLAASFC.js?v=fb358534:7776
mountComponent @ chunk-3VLAASFC.js?v=fb358534:7550
processComponent @ chunk-3VLAASFC.js?v=fb358534:7502
patch @ chunk-3VLAASFC.js?v=fb358534:7016
componentUpdateFn @ chunk-3VLAASFC.js?v=fb358534:7648
run @ chunk-3VLAASFC.js?v=fb358534:683
setupRenderEffect @ chunk-3VLAASFC.js?v=fb358534:7776
mountComponent @ chunk-3VLAASFC.js?v=fb358534:7550
processComponent @ chunk-3VLAASFC.js?v=fb358534:7502
patch @ chunk-3VLAASFC.js?v=fb358534:7016
mountChildren @ chunk-3VLAASFC.js?v=fb358534:7250
processFragment @ chunk-3VLAASFC.js?v=fb358534:7432
patch @ chunk-3VLAASFC.js?v=fb358534:6990
mountChildren @ chunk-3VLAASFC.js?v=fb358534:7250
processFragment @ chunk-3VLAASFC.js?v=fb358534:7432
patch @ chunk-3VLAASFC.js?v=fb358534:6990
mountChildren @ chunk-3VLAASFC.js?v=fb358534:7250
mountElement @ chunk-3VLAASFC.js?v=fb358534:7173
processElement @ chunk-3VLAASFC.js?v=fb358534:7138
patch @ chunk-3VLAASFC.js?v=fb358534:7004
mountChildren @ chunk-3VLAASFC.js?v=fb358534:7250
processFragment @ chunk-3VLAASFC.js?v=fb358534:7432
patch @ chunk-3VLAASFC.js?v=fb358534:6990
componentUpdateFn @ chunk-3VLAASFC.js?v=fb358534:7648
run @ chunk-3VLAASFC.js?v=fb358534:683
setupRenderEffect @ chunk-3VLAASFC.js?v=fb358534:7776
mountComponent @ chunk-3VLAASFC.js?v=fb358534:7550
processComponent @ chunk-3VLAASFC.js?v=fb358534:7502
patch @ chunk-3VLAASFC.js?v=fb358534:7016
componentUpdateFn @ chunk-3VLAASFC.js?v=fb358534:7648
run @ chunk-3VLAASFC.js?v=fb358534:683
setupRenderEffect @ chunk-3VLAASFC.js?v=fb358534:7776
mountComponent @ chunk-3VLAASFC.js?v=fb358534:7550
processComponent @ chunk-3VLAASFC.js?v=fb358534:7502
patch @ chunk-3VLAASFC.js?v=fb358534:7016
componentUpdateFn @ chunk-3VLAASFC.js?v=fb358534:7648
run @ chunk-3VLAASFC.js?v=fb358534:683
setupRenderEffect @ chunk-3VLAASFC.js?v=fb358534:7776
mountComponent @ chunk-3VLAASFC.js?v=fb358534:7550
processComponent @ chunk-3VLAASFC.js?v=fb358534:7502
patch @ chunk-3VLAASFC.js?v=fb358534:7016
componentUpdateFn @ chunk-3VLAASFC.js?v=fb358534:7648
run @ chunk-3VLAASFC.js?v=fb358534:683
setupRenderEffect @ chunk-3VLAASFC.js?v=fb358534:7776
mountComponent @ chunk-3VLAASFC.js?v=fb358534:7550
processComponent @ chunk-3VLAASFC.js?v=fb358534:7502
patch @ chunk-3VLAASFC.js?v=fb358534:7016
mountChildren @ chunk-3VLAASFC.js?v=fb358534:7250
mountElement @ chunk-3VLAASFC.js?v=fb358534:7173
processElement @ chunk-3VLAASFC.js?v=fb358534:7138
patch @ chunk-3VLAASFC.js?v=fb358534:7004
componentUpdateFn @ chunk-3VLAASFC.js?v=fb358534:7648
run @ chunk-3VLAASFC.js?v=fb358534:683
setupRenderEffect @ chunk-3VLAASFC.js?v=fb358534:7776
mountComponent @ chunk-3VLAASFC.js?v=fb358534:7550
processComponent @ chunk-3VLAASFC.js?v=fb358534:7502
patch @ chunk-3VLAASFC.js?v=fb358534:7016
mountChildren @ chunk-3VLAASFC.js?v=fb358534:7250
processFragment @ chunk-3VLAASFC.js?v=fb358534:7432
patch @ chunk-3VLAASFC.js?v=fb358534:6990
componentUpdateFn @ chunk-3VLAASFC.js?v=fb358534:7648
run @ chunk-3VLAASFC.js?v=fb358534:683
setupRenderEffect @ chunk-3VLAASFC.js?v=fb358534:7776
mountComponent @ chunk-3VLAASFC.js?v=fb358534:7550
processComponent @ chunk-3VLAASFC.js?v=fb358534:7502
patch @ chunk-3VLAASFC.js?v=fb358534:7016
componentUpdateFn @ chunk-3VLAASFC.js?v=fb358534:7728
run @ chunk-3VLAASFC.js?v=fb358534:683
runIfDirty @ chunk-3VLAASFC.js?v=fb358534:721
callWithErrorHandling @ chunk-3VLAASFC.js?v=fb358534:2467
flushJobs @ chunk-3VLAASFC.js?v=fb358534:2675
Promise.then
queueFlush @ chunk-3VLAASFC.js?v=fb358534:2589
queueJob @ chunk-3VLAASFC.js?v=fb358534:2584
effect2.scheduler @ chunk-3VLAASFC.js?v=fb358534:7770
trigger @ chunk-3VLAASFC.js?v=fb358534:711
endBatch @ chunk-3VLAASFC.js?v=fb358534:769
notify @ chunk-3VLAASFC.js?v=fb358534:1031
trigger @ chunk-3VLAASFC.js?v=fb358534:1005
set value @ chunk-3VLAASFC.js?v=fb358534:1877
swapComponent @ @inertiajs_vue3.js?v=fb358534:315
swap @ chunk-DTND7MSH.js?v=fb358534:9548
(anonymous) @ chunk-DTND7MSH.js?v=fb358534:9501
Promise.then
(anonymous) @ chunk-DTND7MSH.js?v=fb358534:9490
Promise.then
set @ chunk-DTND7MSH.js?v=fb358534:9481
setPage @ chunk-DTND7MSH.js?v=fb358534:10532
await in setPage
process @ chunk-DTND7MSH.js?v=fb358534:10459
await in process
(anonymous) @ chunk-DTND7MSH.js?v=fb358534:10444
processNext @ chunk-DTND7MSH.js?v=fb358534:9585
process @ chunk-DTND7MSH.js?v=fb358534:9577
add @ chunk-DTND7MSH.js?v=fb358534:9574
handle @ chunk-DTND7MSH.js?v=fb358534:10444
(anonymous) @ chunk-DTND7MSH.js?v=fb358534:10684
Promise.then
send @ chunk-DTND7MSH.js?v=fb358534:10682
send @ chunk-DTND7MSH.js?v=fb358534:10759
visit @ chunk-DTND7MSH.js?v=fb358534:10891
onClick @ @inertiajs_vue3.js?v=fb358534:983
(anonymous) @ chunk-3VLAASFC.js?v=fb358534:11503
callWithErrorHandling @ chunk-3VLAASFC.js?v=fb358534:2467
callWithAsyncErrorHandling @ chunk-3VLAASFC.js?v=fb358534:2474
callWithAsyncErrorHandling @ chunk-3VLAASFC.js?v=fb358534:2485
invoker @ chunk-3VLAASFC.js?v=fb358534:11474
VesselSettings.vue:568 [intlify] Not found 'Default Currency' key in 'pt' locale messages.
overrideMethod @ hook.js:608
warn @ vue-i18n.js?v=fb358534:24
handleMissing @ vue-i18n.js?v=fb358534:2724
resolveMessageFormat @ vue-i18n.js?v=fb358534:3046
translate @ vue-i18n.js?v=fb358534:2924
(anonymous) @ vue-i18n.js?v=fb358534:4120
wrapWithDeps @ vue-i18n.js?v=fb358534:4081
t @ vue-i18n.js?v=fb358534:4120
(anonymous) @ VesselSettings.vue:568
renderFnWithContext @ chunk-3VLAASFC.js?v=fb358534:2967
renderSlot @ chunk-3VLAASFC.js?v=fb358534:5290
(anonymous) @ Label.vue:26
renderFnWithContext @ chunk-3VLAASFC.js?v=fb358534:2967
renderSlot @ chunk-3VLAASFC.js?v=fb358534:5290
(anonymous) @ reka-ui.js?v=fb358534:23043
renderFnWithContext @ chunk-3VLAASFC.js?v=fb358534:2967
normalizeChildren @ chunk-3VLAASFC.js?v=fb358534:10002
createBaseVNode @ chunk-3VLAASFC.js?v=fb358534:9806
_createVNode @ chunk-3VLAASFC.js?v=fb358534:9883
createVNodeWithArgsTransform @ chunk-3VLAASFC.js?v=fb358534:9760
h @ chunk-3VLAASFC.js?v=fb358534:10532
h.default @ reka-ui.js?v=fb358534:3731
renderComponentRoot @ chunk-3VLAASFC.js?v=fb358534:8849
componentUpdateFn @ chunk-3VLAASFC.js?v=fb358534:7641
run @ chunk-3VLAASFC.js?v=fb358534:683
setupRenderEffect @ chunk-3VLAASFC.js?v=fb358534:7776
mountComponent @ chunk-3VLAASFC.js?v=fb358534:7550
processComponent @ chunk-3VLAASFC.js?v=fb358534:7502
patch @ chunk-3VLAASFC.js?v=fb358534:7016
componentUpdateFn @ chunk-3VLAASFC.js?v=fb358534:7648
run @ chunk-3VLAASFC.js?v=fb358534:683
setupRenderEffect @ chunk-3VLAASFC.js?v=fb358534:7776
mountComponent @ chunk-3VLAASFC.js?v=fb358534:7550
processComponent @ chunk-3VLAASFC.js?v=fb358534:7502
patch @ chunk-3VLAASFC.js?v=fb358534:7016
componentUpdateFn @ chunk-3VLAASFC.js?v=fb358534:7648
run @ chunk-3VLAASFC.js?v=fb358534:683
setupRenderEffect @ chunk-3VLAASFC.js?v=fb358534:7776
mountComponent @ chunk-3VLAASFC.js?v=fb358534:7550
processComponent @ chunk-3VLAASFC.js?v=fb358534:7502
patch @ chunk-3VLAASFC.js?v=fb358534:7016
mountChildren @ chunk-3VLAASFC.js?v=fb358534:7250
mountElement @ chunk-3VLAASFC.js?v=fb358534:7173
processElement @ chunk-3VLAASFC.js?v=fb358534:7138
patch @ chunk-3VLAASFC.js?v=fb358534:7004
mountChildren @ chunk-3VLAASFC.js?v=fb358534:7250
mountElement @ chunk-3VLAASFC.js?v=fb358534:7173
processElement @ chunk-3VLAASFC.js?v=fb358534:7138
patch @ chunk-3VLAASFC.js?v=fb358534:7004
mountChildren @ chunk-3VLAASFC.js?v=fb358534:7250
mountElement @ chunk-3VLAASFC.js?v=fb358534:7173
processElement @ chunk-3VLAASFC.js?v=fb358534:7138
patch @ chunk-3VLAASFC.js?v=fb358534:7004
mountChildren @ chunk-3VLAASFC.js?v=fb358534:7250
mountElement @ chunk-3VLAASFC.js?v=fb358534:7173
processElement @ chunk-3VLAASFC.js?v=fb358534:7138
patch @ chunk-3VLAASFC.js?v=fb358534:7004
mountChildren @ chunk-3VLAASFC.js?v=fb358534:7250
mountElement @ chunk-3VLAASFC.js?v=fb358534:7173
processElement @ chunk-3VLAASFC.js?v=fb358534:7138
patch @ chunk-3VLAASFC.js?v=fb358534:7004
mountChildren @ chunk-3VLAASFC.js?v=fb358534:7250
processFragment @ chunk-3VLAASFC.js?v=fb358534:7432
patch @ chunk-3VLAASFC.js?v=fb358534:6990
mountChildren @ chunk-3VLAASFC.js?v=fb358534:7250
processFragment @ chunk-3VLAASFC.js?v=fb358534:7432
patch @ chunk-3VLAASFC.js?v=fb358534:6990
mountChildren @ chunk-3VLAASFC.js?v=fb358534:7250
processFragment @ chunk-3VLAASFC.js?v=fb358534:7432
patch @ chunk-3VLAASFC.js?v=fb358534:6990
mountChildren @ chunk-3VLAASFC.js?v=fb358534:7250
processFragment @ chunk-3VLAASFC.js?v=fb358534:7432
patch @ chunk-3VLAASFC.js?v=fb358534:6990
mountChildren @ chunk-3VLAASFC.js?v=fb358534:7250
mountElement @ chunk-3VLAASFC.js?v=fb358534:7173
processElement @ chunk-3VLAASFC.js?v=fb358534:7138
patch @ chunk-3VLAASFC.js?v=fb358534:7004
componentUpdateFn @ chunk-3VLAASFC.js?v=fb358534:7648
run @ chunk-3VLAASFC.js?v=fb358534:683
setupRenderEffect @ chunk-3VLAASFC.js?v=fb358534:7776
mountComponent @ chunk-3VLAASFC.js?v=fb358534:7550
processComponent @ chunk-3VLAASFC.js?v=fb358534:7502
patch @ chunk-3VLAASFC.js?v=fb358534:7016
componentUpdateFn @ chunk-3VLAASFC.js?v=fb358534:7648
run @ chunk-3VLAASFC.js?v=fb358534:683
setupRenderEffect @ chunk-3VLAASFC.js?v=fb358534:7776
mountComponent @ chunk-3VLAASFC.js?v=fb358534:7550
processComponent @ chunk-3VLAASFC.js?v=fb358534:7502
patch @ chunk-3VLAASFC.js?v=fb358534:7016
mountChildren @ chunk-3VLAASFC.js?v=fb358534:7250
processFragment @ chunk-3VLAASFC.js?v=fb358534:7432
patch @ chunk-3VLAASFC.js?v=fb358534:6990
mountChildren @ chunk-3VLAASFC.js?v=fb358534:7250
processFragment @ chunk-3VLAASFC.js?v=fb358534:7432
patch @ chunk-3VLAASFC.js?v=fb358534:6990
mountChildren @ chunk-3VLAASFC.js?v=fb358534:7250
mountElement @ chunk-3VLAASFC.js?v=fb358534:7173
processElement @ chunk-3VLAASFC.js?v=fb358534:7138
patch @ chunk-3VLAASFC.js?v=fb358534:7004
mountChildren @ chunk-3VLAASFC.js?v=fb358534:7250
processFragment @ chunk-3VLAASFC.js?v=fb358534:7432
patch @ chunk-3VLAASFC.js?v=fb358534:6990
componentUpdateFn @ chunk-3VLAASFC.js?v=fb358534:7648
run @ chunk-3VLAASFC.js?v=fb358534:683
setupRenderEffect @ chunk-3VLAASFC.js?v=fb358534:7776
mountComponent @ chunk-3VLAASFC.js?v=fb358534:7550
processComponent @ chunk-3VLAASFC.js?v=fb358534:7502
patch @ chunk-3VLAASFC.js?v=fb358534:7016
componentUpdateFn @ chunk-3VLAASFC.js?v=fb358534:7648
run @ chunk-3VLAASFC.js?v=fb358534:683
setupRenderEffect @ chunk-3VLAASFC.js?v=fb358534:7776
mountComponent @ chunk-3VLAASFC.js?v=fb358534:7550
processComponent @ chunk-3VLAASFC.js?v=fb358534:7502
patch @ chunk-3VLAASFC.js?v=fb358534:7016
componentUpdateFn @ chunk-3VLAASFC.js?v=fb358534:7648
run @ chunk-3VLAASFC.js?v=fb358534:683
setupRenderEffect @ chunk-3VLAASFC.js?v=fb358534:7776
mountComponent @ chunk-3VLAASFC.js?v=fb358534:7550
processComponent @ chunk-3VLAASFC.js?v=fb358534:7502
patch @ chunk-3VLAASFC.js?v=fb358534:7016
componentUpdateFn @ chunk-3VLAASFC.js?v=fb358534:7648
run @ chunk-3VLAASFC.js?v=fb358534:683
setupRenderEffect @ chunk-3VLAASFC.js?v=fb358534:7776
mountComponent @ chunk-3VLAASFC.js?v=fb358534:7550
processComponent @ chunk-3VLAASFC.js?v=fb358534:7502
patch @ chunk-3VLAASFC.js?v=fb358534:7016
mountChildren @ chunk-3VLAASFC.js?v=fb358534:7250
mountElement @ chunk-3VLAASFC.js?v=fb358534:7173
processElement @ chunk-3VLAASFC.js?v=fb358534:7138
patch @ chunk-3VLAASFC.js?v=fb358534:7004
componentUpdateFn @ chunk-3VLAASFC.js?v=fb358534:7648
run @ chunk-3VLAASFC.js?v=fb358534:683
setupRenderEffect @ chunk-3VLAASFC.js?v=fb358534:7776
mountComponent @ chunk-3VLAASFC.js?v=fb358534:7550
processComponent @ chunk-3VLAASFC.js?v=fb358534:7502
patch @ chunk-3VLAASFC.js?v=fb358534:7016
mountChildren @ chunk-3VLAASFC.js?v=fb358534:7250
processFragment @ chunk-3VLAASFC.js?v=fb358534:7432
patch @ chunk-3VLAASFC.js?v=fb358534:6990
componentUpdateFn @ chunk-3VLAASFC.js?v=fb358534:7648
run @ chunk-3VLAASFC.js?v=fb358534:683
setupRenderEffect @ chunk-3VLAASFC.js?v=fb358534:7776
mountComponent @ chunk-3VLAASFC.js?v=fb358534:7550
processComponent @ chunk-3VLAASFC.js?v=fb358534:7502
patch @ chunk-3VLAASFC.js?v=fb358534:7016
componentUpdateFn @ chunk-3VLAASFC.js?v=fb358534:7728
run @ chunk-3VLAASFC.js?v=fb358534:683
runIfDirty @ chunk-3VLAASFC.js?v=fb358534:721
callWithErrorHandling @ chunk-3VLAASFC.js?v=fb358534:2467
flushJobs @ chunk-3VLAASFC.js?v=fb358534:2675
Promise.then
queueFlush @ chunk-3VLAASFC.js?v=fb358534:2589
queueJob @ chunk-3VLAASFC.js?v=fb358534:2584
effect2.scheduler @ chunk-3VLAASFC.js?v=fb358534:7770
trigger @ chunk-3VLAASFC.js?v=fb358534:711
endBatch @ chunk-3VLAASFC.js?v=fb358534:769
notify @ chunk-3VLAASFC.js?v=fb358534:1031
trigger @ chunk-3VLAASFC.js?v=fb358534:1005
set value @ chunk-3VLAASFC.js?v=fb358534:1877
swapComponent @ @inertiajs_vue3.js?v=fb358534:315
swap @ chunk-DTND7MSH.js?v=fb358534:9548
(anonymous) @ chunk-DTND7MSH.js?v=fb358534:9501
Promise.then
(anonymous) @ chunk-DTND7MSH.js?v=fb358534:9490
Promise.then
set @ chunk-DTND7MSH.js?v=fb358534:9481
setPage @ chunk-DTND7MSH.js?v=fb358534:10532
await in setPage
process @ chunk-DTND7MSH.js?v=fb358534:10459
await in process
(anonymous) @ chunk-DTND7MSH.js?v=fb358534:10444
processNext @ chunk-DTND7MSH.js?v=fb358534:9585
process @ chunk-DTND7MSH.js?v=fb358534:9577
add @ chunk-DTND7MSH.js?v=fb358534:9574
handle @ chunk-DTND7MSH.js?v=fb358534:10444
(anonymous) @ chunk-DTND7MSH.js?v=fb358534:10684
Promise.then
send @ chunk-DTND7MSH.js?v=fb358534:10682
send @ chunk-DTND7MSH.js?v=fb358534:10759
visit @ chunk-DTND7MSH.js?v=fb358534:10891
onClick @ @inertiajs_vue3.js?v=fb358534:983
(anonymous) @ chunk-3VLAASFC.js?v=fb358534:11503
callWithErrorHandling @ chunk-3VLAASFC.js?v=fb358534:2467
callWithAsyncErrorHandling @ chunk-3VLAASFC.js?v=fb358534:2474
callWithAsyncErrorHandling @ chunk-3VLAASFC.js?v=fb358534:2485
invoker @ chunk-3VLAASFC.js?v=fb358534:11474
VesselSettings.vue:568 [intlify] Fall back to translate 'Default Currency' key with 'en' locale.
overrideMethod @ hook.js:608
warn @ vue-i18n.js?v=fb358534:24
resolveMessageFormat @ vue-i18n.js?v=fb358534:2995
translate @ vue-i18n.js?v=fb358534:2924
(anonymous) @ vue-i18n.js?v=fb358534:4120
wrapWithDeps @ vue-i18n.js?v=fb358534:4081
t @ vue-i18n.js?v=fb358534:4120
(anonymous) @ VesselSettings.vue:568
renderFnWithContext @ chunk-3VLAASFC.js?v=fb358534:2967
renderSlot @ chunk-3VLAASFC.js?v=fb358534:5290
(anonymous) @ Label.vue:26
renderFnWithContext @ chunk-3VLAASFC.js?v=fb358534:2967
renderSlot @ chunk-3VLAASFC.js?v=fb358534:5290
(anonymous) @ reka-ui.js?v=fb358534:23043
renderFnWithContext @ chunk-3VLAASFC.js?v=fb358534:2967
normalizeChildren @ chunk-3VLAASFC.js?v=fb358534:10002
createBaseVNode @ chunk-3VLAASFC.js?v=fb358534:9806
_createVNode @ chunk-3VLAASFC.js?v=fb358534:9883
createVNodeWithArgsTransform @ chunk-3VLAASFC.js?v=fb358534:9760
h @ chunk-3VLAASFC.js?v=fb358534:10532
h.default @ reka-ui.js?v=fb358534:3731
renderComponentRoot @ chunk-3VLAASFC.js?v=fb358534:8849
componentUpdateFn @ chunk-3VLAASFC.js?v=fb358534:7641
run @ chunk-3VLAASFC.js?v=fb358534:683
setupRenderEffect @ chunk-3VLAASFC.js?v=fb358534:7776
mountComponent @ chunk-3VLAASFC.js?v=fb358534:7550
processComponent @ chunk-3VLAASFC.js?v=fb358534:7502
patch @ chunk-3VLAASFC.js?v=fb358534:7016
componentUpdateFn @ chunk-3VLAASFC.js?v=fb358534:7648
run @ chunk-3VLAASFC.js?v=fb358534:683
setupRenderEffect @ chunk-3VLAASFC.js?v=fb358534:7776
mountComponent @ chunk-3VLAASFC.js?v=fb358534:7550
processComponent @ chunk-3VLAASFC.js?v=fb358534:7502
patch @ chunk-3VLAASFC.js?v=fb358534:7016
componentUpdateFn @ chunk-3VLAASFC.js?v=fb358534:7648
run @ chunk-3VLAASFC.js?v=fb358534:683
setupRenderEffect @ chunk-3VLAASFC.js?v=fb358534:7776
mountComponent @ chunk-3VLAASFC.js?v=fb358534:7550
processComponent @ chunk-3VLAASFC.js?v=fb358534:7502
patch @ chunk-3VLAASFC.js?v=fb358534:7016
mountChildren @ chunk-3VLAASFC.js?v=fb358534:7250
mountElement @ chunk-3VLAASFC.js?v=fb358534:7173
processElement @ chunk-3VLAASFC.js?v=fb358534:7138
patch @ chunk-3VLAASFC.js?v=fb358534:7004
mountChildren @ chunk-3VLAASFC.js?v=fb358534:7250
mountElement @ chunk-3VLAASFC.js?v=fb358534:7173
processElement @ chunk-3VLAASFC.js?v=fb358534:7138
patch @ chunk-3VLAASFC.js?v=fb358534:7004
mountChildren @ chunk-3VLAASFC.js?v=fb358534:7250
mountElement @ chunk-3VLAASFC.js?v=fb358534:7173
processElement @ chunk-3VLAASFC.js?v=fb358534:7138
patch @ chunk-3VLAASFC.js?v=fb358534:7004
mountChildren @ chunk-3VLAASFC.js?v=fb358534:7250
mountElement @ chunk-3VLAASFC.js?v=fb358534:7173
processElement @ chunk-3VLAASFC.js?v=fb358534:7138
patch @ chunk-3VLAASFC.js?v=fb358534:7004
mountChildren @ chunk-3VLAASFC.js?v=fb358534:7250
mountElement @ chunk-3VLAASFC.js?v=fb358534:7173
processElement @ chunk-3VLAASFC.js?v=fb358534:7138
patch @ chunk-3VLAASFC.js?v=fb358534:7004
mountChildren @ chunk-3VLAASFC.js?v=fb358534:7250
processFragment @ chunk-3VLAASFC.js?v=fb358534:7432
patch @ chunk-3VLAASFC.js?v=fb358534:6990
mountChildren @ chunk-3VLAASFC.js?v=fb358534:7250
processFragment @ chunk-3VLAASFC.js?v=fb358534:7432
patch @ chunk-3VLAASFC.js?v=fb358534:6990
mountChildren @ chunk-3VLAASFC.js?v=fb358534:7250
processFragment @ chunk-3VLAASFC.js?v=fb358534:7432
patch @ chunk-3VLAASFC.js?v=fb358534:6990
mountChildren @ chunk-3VLAASFC.js?v=fb358534:7250
processFragment @ chunk-3VLAASFC.js?v=fb358534:7432
patch @ chunk-3VLAASFC.js?v=fb358534:6990
mountChildren @ chunk-3VLAASFC.js?v=fb358534:7250
mountElement @ chunk-3VLAASFC.js?v=fb358534:7173
processElement @ chunk-3VLAASFC.js?v=fb358534:7138
patch @ chunk-3VLAASFC.js?v=fb358534:7004
componentUpdateFn @ chunk-3VLAASFC.js?v=fb358534:7648
run @ chunk-3VLAASFC.js?v=fb358534:683
setupRenderEffect @ chunk-3VLAASFC.js?v=fb358534:7776
mountComponent @ chunk-3VLAASFC.js?v=fb358534:7550
processComponent @ chunk-3VLAASFC.js?v=fb358534:7502
patch @ chunk-3VLAASFC.js?v=fb358534:7016
componentUpdateFn @ chunk-3VLAASFC.js?v=fb358534:7648
run @ chunk-3VLAASFC.js?v=fb358534:683
setupRenderEffect @ chunk-3VLAASFC.js?v=fb358534:7776
mountComponent @ chunk-3VLAASFC.js?v=fb358534:7550
processComponent @ chunk-3VLAASFC.js?v=fb358534:7502
patch @ chunk-3VLAASFC.js?v=fb358534:7016
mountChildren @ chunk-3VLAASFC.js?v=fb358534:7250
processFragment @ chunk-3VLAASFC.js?v=fb358534:7432
patch @ chunk-3VLAASFC.js?v=fb358534:6990
mountChildren @ chunk-3VLAASFC.js?v=fb358534:7250
processFragment @ chunk-3VLAASFC.js?v=fb358534:7432
patch @ chunk-3VLAASFC.js?v=fb358534:6990
mountChildren @ chunk-3VLAASFC.js?v=fb358534:7250
mountElement @ chunk-3VLAASFC.js?v=fb358534:7173
processElement @ chunk-3VLAASFC.js?v=fb358534:7138
patch @ chunk-3VLAASFC.js?v=fb358534:7004
mountChildren @ chunk-3VLAASFC.js?v=fb358534:7250
processFragment @ chunk-3VLAASFC.js?v=fb358534:7432
patch @ chunk-3VLAASFC.js?v=fb358534:6990
componentUpdateFn @ chunk-3VLAASFC.js?v=fb358534:7648
run @ chunk-3VLAASFC.js?v=fb358534:683
setupRenderEffect @ chunk-3VLAASFC.js?v=fb358534:7776
mountComponent @ chunk-3VLAASFC.js?v=fb358534:7550
processComponent @ chunk-3VLAASFC.js?v=fb358534:7502
patch @ chunk-3VLAASFC.js?v=fb358534:7016
componentUpdateFn @ chunk-3VLAASFC.js?v=fb358534:7648
run @ chunk-3VLAASFC.js?v=fb358534:683
setupRenderEffect @ chunk-3VLAASFC.js?v=fb358534:7776
mountComponent @ chunk-3VLAASFC.js?v=fb358534:7550
processComponent @ chunk-3VLAASFC.js?v=fb358534:7502
patch @ chunk-3VLAASFC.js?v=fb358534:7016
componentUpdateFn @ chunk-3VLAASFC.js?v=fb358534:7648
run @ chunk-3VLAASFC.js?v=fb358534:683
setupRenderEffect @ chunk-3VLAASFC.js?v=fb358534:7776
mountComponent @ chunk-3VLAASFC.js?v=fb358534:7550
processComponent @ chunk-3VLAASFC.js?v=fb358534:7502
patch @ chunk-3VLAASFC.js?v=fb358534:7016
componentUpdateFn @ chunk-3VLAASFC.js?v=fb358534:7648
run @ chunk-3VLAASFC.js?v=fb358534:683
setupRenderEffect @ chunk-3VLAASFC.js?v=fb358534:7776
mountComponent @ chunk-3VLAASFC.js?v=fb358534:7550
processComponent @ chunk-3VLAASFC.js?v=fb358534:7502
patch @ chunk-3VLAASFC.js?v=fb358534:7016
mountChildren @ chunk-3VLAASFC.js?v=fb358534:7250
mountElement @ chunk-3VLAASFC.js?v=fb358534:7173
processElement @ chunk-3VLAASFC.js?v=fb358534:7138
patch @ chunk-3VLAASFC.js?v=fb358534:7004
componentUpdateFn @ chunk-3VLAASFC.js?v=fb358534:7648
run @ chunk-3VLAASFC.js?v=fb358534:683
setupRenderEffect @ chunk-3VLAASFC.js?v=fb358534:7776
mountComponent @ chunk-3VLAASFC.js?v=fb358534:7550
processComponent @ chunk-3VLAASFC.js?v=fb358534:7502
patch @ chunk-3VLAASFC.js?v=fb358534:7016
mountChildren @ chunk-3VLAASFC.js?v=fb358534:7250
processFragment @ chunk-3VLAASFC.js?v=fb358534:7432
patch @ chunk-3VLAASFC.js?v=fb358534:6990
componentUpdateFn @ chunk-3VLAASFC.js?v=fb358534:7648
run @ chunk-3VLAASFC.js?v=fb358534:683
setupRenderEffect @ chunk-3VLAASFC.js?v=fb358534:7776
mountComponent @ chunk-3VLAASFC.js?v=fb358534:7550
processComponent @ chunk-3VLAASFC.js?v=fb358534:7502
patch @ chunk-3VLAASFC.js?v=fb358534:7016
componentUpdateFn @ chunk-3VLAASFC.js?v=fb358534:7728
run @ chunk-3VLAASFC.js?v=fb358534:683
runIfDirty @ chunk-3VLAASFC.js?v=fb358534:721
callWithErrorHandling @ chunk-3VLAASFC.js?v=fb358534:2467
flushJobs @ chunk-3VLAASFC.js?v=fb358534:2675
Promise.then
queueFlush @ chunk-3VLAASFC.js?v=fb358534:2589
queueJob @ chunk-3VLAASFC.js?v=fb358534:2584
effect2.scheduler @ chunk-3VLAASFC.js?v=fb358534:7770
trigger @ chunk-3VLAASFC.js?v=fb358534:711
endBatch @ chunk-3VLAASFC.js?v=fb358534:769
notify @ chunk-3VLAASFC.js?v=fb358534:1031
trigger @ chunk-3VLAASFC.js?v=fb358534:1005
set value @ chunk-3VLAASFC.js?v=fb358534:1877
swapComponent @ @inertiajs_vue3.js?v=fb358534:315
swap @ chunk-DTND7MSH.js?v=fb358534:9548
(anonymous) @ chunk-DTND7MSH.js?v=fb358534:9501
Promise.then
(anonymous) @ chunk-DTND7MSH.js?v=fb358534:9490
Promise.then
set @ chunk-DTND7MSH.js?v=fb358534:9481
setPage @ chunk-DTND7MSH.js?v=fb358534:10532
await in setPage
process @ chunk-DTND7MSH.js?v=fb358534:10459
await in process
(anonymous) @ chunk-DTND7MSH.js?v=fb358534:10444
processNext @ chunk-DTND7MSH.js?v=fb358534:9585
process @ chunk-DTND7MSH.js?v=fb358534:9577
add @ chunk-DTND7MSH.js?v=fb358534:9574
handle @ chunk-DTND7MSH.js?v=fb358534:10444
(anonymous) @ chunk-DTND7MSH.js?v=fb358534:10684
Promise.then
send @ chunk-DTND7MSH.js?v=fb358534:10682
send @ chunk-DTND7MSH.js?v=fb358534:10759
visit @ chunk-DTND7MSH.js?v=fb358534:10891
onClick @ @inertiajs_vue3.js?v=fb358534:983
(anonymous) @ chunk-3VLAASFC.js?v=fb358534:11503
callWithErrorHandling @ chunk-3VLAASFC.js?v=fb358534:2467
callWithAsyncErrorHandling @ chunk-3VLAASFC.js?v=fb358534:2474
callWithAsyncErrorHandling @ chunk-3VLAASFC.js?v=fb358534:2485
invoker @ chunk-3VLAASFC.js?v=fb358534:11474
VesselSettings.vue:568 [intlify] Not found 'Default Currency' key in 'en' locale messages.
overrideMethod @ hook.js:608
warn @ vue-i18n.js?v=fb358534:24
handleMissing @ vue-i18n.js?v=fb358534:2724
resolveMessageFormat @ vue-i18n.js?v=fb358534:3046
translate @ vue-i18n.js?v=fb358534:2924
(anonymous) @ vue-i18n.js?v=fb358534:4120
wrapWithDeps @ vue-i18n.js?v=fb358534:4081
t @ vue-i18n.js?v=fb358534:4120
(anonymous) @ VesselSettings.vue:568
renderFnWithContext @ chunk-3VLAASFC.js?v=fb358534:2967
renderSlot @ chunk-3VLAASFC.js?v=fb358534:5290
(anonymous) @ Label.vue:26
renderFnWithContext @ chunk-3VLAASFC.js?v=fb358534:2967
renderSlot @ chunk-3VLAASFC.js?v=fb358534:5290
(anonymous) @ reka-ui.js?v=fb358534:23043
renderFnWithContext @ chunk-3VLAASFC.js?v=fb358534:2967
normalizeChildren @ chunk-3VLAASFC.js?v=fb358534:10002
createBaseVNode @ chunk-3VLAASFC.js?v=fb358534:9806
_createVNode @ chunk-3VLAASFC.js?v=fb358534:9883
createVNodeWithArgsTransform @ chunk-3VLAASFC.js?v=fb358534:9760
h @ chunk-3VLAASFC.js?v=fb358534:10532
h.default @ reka-ui.js?v=fb358534:3731
renderComponentRoot @ chunk-3VLAASFC.js?v=fb358534:8849
componentUpdateFn @ chunk-3VLAASFC.js?v=fb358534:7641
run @ chunk-3VLAASFC.js?v=fb358534:683
setupRenderEffect @ chunk-3VLAASFC.js?v=fb358534:7776
mountComponent @ chunk-3VLAASFC.js?v=fb358534:7550
processComponent @ chunk-3VLAASFC.js?v=fb358534:7502
patch @ chunk-3VLAASFC.js?v=fb358534:7016
componentUpdateFn @ chunk-3VLAASFC.js?v=fb358534:7648
run @ chunk-3VLAASFC.js?v=fb358534:683
setupRenderEffect @ chunk-3VLAASFC.js?v=fb358534:7776
mountComponent @ chunk-3VLAASFC.js?v=fb358534:7550
processComponent @ chunk-3VLAASFC.js?v=fb358534:7502
patch @ chunk-3VLAASFC.js?v=fb358534:7016
componentUpdateFn @ chunk-3VLAASFC.js?v=fb358534:7648
run @ chunk-3VLAASFC.js?v=fb358534:683
setupRenderEffect @ chunk-3VLAASFC.js?v=fb358534:7776
mountComponent @ chunk-3VLAASFC.js?v=fb358534:7550
processComponent @ chunk-3VLAASFC.js?v=fb358534:7502
patch @ chunk-3VLAASFC.js?v=fb358534:7016
mountChildren @ chunk-3VLAASFC.js?v=fb358534:7250
mountElement @ chunk-3VLAASFC.js?v=fb358534:7173
processElement @ chunk-3VLAASFC.js?v=fb358534:7138
patch @ chunk-3VLAASFC.js?v=fb358534:7004
mountChildren @ chunk-3VLAASFC.js?v=fb358534:7250
mountElement @ chunk-3VLAASFC.js?v=fb358534:7173
processElement @ chunk-3VLAASFC.js?v=fb358534:7138
patch @ chunk-3VLAASFC.js?v=fb358534:7004
mountChildren @ chunk-3VLAASFC.js?v=fb358534:7250
mountElement @ chunk-3VLAASFC.js?v=fb358534:7173
processElement @ chunk-3VLAASFC.js?v=fb358534:7138
patch @ chunk-3VLAASFC.js?v=fb358534:7004
mountChildren @ chunk-3VLAASFC.js?v=fb358534:7250
mountElement @ chunk-3VLAASFC.js?v=fb358534:7173
processElement @ chunk-3VLAASFC.js?v=fb358534:7138
patch @ chunk-3VLAASFC.js?v=fb358534:7004
mountChildren @ chunk-3VLAASFC.js?v=fb358534:7250
mountElement @ chunk-3VLAASFC.js?v=fb358534:7173
processElement @ chunk-3VLAASFC.js?v=fb358534:7138
patch @ chunk-3VLAASFC.js?v=fb358534:7004
mountChildren @ chunk-3VLAASFC.js?v=fb358534:7250
processFragment @ chunk-3VLAASFC.js?v=fb358534:7432
patch @ chunk-3VLAASFC.js?v=fb358534:6990
mountChildren @ chunk-3VLAASFC.js?v=fb358534:7250
processFragment @ chunk-3VLAASFC.js?v=fb358534:7432
patch @ chunk-3VLAASFC.js?v=fb358534:6990
mountChildren @ chunk-3VLAASFC.js?v=fb358534:7250
processFragment @ chunk-3VLAASFC.js?v=fb358534:7432
patch @ chunk-3VLAASFC.js?v=fb358534:6990
mountChildren @ chunk-3VLAASFC.js?v=fb358534:7250
processFragment @ chunk-3VLAASFC.js?v=fb358534:7432
patch @ chunk-3VLAASFC.js?v=fb358534:6990
mountChildren @ chunk-3VLAASFC.js?v=fb358534:7250
mountElement @ chunk-3VLAASFC.js?v=fb358534:7173
processElement @ chunk-3VLAASFC.js?v=fb358534:7138
patch @ chunk-3VLAASFC.js?v=fb358534:7004
componentUpdateFn @ chunk-3VLAASFC.js?v=fb358534:7648
run @ chunk-3VLAASFC.js?v=fb358534:683
setupRenderEffect @ chunk-3VLAASFC.js?v=fb358534:7776
mountComponent @ chunk-3VLAASFC.js?v=fb358534:7550
processComponent @ chunk-3VLAASFC.js?v=fb358534:7502
patch @ chunk-3VLAASFC.js?v=fb358534:7016
componentUpdateFn @ chunk-3VLAASFC.js?v=fb358534:7648
run @ chunk-3VLAASFC.js?v=fb358534:683
setupRenderEffect @ chunk-3VLAASFC.js?v=fb358534:7776
mountComponent @ chunk-3VLAASFC.js?v=fb358534:7550
processComponent @ chunk-3VLAASFC.js?v=fb358534:7502
patch @ chunk-3VLAASFC.js?v=fb358534:7016
mountChildren @ chunk-3VLAASFC.js?v=fb358534:7250
processFragment @ chunk-3VLAASFC.js?v=fb358534:7432
patch @ chunk-3VLAASFC.js?v=fb358534:6990
mountChildren @ chunk-3VLAASFC.js?v=fb358534:7250
processFragment @ chunk-3VLAASFC.js?v=fb358534:7432
patch @ chunk-3VLAASFC.js?v=fb358534:6990
mountChildren @ chunk-3VLAASFC.js?v=fb358534:7250
mountElement @ chunk-3VLAASFC.js?v=fb358534:7173
processElement @ chunk-3VLAASFC.js?v=fb358534:7138
patch @ chunk-3VLAASFC.js?v=fb358534:7004
mountChildren @ chunk-3VLAASFC.js?v=fb358534:7250
processFragment @ chunk-3VLAASFC.js?v=fb358534:7432
patch @ chunk-3VLAASFC.js?v=fb358534:6990
componentUpdateFn @ chunk-3VLAASFC.js?v=fb358534:7648
run @ chunk-3VLAASFC.js?v=fb358534:683
setupRenderEffect @ chunk-3VLAASFC.js?v=fb358534:7776
mountComponent @ chunk-3VLAASFC.js?v=fb358534:7550
processComponent @ chunk-3VLAASFC.js?v=fb358534:7502
patch @ chunk-3VLAASFC.js?v=fb358534:7016
componentUpdateFn @ chunk-3VLAASFC.js?v=fb358534:7648
run @ chunk-3VLAASFC.js?v=fb358534:683
setupRenderEffect @ chunk-3VLAASFC.js?v=fb358534:7776
mountComponent @ chunk-3VLAASFC.js?v=fb358534:7550
processComponent @ chunk-3VLAASFC.js?v=fb358534:7502
patch @ chunk-3VLAASFC.js?v=fb358534:7016
componentUpdateFn @ chunk-3VLAASFC.js?v=fb358534:7648
run @ chunk-3VLAASFC.js?v=fb358534:683
setupRenderEffect @ chunk-3VLAASFC.js?v=fb358534:7776
mountComponent @ chunk-3VLAASFC.js?v=fb358534:7550
processComponent @ chunk-3VLAASFC.js?v=fb358534:7502
patch @ chunk-3VLAASFC.js?v=fb358534:7016
componentUpdateFn @ chunk-3VLAASFC.js?v=fb358534:7648
run @ chunk-3VLAASFC.js?v=fb358534:683
setupRenderEffect @ chunk-3VLAASFC.js?v=fb358534:7776
mountComponent @ chunk-3VLAASFC.js?v=fb358534:7550
processComponent @ chunk-3VLAASFC.js?v=fb358534:7502
patch @ chunk-3VLAASFC.js?v=fb358534:7016
mountChildren @ chunk-3VLAASFC.js?v=fb358534:7250
mountElement @ chunk-3VLAASFC.js?v=fb358534:7173
processElement @ chunk-3VLAASFC.js?v=fb358534:7138
patch @ chunk-3VLAASFC.js?v=fb358534:7004
componentUpdateFn @ chunk-3VLAASFC.js?v=fb358534:7648
run @ chunk-3VLAASFC.js?v=fb358534:683
setupRenderEffect @ chunk-3VLAASFC.js?v=fb358534:7776
mountComponent @ chunk-3VLAASFC.js?v=fb358534:7550
processComponent @ chunk-3VLAASFC.js?v=fb358534:7502
patch @ chunk-3VLAASFC.js?v=fb358534:7016
mountChildren @ chunk-3VLAASFC.js?v=fb358534:7250
processFragment @ chunk-3VLAASFC.js?v=fb358534:7432
patch @ chunk-3VLAASFC.js?v=fb358534:6990
componentUpdateFn @ chunk-3VLAASFC.js?v=fb358534:7648
run @ chunk-3VLAASFC.js?v=fb358534:683
setupRenderEffect @ chunk-3VLAASFC.js?v=fb358534:7776
mountComponent @ chunk-3VLAASFC.js?v=fb358534:7550
processComponent @ chunk-3VLAASFC.js?v=fb358534:7502
patch @ chunk-3VLAASFC.js?v=fb358534:7016
componentUpdateFn @ chunk-3VLAASFC.js?v=fb358534:7728
run @ chunk-3VLAASFC.js?v=fb358534:683
runIfDirty @ chunk-3VLAASFC.js?v=fb358534:721
callWithErrorHandling @ chunk-3VLAASFC.js?v=fb358534:2467
flushJobs @ chunk-3VLAASFC.js?v=fb358534:2675
Promise.then
queueFlush @ chunk-3VLAASFC.js?v=fb358534:2589
queueJob @ chunk-3VLAASFC.js?v=fb358534:2584
effect2.scheduler @ chunk-3VLAASFC.js?v=fb358534:7770
trigger @ chunk-3VLAASFC.js?v=fb358534:711
endBatch @ chunk-3VLAASFC.js?v=fb358534:769
notify @ chunk-3VLAASFC.js?v=fb358534:1031
trigger @ chunk-3VLAASFC.js?v=fb358534:1005
set value @ chunk-3VLAASFC.js?v=fb358534:1877
swapComponent @ @inertiajs_vue3.js?v=fb358534:315
swap @ chunk-DTND7MSH.js?v=fb358534:9548
(anonymous) @ chunk-DTND7MSH.js?v=fb358534:9501
Promise.then
(anonymous) @ chunk-DTND7MSH.js?v=fb358534:9490
Promise.then
set @ chunk-DTND7MSH.js?v=fb358534:9481
setPage @ chunk-DTND7MSH.js?v=fb358534:10532
await in setPage
process @ chunk-DTND7MSH.js?v=fb358534:10459
await in process
(anonymous) @ chunk-DTND7MSH.js?v=fb358534:10444
processNext @ chunk-DTND7MSH.js?v=fb358534:9585
process @ chunk-DTND7MSH.js?v=fb358534:9577
add @ chunk-DTND7MSH.js?v=fb358534:9574
handle @ chunk-DTND7MSH.js?v=fb358534:10444
(anonymous) @ chunk-DTND7MSH.js?v=fb358534:10684
Promise.then
send @ chunk-DTND7MSH.js?v=fb358534:10682
send @ chunk-DTND7MSH.js?v=fb358534:10759
visit @ chunk-DTND7MSH.js?v=fb358534:10891
onClick @ @inertiajs_vue3.js?v=fb358534:983
(anonymous) @ chunk-3VLAASFC.js?v=fb358534:11503
callWithErrorHandling @ chunk-3VLAASFC.js?v=fb358534:2467
callWithAsyncErrorHandling @ chunk-3VLAASFC.js?v=fb358534:2474
callWithAsyncErrorHandling @ chunk-3VLAASFC.js?v=fb358534:2485
invoker @ chunk-3VLAASFC.js?v=fb358534:11474
VesselSettings.vue:586 [intlify] Not found 'Default VAT Profile' key in 'pt' locale messages.
overrideMethod @ hook.js:608
warn @ vue-i18n.js?v=fb358534:24
handleMissing @ vue-i18n.js?v=fb358534:2724
resolveMessageFormat @ vue-i18n.js?v=fb358534:3046
translate @ vue-i18n.js?v=fb358534:2924
(anonymous) @ vue-i18n.js?v=fb358534:4120
wrapWithDeps @ vue-i18n.js?v=fb358534:4081
t @ vue-i18n.js?v=fb358534:4120
(anonymous) @ VesselSettings.vue:586
renderFnWithContext @ chunk-3VLAASFC.js?v=fb358534:2967
renderSlot @ chunk-3VLAASFC.js?v=fb358534:5290
(anonymous) @ Label.vue:26
renderFnWithContext @ chunk-3VLAASFC.js?v=fb358534:2967
renderSlot @ chunk-3VLAASFC.js?v=fb358534:5290
(anonymous) @ reka-ui.js?v=fb358534:23043
renderFnWithContext @ chunk-3VLAASFC.js?v=fb358534:2967
normalizeChildren @ chunk-3VLAASFC.js?v=fb358534:10002
createBaseVNode @ chunk-3VLAASFC.js?v=fb358534:9806
_createVNode @ chunk-3VLAASFC.js?v=fb358534:9883
createVNodeWithArgsTransform @ chunk-3VLAASFC.js?v=fb358534:9760
h @ chunk-3VLAASFC.js?v=fb358534:10532
h.default @ reka-ui.js?v=fb358534:3731
renderComponentRoot @ chunk-3VLAASFC.js?v=fb358534:8849
componentUpdateFn @ chunk-3VLAASFC.js?v=fb358534:7641
run @ chunk-3VLAASFC.js?v=fb358534:683
setupRenderEffect @ chunk-3VLAASFC.js?v=fb358534:7776
mountComponent @ chunk-3VLAASFC.js?v=fb358534:7550
processComponent @ chunk-3VLAASFC.js?v=fb358534:7502
patch @ chunk-3VLAASFC.js?v=fb358534:7016
componentUpdateFn @ chunk-3VLAASFC.js?v=fb358534:7648
run @ chunk-3VLAASFC.js?v=fb358534:683
setupRenderEffect @ chunk-3VLAASFC.js?v=fb358534:7776
mountComponent @ chunk-3VLAASFC.js?v=fb358534:7550
processComponent @ chunk-3VLAASFC.js?v=fb358534:7502
patch @ chunk-3VLAASFC.js?v=fb358534:7016
componentUpdateFn @ chunk-3VLAASFC.js?v=fb358534:7648
run @ chunk-3VLAASFC.js?v=fb358534:683
setupRenderEffect @ chunk-3VLAASFC.js?v=fb358534:7776
mountComponent @ chunk-3VLAASFC.js?v=fb358534:7550
processComponent @ chunk-3VLAASFC.js?v=fb358534:7502
patch @ chunk-3VLAASFC.js?v=fb358534:7016
mountChildren @ chunk-3VLAASFC.js?v=fb358534:7250
mountElement @ chunk-3VLAASFC.js?v=fb358534:7173
processElement @ chunk-3VLAASFC.js?v=fb358534:7138
patch @ chunk-3VLAASFC.js?v=fb358534:7004
mountChildren @ chunk-3VLAASFC.js?v=fb358534:7250
mountElement @ chunk-3VLAASFC.js?v=fb358534:7173
processElement @ chunk-3VLAASFC.js?v=fb358534:7138
patch @ chunk-3VLAASFC.js?v=fb358534:7004
mountChildren @ chunk-3VLAASFC.js?v=fb358534:7250
mountElement @ chunk-3VLAASFC.js?v=fb358534:7173
processElement @ chunk-3VLAASFC.js?v=fb358534:7138
patch @ chunk-3VLAASFC.js?v=fb358534:7004
mountChildren @ chunk-3VLAASFC.js?v=fb358534:7250
mountElement @ chunk-3VLAASFC.js?v=fb358534:7173
processElement @ chunk-3VLAASFC.js?v=fb358534:7138
patch @ chunk-3VLAASFC.js?v=fb358534:7004
mountChildren @ chunk-3VLAASFC.js?v=fb358534:7250
mountElement @ chunk-3VLAASFC.js?v=fb358534:7173
processElement @ chunk-3VLAASFC.js?v=fb358534:7138
patch @ chunk-3VLAASFC.js?v=fb358534:7004
mountChildren @ chunk-3VLAASFC.js?v=fb358534:7250
processFragment @ chunk-3VLAASFC.js?v=fb358534:7432
patch @ chunk-3VLAASFC.js?v=fb358534:6990
mountChildren @ chunk-3VLAASFC.js?v=fb358534:7250
processFragment @ chunk-3VLAASFC.js?v=fb358534:7432
patch @ chunk-3VLAASFC.js?v=fb358534:6990
mountChildren @ chunk-3VLAASFC.js?v=fb358534:7250
processFragment @ chunk-3VLAASFC.js?v=fb358534:7432
patch @ chunk-3VLAASFC.js?v=fb358534:6990
mountChildren @ chunk-3VLAASFC.js?v=fb358534:7250
processFragment @ chunk-3VLAASFC.js?v=fb358534:7432
patch @ chunk-3VLAASFC.js?v=fb358534:6990
mountChildren @ chunk-3VLAASFC.js?v=fb358534:7250
mountElement @ chunk-3VLAASFC.js?v=fb358534:7173
processElement @ chunk-3VLAASFC.js?v=fb358534:7138
patch @ chunk-3VLAASFC.js?v=fb358534:7004
componentUpdateFn @ chunk-3VLAASFC.js?v=fb358534:7648
run @ chunk-3VLAASFC.js?v=fb358534:683
setupRenderEffect @ chunk-3VLAASFC.js?v=fb358534:7776
mountComponent @ chunk-3VLAASFC.js?v=fb358534:7550
processComponent @ chunk-3VLAASFC.js?v=fb358534:7502
patch @ chunk-3VLAASFC.js?v=fb358534:7016
componentUpdateFn @ chunk-3VLAASFC.js?v=fb358534:7648
run @ chunk-3VLAASFC.js?v=fb358534:683
setupRenderEffect @ chunk-3VLAASFC.js?v=fb358534:7776
mountComponent @ chunk-3VLAASFC.js?v=fb358534:7550
processComponent @ chunk-3VLAASFC.js?v=fb358534:7502
patch @ chunk-3VLAASFC.js?v=fb358534:7016
mountChildren @ chunk-3VLAASFC.js?v=fb358534:7250
processFragment @ chunk-3VLAASFC.js?v=fb358534:7432
patch @ chunk-3VLAASFC.js?v=fb358534:6990
mountChildren @ chunk-3VLAASFC.js?v=fb358534:7250
processFragment @ chunk-3VLAASFC.js?v=fb358534:7432
patch @ chunk-3VLAASFC.js?v=fb358534:6990
mountChildren @ chunk-3VLAASFC.js?v=fb358534:7250
mountElement @ chunk-3VLAASFC.js?v=fb358534:7173
processElement @ chunk-3VLAASFC.js?v=fb358534:7138
patch @ chunk-3VLAASFC.js?v=fb358534:7004
mountChildren @ chunk-3VLAASFC.js?v=fb358534:7250
processFragment @ chunk-3VLAASFC.js?v=fb358534:7432
patch @ chunk-3VLAASFC.js?v=fb358534:6990
componentUpdateFn @ chunk-3VLAASFC.js?v=fb358534:7648
run @ chunk-3VLAASFC.js?v=fb358534:683
setupRenderEffect @ chunk-3VLAASFC.js?v=fb358534:7776
mountComponent @ chunk-3VLAASFC.js?v=fb358534:7550
processComponent @ chunk-3VLAASFC.js?v=fb358534:7502
patch @ chunk-3VLAASFC.js?v=fb358534:7016
componentUpdateFn @ chunk-3VLAASFC.js?v=fb358534:7648
run @ chunk-3VLAASFC.js?v=fb358534:683
setupRenderEffect @ chunk-3VLAASFC.js?v=fb358534:7776
mountComponent @ chunk-3VLAASFC.js?v=fb358534:7550
processComponent @ chunk-3VLAASFC.js?v=fb358534:7502
patch @ chunk-3VLAASFC.js?v=fb358534:7016
componentUpdateFn @ chunk-3VLAASFC.js?v=fb358534:7648
run @ chunk-3VLAASFC.js?v=fb358534:683
setupRenderEffect @ chunk-3VLAASFC.js?v=fb358534:7776
mountComponent @ chunk-3VLAASFC.js?v=fb358534:7550
processComponent @ chunk-3VLAASFC.js?v=fb358534:7502
patch @ chunk-3VLAASFC.js?v=fb358534:7016
componentUpdateFn @ chunk-3VLAASFC.js?v=fb358534:7648
run @ chunk-3VLAASFC.js?v=fb358534:683
setupRenderEffect @ chunk-3VLAASFC.js?v=fb358534:7776
mountComponent @ chunk-3VLAASFC.js?v=fb358534:7550
processComponent @ chunk-3VLAASFC.js?v=fb358534:7502
patch @ chunk-3VLAASFC.js?v=fb358534:7016
mountChildren @ chunk-3VLAASFC.js?v=fb358534:7250
mountElement @ chunk-3VLAASFC.js?v=fb358534:7173
processElement @ chunk-3VLAASFC.js?v=fb358534:7138
patch @ chunk-3VLAASFC.js?v=fb358534:7004
componentUpdateFn @ chunk-3VLAASFC.js?v=fb358534:7648
run @ chunk-3VLAASFC.js?v=fb358534:683
setupRenderEffect @ chunk-3VLAASFC.js?v=fb358534:7776
mountComponent @ chunk-3VLAASFC.js?v=fb358534:7550
processComponent @ chunk-3VLAASFC.js?v=fb358534:7502
patch @ chunk-3VLAASFC.js?v=fb358534:7016
mountChildren @ chunk-3VLAASFC.js?v=fb358534:7250
processFragment @ chunk-3VLAASFC.js?v=fb358534:7432
patch @ chunk-3VLAASFC.js?v=fb358534:6990
componentUpdateFn @ chunk-3VLAASFC.js?v=fb358534:7648
run @ chunk-3VLAASFC.js?v=fb358534:683
setupRenderEffect @ chunk-3VLAASFC.js?v=fb358534:7776
mountComponent @ chunk-3VLAASFC.js?v=fb358534:7550
processComponent @ chunk-3VLAASFC.js?v=fb358534:7502
patch @ chunk-3VLAASFC.js?v=fb358534:7016
componentUpdateFn @ chunk-3VLAASFC.js?v=fb358534:7728
run @ chunk-3VLAASFC.js?v=fb358534:683
runIfDirty @ chunk-3VLAASFC.js?v=fb358534:721
callWithErrorHandling @ chunk-3VLAASFC.js?v=fb358534:2467
flushJobs @ chunk-3VLAASFC.js?v=fb358534:2675
Promise.then
queueFlush @ chunk-3VLAASFC.js?v=fb358534:2589
queueJob @ chunk-3VLAASFC.js?v=fb358534:2584
effect2.scheduler @ chunk-3VLAASFC.js?v=fb358534:7770
trigger @ chunk-3VLAASFC.js?v=fb358534:711
endBatch @ chunk-3VLAASFC.js?v=fb358534:769
notify @ chunk-3VLAASFC.js?v=fb358534:1031
trigger @ chunk-3VLAASFC.js?v=fb358534:1005
set value @ chunk-3VLAASFC.js?v=fb358534:1877
swapComponent @ @inertiajs_vue3.js?v=fb358534:315
swap @ chunk-DTND7MSH.js?v=fb358534:9548
(anonymous) @ chunk-DTND7MSH.js?v=fb358534:9501
Promise.then
(anonymous) @ chunk-DTND7MSH.js?v=fb358534:9490
Promise.then
set @ chunk-DTND7MSH.js?v=fb358534:9481
setPage @ chunk-DTND7MSH.js?v=fb358534:10532
await in setPage
process @ chunk-DTND7MSH.js?v=fb358534:10459
await in process
(anonymous) @ chunk-DTND7MSH.js?v=fb358534:10444
processNext @ chunk-DTND7MSH.js?v=fb358534:9585
process @ chunk-DTND7MSH.js?v=fb358534:9577
add @ chunk-DTND7MSH.js?v=fb358534:9574
handle @ chunk-DTND7MSH.js?v=fb358534:10444
(anonymous) @ chunk-DTND7MSH.js?v=fb358534:10684
Promise.then
send @ chunk-DTND7MSH.js?v=fb358534:10682
send @ chunk-DTND7MSH.js?v=fb358534:10759
visit @ chunk-DTND7MSH.js?v=fb358534:10891
onClick @ @inertiajs_vue3.js?v=fb358534:983
(anonymous) @ chunk-3VLAASFC.js?v=fb358534:11503
callWithErrorHandling @ chunk-3VLAASFC.js?v=fb358534:2467
callWithAsyncErrorHandling @ chunk-3VLAASFC.js?v=fb358534:2474
callWithAsyncErrorHandling @ chunk-3VLAASFC.js?v=fb358534:2485
invoker @ chunk-3VLAASFC.js?v=fb358534:11474
VesselSettings.vue:586 [intlify] Fall back to translate 'Default VAT Profile' key with 'en' locale.
overrideMethod @ hook.js:608
warn @ vue-i18n.js?v=fb358534:24
resolveMessageFormat @ vue-i18n.js?v=fb358534:2995
translate @ vue-i18n.js?v=fb358534:2924
(anonymous) @ vue-i18n.js?v=fb358534:4120
wrapWithDeps @ vue-i18n.js?v=fb358534:4081
t @ vue-i18n.js?v=fb358534:4120
(anonymous) @ VesselSettings.vue:586
renderFnWithContext @ chunk-3VLAASFC.js?v=fb358534:2967
renderSlot @ chunk-3VLAASFC.js?v=fb358534:5290
(anonymous) @ Label.vue:26
renderFnWithContext @ chunk-3VLAASFC.js?v=fb358534:2967
renderSlot @ chunk-3VLAASFC.js?v=fb358534:5290
(anonymous) @ reka-ui.js?v=fb358534:23043
renderFnWithContext @ chunk-3VLAASFC.js?v=fb358534:2967
normalizeChildren @ chunk-3VLAASFC.js?v=fb358534:10002
createBaseVNode @ chunk-3VLAASFC.js?v=fb358534:9806
_createVNode @ chunk-3VLAASFC.js?v=fb358534:9883
createVNodeWithArgsTransform @ chunk-3VLAASFC.js?v=fb358534:9760
h @ chunk-3VLAASFC.js?v=fb358534:10532
h.default @ reka-ui.js?v=fb358534:3731
renderComponentRoot @ chunk-3VLAASFC.js?v=fb358534:8849
componentUpdateFn @ chunk-3VLAASFC.js?v=fb358534:7641
run @ chunk-3VLAASFC.js?v=fb358534:683
setupRenderEffect @ chunk-3VLAASFC.js?v=fb358534:7776
mountComponent @ chunk-3VLAASFC.js?v=fb358534:7550
processComponent @ chunk-3VLAASFC.js?v=fb358534:7502
patch @ chunk-3VLAASFC.js?v=fb358534:7016
componentUpdateFn @ chunk-3VLAASFC.js?v=fb358534:7648
run @ chunk-3VLAASFC.js?v=fb358534:683
setupRenderEffect @ chunk-3VLAASFC.js?v=fb358534:7776
mountComponent @ chunk-3VLAASFC.js?v=fb358534:7550
processComponent @ chunk-3VLAASFC.js?v=fb358534:7502
patch @ chunk-3VLAASFC.js?v=fb358534:7016
componentUpdateFn @ chunk-3VLAASFC.js?v=fb358534:7648
run @ chunk-3VLAASFC.js?v=fb358534:683
setupRenderEffect @ chunk-3VLAASFC.js?v=fb358534:7776
mountComponent @ chunk-3VLAASFC.js?v=fb358534:7550
processComponent @ chunk-3VLAASFC.js?v=fb358534:7502
patch @ chunk-3VLAASFC.js?v=fb358534:7016
mountChildren @ chunk-3VLAASFC.js?v=fb358534:7250
mountElement @ chunk-3VLAASFC.js?v=fb358534:7173
processElement @ chunk-3VLAASFC.js?v=fb358534:7138
patch @ chunk-3VLAASFC.js?v=fb358534:7004
mountChildren @ chunk-3VLAASFC.js?v=fb358534:7250
mountElement @ chunk-3VLAASFC.js?v=fb358534:7173
processElement @ chunk-3VLAASFC.js?v=fb358534:7138
patch @ chunk-3VLAASFC.js?v=fb358534:7004
mountChildren @ chunk-3VLAASFC.js?v=fb358534:7250
mountElement @ chunk-3VLAASFC.js?v=fb358534:7173
processElement @ chunk-3VLAASFC.js?v=fb358534:7138
patch @ chunk-3VLAASFC.js?v=fb358534:7004
mountChildren @ chunk-3VLAASFC.js?v=fb358534:7250
mountElement @ chunk-3VLAASFC.js?v=fb358534:7173
processElement @ chunk-3VLAASFC.js?v=fb358534:7138
patch @ chunk-3VLAASFC.js?v=fb358534:7004
mountChildren @ chunk-3VLAASFC.js?v=fb358534:7250
mountElement @ chunk-3VLAASFC.js?v=fb358534:7173
processElement @ chunk-3VLAASFC.js?v=fb358534:7138
patch @ chunk-3VLAASFC.js?v=fb358534:7004
mountChildren @ chunk-3VLAASFC.js?v=fb358534:7250
processFragment @ chunk-3VLAASFC.js?v=fb358534:7432
patch @ chunk-3VLAASFC.js?v=fb358534:6990
mountChildren @ chunk-3VLAASFC.js?v=fb358534:7250
processFragment @ chunk-3VLAASFC.js?v=fb358534:7432
patch @ chunk-3VLAASFC.js?v=fb358534:6990
mountChildren @ chunk-3VLAASFC.js?v=fb358534:7250
processFragment @ chunk-3VLAASFC.js?v=fb358534:7432
patch @ chunk-3VLAASFC.js?v=fb358534:6990
mountChildren @ chunk-3VLAASFC.js?v=fb358534:7250
processFragment @ chunk-3VLAASFC.js?v=fb358534:7432
patch @ chunk-3VLAASFC.js?v=fb358534:6990
mountChildren @ chunk-3VLAASFC.js?v=fb358534:7250
mountElement @ chunk-3VLAASFC.js?v=fb358534:7173
processElement @ chunk-3VLAASFC.js?v=fb358534:7138
patch @ chunk-3VLAASFC.js?v=fb358534:7004
componentUpdateFn @ chunk-3VLAASFC.js?v=fb358534:7648
run @ chunk-3VLAASFC.js?v=fb358534:683
setupRenderEffect @ chunk-3VLAASFC.js?v=fb358534:7776
mountComponent @ chunk-3VLAASFC.js?v=fb358534:7550
processComponent @ chunk-3VLAASFC.js?v=fb358534:7502
patch @ chunk-3VLAASFC.js?v=fb358534:7016
componentUpdateFn @ chunk-3VLAASFC.js?v=fb358534:7648
run @ chunk-3VLAASFC.js?v=fb358534:683
setupRenderEffect @ chunk-3VLAASFC.js?v=fb358534:7776
mountComponent @ chunk-3VLAASFC.js?v=fb358534:7550
processComponent @ chunk-3VLAASFC.js?v=fb358534:7502
patch @ chunk-3VLAASFC.js?v=fb358534:7016
mountChildren @ chunk-3VLAASFC.js?v=fb358534:7250
processFragment @ chunk-3VLAASFC.js?v=fb358534:7432
patch @ chunk-3VLAASFC.js?v=fb358534:6990
mountChildren @ chunk-3VLAASFC.js?v=fb358534:7250
processFragment @ chunk-3VLAASFC.js?v=fb358534:7432
patch @ chunk-3VLAASFC.js?v=fb358534:6990
mountChildren @ chunk-3VLAASFC.js?v=fb358534:7250
mountElement @ chunk-3VLAASFC.js?v=fb358534:7173
processElement @ chunk-3VLAASFC.js?v=fb358534:7138
patch @ chunk-3VLAASFC.js?v=fb358534:7004
mountChildren @ chunk-3VLAASFC.js?v=fb358534:7250
processFragment @ chunk-3VLAASFC.js?v=fb358534:7432
patch @ chunk-3VLAASFC.js?v=fb358534:6990
componentUpdateFn @ chunk-3VLAASFC.js?v=fb358534:7648
run @ chunk-3VLAASFC.js?v=fb358534:683
setupRenderEffect @ chunk-3VLAASFC.js?v=fb358534:7776
mountComponent @ chunk-3VLAASFC.js?v=fb358534:7550
processComponent @ chunk-3VLAASFC.js?v=fb358534:7502
patch @ chunk-3VLAASFC.js?v=fb358534:7016
componentUpdateFn @ chunk-3VLAASFC.js?v=fb358534:7648
run @ chunk-3VLAASFC.js?v=fb358534:683
setupRenderEffect @ chunk-3VLAASFC.js?v=fb358534:7776
mountComponent @ chunk-3VLAASFC.js?v=fb358534:7550
processComponent @ chunk-3VLAASFC.js?v=fb358534:7502
patch @ chunk-3VLAASFC.js?v=fb358534:7016
componentUpdateFn @ chunk-3VLAASFC.js?v=fb358534:7648
run @ chunk-3VLAASFC.js?v=fb358534:683
setupRenderEffect @ chunk-3VLAASFC.js?v=fb358534:7776
mountComponent @ chunk-3VLAASFC.js?v=fb358534:7550
processComponent @ chunk-3VLAASFC.js?v=fb358534:7502
patch @ chunk-3VLAASFC.js?v=fb358534:7016
componentUpdateFn @ chunk-3VLAASFC.js?v=fb358534:7648
run @ chunk-3VLAASFC.js?v=fb358534:683
setupRenderEffect @ chunk-3VLAASFC.js?v=fb358534:7776
mountComponent @ chunk-3VLAASFC.js?v=fb358534:7550
processComponent @ chunk-3VLAASFC.js?v=fb358534:7502
patch @ chunk-3VLAASFC.js?v=fb358534:7016
mountChildren @ chunk-3VLAASFC.js?v=fb358534:7250
mountElement @ chunk-3VLAASFC.js?v=fb358534:7173
processElement @ chunk-3VLAASFC.js?v=fb358534:7138
patch @ chunk-3VLAASFC.js?v=fb358534:7004
componentUpdateFn @ chunk-3VLAASFC.js?v=fb358534:7648
run @ chunk-3VLAASFC.js?v=fb358534:683
setupRenderEffect @ chunk-3VLAASFC.js?v=fb358534:7776
mountComponent @ chunk-3VLAASFC.js?v=fb358534:7550
processComponent @ chunk-3VLAASFC.js?v=fb358534:7502
patch @ chunk-3VLAASFC.js?v=fb358534:7016
mountChildren @ chunk-3VLAASFC.js?v=fb358534:7250
processFragment @ chunk-3VLAASFC.js?v=fb358534:7432
patch @ chunk-3VLAASFC.js?v=fb358534:6990
componentUpdateFn @ chunk-3VLAASFC.js?v=fb358534:7648
run @ chunk-3VLAASFC.js?v=fb358534:683
setupRenderEffect @ chunk-3VLAASFC.js?v=fb358534:7776
mountComponent @ chunk-3VLAASFC.js?v=fb358534:7550
processComponent @ chunk-3VLAASFC.js?v=fb358534:7502
patch @ chunk-3VLAASFC.js?v=fb358534:7016
componentUpdateFn @ chunk-3VLAASFC.js?v=fb358534:7728
run @ chunk-3VLAASFC.js?v=fb358534:683
runIfDirty @ chunk-3VLAASFC.js?v=fb358534:721
callWithErrorHandling @ chunk-3VLAASFC.js?v=fb358534:2467
flushJobs @ chunk-3VLAASFC.js?v=fb358534:2675
Promise.then
queueFlush @ chunk-3VLAASFC.js?v=fb358534:2589
queueJob @ chunk-3VLAASFC.js?v=fb358534:2584
effect2.scheduler @ chunk-3VLAASFC.js?v=fb358534:7770
trigger @ chunk-3VLAASFC.js?v=fb358534:711
endBatch @ chunk-3VLAASFC.js?v=fb358534:769
notify @ chunk-3VLAASFC.js?v=fb358534:1031
trigger @ chunk-3VLAASFC.js?v=fb358534:1005
set value @ chunk-3VLAASFC.js?v=fb358534:1877
swapComponent @ @inertiajs_vue3.js?v=fb358534:315
swap @ chunk-DTND7MSH.js?v=fb358534:9548
(anonymous) @ chunk-DTND7MSH.js?v=fb358534:9501
Promise.then
(anonymous) @ chunk-DTND7MSH.js?v=fb358534:9490
Promise.then
set @ chunk-DTND7MSH.js?v=fb358534:9481
setPage @ chunk-DTND7MSH.js?v=fb358534:10532
await in setPage
process @ chunk-DTND7MSH.js?v=fb358534:10459
await in process
(anonymous) @ chunk-DTND7MSH.js?v=fb358534:10444
processNext @ chunk-DTND7MSH.js?v=fb358534:9585
process @ chunk-DTND7MSH.js?v=fb358534:9577
add @ chunk-DTND7MSH.js?v=fb358534:9574
handle @ chunk-DTND7MSH.js?v=fb358534:10444
(anonymous) @ chunk-DTND7MSH.js?v=fb358534:10684
Promise.then
send @ chunk-DTND7MSH.js?v=fb358534:10682
send @ chunk-DTND7MSH.js?v=fb358534:10759
visit @ chunk-DTND7MSH.js?v=fb358534:10891
onClick @ @inertiajs_vue3.js?v=fb358534:983
(anonymous) @ chunk-3VLAASFC.js?v=fb358534:11503
callWithErrorHandling @ chunk-3VLAASFC.js?v=fb358534:2467
callWithAsyncErrorHandling @ chunk-3VLAASFC.js?v=fb358534:2474
callWithAsyncErrorHandling @ chunk-3VLAASFC.js?v=fb358534:2485
invoker @ chunk-3VLAASFC.js?v=fb358534:11474
VesselSettings.vue:586 [intlify] Not found 'Default VAT Profile' key in 'en' locale messages.
overrideMethod @ hook.js:608
warn @ vue-i18n.js?v=fb358534:24
handleMissing @ vue-i18n.js?v=fb358534:2724
resolveMessageFormat @ vue-i18n.js?v=fb358534:3046
translate @ vue-i18n.js?v=fb358534:2924
(anonymous) @ vue-i18n.js?v=fb358534:4120
wrapWithDeps @ vue-i18n.js?v=fb358534:4081
t @ vue-i18n.js?v=fb358534:4120
(anonymous) @ VesselSettings.vue:586
renderFnWithContext @ chunk-3VLAASFC.js?v=fb358534:2967
renderSlot @ chunk-3VLAASFC.js?v=fb358534:5290
(anonymous) @ Label.vue:26
renderFnWithContext @ chunk-3VLAASFC.js?v=fb358534:2967
renderSlot @ chunk-3VLAASFC.js?v=fb358534:5290
(anonymous) @ reka-ui.js?v=fb358534:23043
renderFnWithContext @ chunk-3VLAASFC.js?v=fb358534:2967
normalizeChildren @ chunk-3VLAASFC.js?v=fb358534:10002
createBaseVNode @ chunk-3VLAASFC.js?v=fb358534:9806
_createVNode @ chunk-3VLAASFC.js?v=fb358534:9883
createVNodeWithArgsTransform @ chunk-3VLAASFC.js?v=fb358534:9760
h @ chunk-3VLAASFC.js?v=fb358534:10532
h.default @ reka-ui.js?v=fb358534:3731
renderComponentRoot @ chunk-3VLAASFC.js?v=fb358534:8849
componentUpdateFn @ chunk-3VLAASFC.js?v=fb358534:7641
run @ chunk-3VLAASFC.js?v=fb358534:683
setupRenderEffect @ chunk-3VLAASFC.js?v=fb358534:7776
mountComponent @ chunk-3VLAASFC.js?v=fb358534:7550
processComponent @ chunk-3VLAASFC.js?v=fb358534:7502
patch @ chunk-3VLAASFC.js?v=fb358534:7016
componentUpdateFn @ chunk-3VLAASFC.js?v=fb358534:7648
run @ chunk-3VLAASFC.js?v=fb358534:683
setupRenderEffect @ chunk-3VLAASFC.js?v=fb358534:7776
mountComponent @ chunk-3VLAASFC.js?v=fb358534:7550
processComponent @ chunk-3VLAASFC.js?v=fb358534:7502
patch @ chunk-3VLAASFC.js?v=fb358534:7016
componentUpdateFn @ chunk-3VLAASFC.js?v=fb358534:7648
run @ chunk-3VLAASFC.js?v=fb358534:683
setupRenderEffect @ chunk-3VLAASFC.js?v=fb358534:7776
mountComponent @ chunk-3VLAASFC.js?v=fb358534:7550
processComponent @ chunk-3VLAASFC.js?v=fb358534:7502
patch @ chunk-3VLAASFC.js?v=fb358534:7016
mountChildren @ chunk-3VLAASFC.js?v=fb358534:7250
mountElement @ chunk-3VLAASFC.js?v=fb358534:7173
processElement @ chunk-3VLAASFC.js?v=fb358534:7138
patch @ chunk-3VLAASFC.js?v=fb358534:7004
mountChildren @ chunk-3VLAASFC.js?v=fb358534:7250
mountElement @ chunk-3VLAASFC.js?v=fb358534:7173
processElement @ chunk-3VLAASFC.js?v=fb358534:7138
patch @ chunk-3VLAASFC.js?v=fb358534:7004
mountChildren @ chunk-3VLAASFC.js?v=fb358534:7250
mountElement @ chunk-3VLAASFC.js?v=fb358534:7173
processElement @ chunk-3VLAASFC.js?v=fb358534:7138
patch @ chunk-3VLAASFC.js?v=fb358534:7004
mountChildren @ chunk-3VLAASFC.js?v=fb358534:7250
mountElement @ chunk-3VLAASFC.js?v=fb358534:7173
processElement @ chunk-3VLAASFC.js?v=fb358534:7138
patch @ chunk-3VLAASFC.js?v=fb358534:7004
mountChildren @ chunk-3VLAASFC.js?v=fb358534:7250
mountElement @ chunk-3VLAASFC.js?v=fb358534:7173
processElement @ chunk-3VLAASFC.js?v=fb358534:7138
patch @ chunk-3VLAASFC.js?v=fb358534:7004
mountChildren @ chunk-3VLAASFC.js?v=fb358534:7250
processFragment @ chunk-3VLAASFC.js?v=fb358534:7432
patch @ chunk-3VLAASFC.js?v=fb358534:6990
mountChildren @ chunk-3VLAASFC.js?v=fb358534:7250
processFragment @ chunk-3VLAASFC.js?v=fb358534:7432
patch @ chunk-3VLAASFC.js?v=fb358534:6990
mountChildren @ chunk-3VLAASFC.js?v=fb358534:7250
processFragment @ chunk-3VLAASFC.js?v=fb358534:7432
patch @ chunk-3VLAASFC.js?v=fb358534:6990
mountChildren @ chunk-3VLAASFC.js?v=fb358534:7250
processFragment @ chunk-3VLAASFC.js?v=fb358534:7432
patch @ chunk-3VLAASFC.js?v=fb358534:6990
mountChildren @ chunk-3VLAASFC.js?v=fb358534:7250
mountElement @ chunk-3VLAASFC.js?v=fb358534:7173
processElement @ chunk-3VLAASFC.js?v=fb358534:7138
patch @ chunk-3VLAASFC.js?v=fb358534:7004
componentUpdateFn @ chunk-3VLAASFC.js?v=fb358534:7648
run @ chunk-3VLAASFC.js?v=fb358534:683
setupRenderEffect @ chunk-3VLAASFC.js?v=fb358534:7776
mountComponent @ chunk-3VLAASFC.js?v=fb358534:7550
processComponent @ chunk-3VLAASFC.js?v=fb358534:7502
patch @ chunk-3VLAASFC.js?v=fb358534:7016
componentUpdateFn @ chunk-3VLAASFC.js?v=fb358534:7648
run @ chunk-3VLAASFC.js?v=fb358534:683
setupRenderEffect @ chunk-3VLAASFC.js?v=fb358534:7776
mountComponent @ chunk-3VLAASFC.js?v=fb358534:7550
processComponent @ chunk-3VLAASFC.js?v=fb358534:7502
patch @ chunk-3VLAASFC.js?v=fb358534:7016
mountChildren @ chunk-3VLAASFC.js?v=fb358534:7250
processFragment @ chunk-3VLAASFC.js?v=fb358534:7432
patch @ chunk-3VLAASFC.js?v=fb358534:6990
mountChildren @ chunk-3VLAASFC.js?v=fb358534:7250
processFragment @ chunk-3VLAASFC.js?v=fb358534:7432
patch @ chunk-3VLAASFC.js?v=fb358534:6990
mountChildren @ chunk-3VLAASFC.js?v=fb358534:7250
mountElement @ chunk-3VLAASFC.js?v=fb358534:7173
processElement @ chunk-3VLAASFC.js?v=fb358534:7138
patch @ chunk-3VLAASFC.js?v=fb358534:7004
mountChildren @ chunk-3VLAASFC.js?v=fb358534:7250
processFragment @ chunk-3VLAASFC.js?v=fb358534:7432
patch @ chunk-3VLAASFC.js?v=fb358534:6990
componentUpdateFn @ chunk-3VLAASFC.js?v=fb358534:7648
run @ chunk-3VLAASFC.js?v=fb358534:683
setupRenderEffect @ chunk-3VLAASFC.js?v=fb358534:7776
mountComponent @ chunk-3VLAASFC.js?v=fb358534:7550
processComponent @ chunk-3VLAASFC.js?v=fb358534:7502
patch @ chunk-3VLAASFC.js?v=fb358534:7016
componentUpdateFn @ chunk-3VLAASFC.js?v=fb358534:7648
run @ chunk-3VLAASFC.js?v=fb358534:683
setupRenderEffect @ chunk-3VLAASFC.js?v=fb358534:7776
mountComponent @ chunk-3VLAASFC.js?v=fb358534:7550
processComponent @ chunk-3VLAASFC.js?v=fb358534:7502
patch @ chunk-3VLAASFC.js?v=fb358534:7016
componentUpdateFn @ chunk-3VLAASFC.js?v=fb358534:7648
run @ chunk-3VLAASFC.js?v=fb358534:683
setupRenderEffect @ chunk-3VLAASFC.js?v=fb358534:7776
mountComponent @ chunk-3VLAASFC.js?v=fb358534:7550
processComponent @ chunk-3VLAASFC.js?v=fb358534:7502
patch @ chunk-3VLAASFC.js?v=fb358534:7016
componentUpdateFn @ chunk-3VLAASFC.js?v=fb358534:7648
run @ chunk-3VLAASFC.js?v=fb358534:683
setupRenderEffect @ chunk-3VLAASFC.js?v=fb358534:7776
mountComponent @ chunk-3VLAASFC.js?v=fb358534:7550
processComponent @ chunk-3VLAASFC.js?v=fb358534:7502
patch @ chunk-3VLAASFC.js?v=fb358534:7016
mountChildren @ chunk-3VLAASFC.js?v=fb358534:7250
mountElement @ chunk-3VLAASFC.js?v=fb358534:7173
processElement @ chunk-3VLAASFC.js?v=fb358534:7138
patch @ chunk-3VLAASFC.js?v=fb358534:7004
componentUpdateFn @ chunk-3VLAASFC.js?v=fb358534:7648
run @ chunk-3VLAASFC.js?v=fb358534:683
setupRenderEffect @ chunk-3VLAASFC.js?v=fb358534:7776
mountComponent @ chunk-3VLAASFC.js?v=fb358534:7550
processComponent @ chunk-3VLAASFC.js?v=fb358534:7502
patch @ chunk-3VLAASFC.js?v=fb358534:7016
mountChildren @ chunk-3VLAASFC.js?v=fb358534:7250
processFragment @ chunk-3VLAASFC.js?v=fb358534:7432
patch @ chunk-3VLAASFC.js?v=fb358534:6990
componentUpdateFn @ chunk-3VLAASFC.js?v=fb358534:7648
run @ chunk-3VLAASFC.js?v=fb358534:683
setupRenderEffect @ chunk-3VLAASFC.js?v=fb358534:7776
mountComponent @ chunk-3VLAASFC.js?v=fb358534:7550
processComponent @ chunk-3VLAASFC.js?v=fb358534:7502
patch @ chunk-3VLAASFC.js?v=fb358534:7016
componentUpdateFn @ chunk-3VLAASFC.js?v=fb358534:7728
run @ chunk-3VLAASFC.js?v=fb358534:683
runIfDirty @ chunk-3VLAASFC.js?v=fb358534:721
callWithErrorHandling @ chunk-3VLAASFC.js?v=fb358534:2467
flushJobs @ chunk-3VLAASFC.js?v=fb358534:2675
Promise.then
queueFlush @ chunk-3VLAASFC.js?v=fb358534:2589
queueJob @ chunk-3VLAASFC.js?v=fb358534:2584
effect2.scheduler @ chunk-3VLAASFC.js?v=fb358534:7770
trigger @ chunk-3VLAASFC.js?v=fb358534:711
endBatch @ chunk-3VLAASFC.js?v=fb358534:769
notify @ chunk-3VLAASFC.js?v=fb358534:1031
trigger @ chunk-3VLAASFC.js?v=fb358534:1005
set value @ chunk-3VLAASFC.js?v=fb358534:1877
swapComponent @ @inertiajs_vue3.js?v=fb358534:315
swap @ chunk-DTND7MSH.js?v=fb358534:9548
(anonymous) @ chunk-DTND7MSH.js?v=fb358534:9501
Promise.then
(anonymous) @ chunk-DTND7MSH.js?v=fb358534:9490
Promise.then
set @ chunk-DTND7MSH.js?v=fb358534:9481
setPage @ chunk-DTND7MSH.js?v=fb358534:10532
await in setPage
process @ chunk-DTND7MSH.js?v=fb358534:10459
await in process
(anonymous) @ chunk-DTND7MSH.js?v=fb358534:10444
processNext @ chunk-DTND7MSH.js?v=fb358534:9585
process @ chunk-DTND7MSH.js?v=fb358534:9577
add @ chunk-DTND7MSH.js?v=fb358534:9574
handle @ chunk-DTND7MSH.js?v=fb358534:10444
(anonymous) @ chunk-DTND7MSH.js?v=fb358534:10684
Promise.then
send @ chunk-DTND7MSH.js?v=fb358534:10682
send @ chunk-DTND7MSH.js?v=fb358534:10759
visit @ chunk-DTND7MSH.js?v=fb358534:10891
onClick @ @inertiajs_vue3.js?v=fb358534:983
(anonymous) @ chunk-3VLAASFC.js?v=fb358534:11503
callWithErrorHandling @ chunk-3VLAASFC.js?v=fb358534:2467
callWithAsyncErrorHandling @ chunk-3VLAASFC.js?v=fb358534:2474
callWithAsyncErrorHandling @ chunk-3VLAASFC.js?v=fb358534:2485
invoker @ chunk-3VLAASFC.js?v=fb358534:11474
Index.vue:340 [intlify] Not found 'Search' key in 'pt' locale messages.
overrideMethod @ hook.js:608
warn @ vue-i18n.js?v=fb358534:24
handleMissing @ vue-i18n.js?v=fb358534:2724
resolveMessageFormat @ vue-i18n.js?v=fb358534:3046
translate @ vue-i18n.js?v=fb358534:2924
(anonymous) @ vue-i18n.js?v=fb358534:4120
wrapWithDeps @ vue-i18n.js?v=fb358534:4081
t @ vue-i18n.js?v=fb358534:4120
(anonymous) @ Index.vue:340
renderFnWithContext @ chunk-3VLAASFC.js?v=fb358534:2967
renderSlot @ chunk-3VLAASFC.js?v=fb358534:5290
(anonymous) @ VesselLayout.vue:5
renderFnWithContext @ chunk-3VLAASFC.js?v=fb358534:2967
renderSlot @ chunk-3VLAASFC.js?v=fb358534:5290
(anonymous) @ AppSidebarLayout.vue:23
renderFnWithContext @ chunk-3VLAASFC.js?v=fb358534:2967
renderSlot @ chunk-3VLAASFC.js?v=fb358534:5290
(anonymous) @ AppContent.vue:16
renderFnWithContext @ chunk-3VLAASFC.js?v=fb358534:2967
renderSlot @ chunk-3VLAASFC.js?v=fb358534:5290
_sfc_render @ SidebarInset.vue:19
renderComponentRoot @ chunk-3VLAASFC.js?v=fb358534:8849
componentUpdateFn @ chunk-3VLAASFC.js?v=fb358534:7641
run @ chunk-3VLAASFC.js?v=fb358534:683
setupRenderEffect @ chunk-3VLAASFC.js?v=fb358534:7776
mountComponent @ chunk-3VLAASFC.js?v=fb358534:7550
processComponent @ chunk-3VLAASFC.js?v=fb358534:7502
patch @ chunk-3VLAASFC.js?v=fb358534:7016
componentUpdateFn @ chunk-3VLAASFC.js?v=fb358534:7648
run @ chunk-3VLAASFC.js?v=fb358534:683
setupRenderEffect @ chunk-3VLAASFC.js?v=fb358534:7776
mountComponent @ chunk-3VLAASFC.js?v=fb358534:7550
processComponent @ chunk-3VLAASFC.js?v=fb358534:7502
patch @ chunk-3VLAASFC.js?v=fb358534:7016
mountChildren @ chunk-3VLAASFC.js?v=fb358534:7250
processFragment @ chunk-3VLAASFC.js?v=fb358534:7432
patch @ chunk-3VLAASFC.js?v=fb358534:6990
mountChildren @ chunk-3VLAASFC.js?v=fb358534:7250
processFragment @ chunk-3VLAASFC.js?v=fb358534:7432
patch @ chunk-3VLAASFC.js?v=fb358534:6990
mountChildren @ chunk-3VLAASFC.js?v=fb358534:7250
mountElement @ chunk-3VLAASFC.js?v=fb358534:7173
processElement @ chunk-3VLAASFC.js?v=fb358534:7138
patch @ chunk-3VLAASFC.js?v=fb358534:7004
mountChildren @ chunk-3VLAASFC.js?v=fb358534:7250
processFragment @ chunk-3VLAASFC.js?v=fb358534:7432
patch @ chunk-3VLAASFC.js?v=fb358534:6990
componentUpdateFn @ chunk-3VLAASFC.js?v=fb358534:7648
run @ chunk-3VLAASFC.js?v=fb358534:683
setupRenderEffect @ chunk-3VLAASFC.js?v=fb358534:7776
mountComponent @ chunk-3VLAASFC.js?v=fb358534:7550
processComponent @ chunk-3VLAASFC.js?v=fb358534:7502
patch @ chunk-3VLAASFC.js?v=fb358534:7016
componentUpdateFn @ chunk-3VLAASFC.js?v=fb358534:7648
run @ chunk-3VLAASFC.js?v=fb358534:683
setupRenderEffect @ chunk-3VLAASFC.js?v=fb358534:7776
mountComponent @ chunk-3VLAASFC.js?v=fb358534:7550
processComponent @ chunk-3VLAASFC.js?v=fb358534:7502
patch @ chunk-3VLAASFC.js?v=fb358534:7016
componentUpdateFn @ chunk-3VLAASFC.js?v=fb358534:7648
run @ chunk-3VLAASFC.js?v=fb358534:683
setupRenderEffect @ chunk-3VLAASFC.js?v=fb358534:7776
mountComponent @ chunk-3VLAASFC.js?v=fb358534:7550
processComponent @ chunk-3VLAASFC.js?v=fb358534:7502
patch @ chunk-3VLAASFC.js?v=fb358534:7016
componentUpdateFn @ chunk-3VLAASFC.js?v=fb358534:7648
run @ chunk-3VLAASFC.js?v=fb358534:683
setupRenderEffect @ chunk-3VLAASFC.js?v=fb358534:7776
mountComponent @ chunk-3VLAASFC.js?v=fb358534:7550
processComponent @ chunk-3VLAASFC.js?v=fb358534:7502
patch @ chunk-3VLAASFC.js?v=fb358534:7016
mountChildren @ chunk-3VLAASFC.js?v=fb358534:7250
mountElement @ chunk-3VLAASFC.js?v=fb358534:7173
processElement @ chunk-3VLAASFC.js?v=fb358534:7138
patch @ chunk-3VLAASFC.js?v=fb358534:7004
componentUpdateFn @ chunk-3VLAASFC.js?v=fb358534:7648
run @ chunk-3VLAASFC.js?v=fb358534:683
setupRenderEffect @ chunk-3VLAASFC.js?v=fb358534:7776
mountComponent @ chunk-3VLAASFC.js?v=fb358534:7550
processComponent @ chunk-3VLAASFC.js?v=fb358534:7502
patch @ chunk-3VLAASFC.js?v=fb358534:7016
mountChildren @ chunk-3VLAASFC.js?v=fb358534:7250
processFragment @ chunk-3VLAASFC.js?v=fb358534:7432
patch @ chunk-3VLAASFC.js?v=fb358534:6990
componentUpdateFn @ chunk-3VLAASFC.js?v=fb358534:7648
run @ chunk-3VLAASFC.js?v=fb358534:683
setupRenderEffect @ chunk-3VLAASFC.js?v=fb358534:7776
mountComponent @ chunk-3VLAASFC.js?v=fb358534:7550
processComponent @ chunk-3VLAASFC.js?v=fb358534:7502
patch @ chunk-3VLAASFC.js?v=fb358534:7016
componentUpdateFn @ chunk-3VLAASFC.js?v=fb358534:7728
run @ chunk-3VLAASFC.js?v=fb358534:683
runIfDirty @ chunk-3VLAASFC.js?v=fb358534:721
callWithErrorHandling @ chunk-3VLAASFC.js?v=fb358534:2467
flushJobs @ chunk-3VLAASFC.js?v=fb358534:2675
Promise.then
queueFlush @ chunk-3VLAASFC.js?v=fb358534:2589
queueJob @ chunk-3VLAASFC.js?v=fb358534:2584
effect2.scheduler @ chunk-3VLAASFC.js?v=fb358534:7770
trigger @ chunk-3VLAASFC.js?v=fb358534:711
endBatch @ chunk-3VLAASFC.js?v=fb358534:769
notify @ chunk-3VLAASFC.js?v=fb358534:1031
trigger @ chunk-3VLAASFC.js?v=fb358534:1005
set value @ chunk-3VLAASFC.js?v=fb358534:1877
swapComponent @ @inertiajs_vue3.js?v=fb358534:315
swap @ chunk-DTND7MSH.js?v=fb358534:9548
(anonymous) @ chunk-DTND7MSH.js?v=fb358534:9501
Promise.then
(anonymous) @ chunk-DTND7MSH.js?v=fb358534:9490
Promise.then
set @ chunk-DTND7MSH.js?v=fb358534:9481
setPage @ chunk-DTND7MSH.js?v=fb358534:10532
await in setPage
process @ chunk-DTND7MSH.js?v=fb358534:10459
await in process
(anonymous) @ chunk-DTND7MSH.js?v=fb358534:10444
processNext @ chunk-DTND7MSH.js?v=fb358534:9585
process @ chunk-DTND7MSH.js?v=fb358534:9577
add @ chunk-DTND7MSH.js?v=fb358534:9574
handle @ chunk-DTND7MSH.js?v=fb358534:10444
(anonymous) @ chunk-DTND7MSH.js?v=fb358534:10684
Promise.then
send @ chunk-DTND7MSH.js?v=fb358534:10682
send @ chunk-DTND7MSH.js?v=fb358534:10759
visit @ chunk-DTND7MSH.js?v=fb358534:10891
onClick @ @inertiajs_vue3.js?v=fb358534:983
(anonymous) @ chunk-3VLAASFC.js?v=fb358534:11503
callWithErrorHandling @ chunk-3VLAASFC.js?v=fb358534:2467
callWithAsyncErrorHandling @ chunk-3VLAASFC.js?v=fb358534:2474
callWithAsyncErrorHandling @ chunk-3VLAASFC.js?v=fb358534:2485
invoker @ chunk-3VLAASFC.js?v=fb358534:11474
Index.vue:340 [intlify] Fall back to translate 'Search' key with 'en' locale.
overrideMethod @ hook.js:608
warn @ vue-i18n.js?v=fb358534:24
resolveMessageFormat @ vue-i18n.js?v=fb358534:2995
translate @ vue-i18n.js?v=fb358534:2924
(anonymous) @ vue-i18n.js?v=fb358534:4120
wrapWithDeps @ vue-i18n.js?v=fb358534:4081
t @ vue-i18n.js?v=fb358534:4120
(anonymous) @ Index.vue:340
renderFnWithContext @ chunk-3VLAASFC.js?v=fb358534:2967
renderSlot @ chunk-3VLAASFC.js?v=fb358534:5290
(anonymous) @ VesselLayout.vue:5
renderFnWithContext @ chunk-3VLAASFC.js?v=fb358534:2967
renderSlot @ chunk-3VLAASFC.js?v=fb358534:5290
(anonymous) @ AppSidebarLayout.vue:23
renderFnWithContext @ chunk-3VLAASFC.js?v=fb358534:2967
renderSlot @ chunk-3VLAASFC.js?v=fb358534:5290
(anonymous) @ AppContent.vue:16
renderFnWithContext @ chunk-3VLAASFC.js?v=fb358534:2967
renderSlot @ chunk-3VLAASFC.js?v=fb358534:5290
_sfc_render @ SidebarInset.vue:19
renderComponentRoot @ chunk-3VLAASFC.js?v=fb358534:8849
componentUpdateFn @ chunk-3VLAASFC.js?v=fb358534:7641
run @ chunk-3VLAASFC.js?v=fb358534:683
setupRenderEffect @ chunk-3VLAASFC.js?v=fb358534:7776
mountComponent @ chunk-3VLAASFC.js?v=fb358534:7550
processComponent @ chunk-3VLAASFC.js?v=fb358534:7502
patch @ chunk-3VLAASFC.js?v=fb358534:7016
componentUpdateFn @ chunk-3VLAASFC.js?v=fb358534:7648
run @ chunk-3VLAASFC.js?v=fb358534:683
setupRenderEffect @ chunk-3VLAASFC.js?v=fb358534:7776
mountComponent @ chunk-3VLAASFC.js?v=fb358534:7550
processComponent @ chunk-3VLAASFC.js?v=fb358534:7502
patch @ chunk-3VLAASFC.js?v=fb358534:7016
mountChildren @ chunk-3VLAASFC.js?v=fb358534:7250
processFragment @ chunk-3VLAASFC.js?v=fb358534:7432
patch @ chunk-3VLAASFC.js?v=fb358534:6990
mountChildren @ chunk-3VLAASFC.js?v=fb358534:7250
processFragment @ chunk-3VLAASFC.js?v=fb358534:7432
patch @ chunk-3VLAASFC.js?v=fb358534:6990
mountChildren @ chunk-3VLAASFC.js?v=fb358534:7250
mountElement @ chunk-3VLAASFC.js?v=fb358534:7173
processElement @ chunk-3VLAASFC.js?v=fb358534:7138
patch @ chunk-3VLAASFC.js?v=fb358534:7004
mountChildren @ chunk-3VLAASFC.js?v=fb358534:7250
processFragment @ chunk-3VLAASFC.js?v=fb358534:7432
patch @ chunk-3VLAASFC.js?v=fb358534:6990
componentUpdateFn @ chunk-3VLAASFC.js?v=fb358534:7648
run @ chunk-3VLAASFC.js?v=fb358534:683
setupRenderEffect @ chunk-3VLAASFC.js?v=fb358534:7776
mountComponent @ chunk-3VLAASFC.js?v=fb358534:7550
processComponent @ chunk-3VLAASFC.js?v=fb358534:7502
patch @ chunk-3VLAASFC.js?v=fb358534:7016
componentUpdateFn @ chunk-3VLAASFC.js?v=fb358534:7648
run @ chunk-3VLAASFC.js?v=fb358534:683
setupRenderEffect @ chunk-3VLAASFC.js?v=fb358534:7776
mountComponent @ chunk-3VLAASFC.js?v=fb358534:7550
processComponent @ chunk-3VLAASFC.js?v=fb358534:7502
patch @ chunk-3VLAASFC.js?v=fb358534:7016
componentUpdateFn @ chunk-3VLAASFC.js?v=fb358534:7648
run @ chunk-3VLAASFC.js?v=fb358534:683
setupRenderEffect @ chunk-3VLAASFC.js?v=fb358534:7776
mountComponent @ chunk-3VLAASFC.js?v=fb358534:7550
processComponent @ chunk-3VLAASFC.js?v=fb358534:7502
patch @ chunk-3VLAASFC.js?v=fb358534:7016
componentUpdateFn @ chunk-3VLAASFC.js?v=fb358534:7648
run @ chunk-3VLAASFC.js?v=fb358534:683
setupRenderEffect @ chunk-3VLAASFC.js?v=fb358534:7776
mountComponent @ chunk-3VLAASFC.js?v=fb358534:7550
processComponent @ chunk-3VLAASFC.js?v=fb358534:7502
patch @ chunk-3VLAASFC.js?v=fb358534:7016
mountChildren @ chunk-3VLAASFC.js?v=fb358534:7250
mountElement @ chunk-3VLAASFC.js?v=fb358534:7173
processElement @ chunk-3VLAASFC.js?v=fb358534:7138
patch @ chunk-3VLAASFC.js?v=fb358534:7004
componentUpdateFn @ chunk-3VLAASFC.js?v=fb358534:7648
run @ chunk-3VLAASFC.js?v=fb358534:683
setupRenderEffect @ chunk-3VLAASFC.js?v=fb358534:7776
mountComponent @ chunk-3VLAASFC.js?v=fb358534:7550
processComponent @ chunk-3VLAASFC.js?v=fb358534:7502
patch @ chunk-3VLAASFC.js?v=fb358534:7016
mountChildren @ chunk-3VLAASFC.js?v=fb358534:7250
processFragment @ chunk-3VLAASFC.js?v=fb358534:7432
patch @ chunk-3VLAASFC.js?v=fb358534:6990
componentUpdateFn @ chunk-3VLAASFC.js?v=fb358534:7648
run @ chunk-3VLAASFC.js?v=fb358534:683
setupRenderEffect @ chunk-3VLAASFC.js?v=fb358534:7776
mountComponent @ chunk-3VLAASFC.js?v=fb358534:7550
processComponent @ chunk-3VLAASFC.js?v=fb358534:7502
patch @ chunk-3VLAASFC.js?v=fb358534:7016
componentUpdateFn @ chunk-3VLAASFC.js?v=fb358534:7728
run @ chunk-3VLAASFC.js?v=fb358534:683
runIfDirty @ chunk-3VLAASFC.js?v=fb358534:721
callWithErrorHandling @ chunk-3VLAASFC.js?v=fb358534:2467
flushJobs @ chunk-3VLAASFC.js?v=fb358534:2675
Promise.then
queueFlush @ chunk-3VLAASFC.js?v=fb358534:2589
queueJob @ chunk-3VLAASFC.js?v=fb358534:2584
effect2.scheduler @ chunk-3VLAASFC.js?v=fb358534:7770
trigger @ chunk-3VLAASFC.js?v=fb358534:711
endBatch @ chunk-3VLAASFC.js?v=fb358534:769
notify @ chunk-3VLAASFC.js?v=fb358534:1031
trigger @ chunk-3VLAASFC.js?v=fb358534:1005
set value @ chunk-3VLAASFC.js?v=fb358534:1877
swapComponent @ @inertiajs_vue3.js?v=fb358534:315
swap @ chunk-DTND7MSH.js?v=fb358534:9548
(anonymous) @ chunk-DTND7MSH.js?v=fb358534:9501
Promise.then
(anonymous) @ chunk-DTND7MSH.js?v=fb358534:9490
Promise.then
set @ chunk-DTND7MSH.js?v=fb358534:9481
setPage @ chunk-DTND7MSH.js?v=fb358534:10532
await in setPage
process @ chunk-DTND7MSH.js?v=fb358534:10459
await in process
(anonymous) @ chunk-DTND7MSH.js?v=fb358534:10444
processNext @ chunk-DTND7MSH.js?v=fb358534:9585
process @ chunk-DTND7MSH.js?v=fb358534:9577
add @ chunk-DTND7MSH.js?v=fb358534:9574
handle @ chunk-DTND7MSH.js?v=fb358534:10444
(anonymous) @ chunk-DTND7MSH.js?v=fb358534:10684
Promise.then
send @ chunk-DTND7MSH.js?v=fb358534:10682
send @ chunk-DTND7MSH.js?v=fb358534:10759
visit @ chunk-DTND7MSH.js?v=fb358534:10891
onClick @ @inertiajs_vue3.js?v=fb358534:983
(anonymous) @ chunk-3VLAASFC.js?v=fb358534:11503
callWithErrorHandling @ chunk-3VLAASFC.js?v=fb358534:2467
callWithAsyncErrorHandling @ chunk-3VLAASFC.js?v=fb358534:2474
callWithAsyncErrorHandling @ chunk-3VLAASFC.js?v=fb358534:2485
invoker @ chunk-3VLAASFC.js?v=fb358534:11474
Index.vue:340 [intlify] Not found 'Search' key in 'en' locale messages.
overrideMethod @ hook.js:608
warn @ vue-i18n.js?v=fb358534:24
handleMissing @ vue-i18n.js?v=fb358534:2724
resolveMessageFormat @ vue-i18n.js?v=fb358534:3046
translate @ vue-i18n.js?v=fb358534:2924
(anonymous) @ vue-i18n.js?v=fb358534:4120
wrapWithDeps @ vue-i18n.js?v=fb358534:4081
t @ vue-i18n.js?v=fb358534:4120
(anonymous) @ Index.vue:340
renderFnWithContext @ chunk-3VLAASFC.js?v=fb358534:2967
renderSlot @ chunk-3VLAASFC.js?v=fb358534:5290
(anonymous) @ VesselLayout.vue:5
renderFnWithContext @ chunk-3VLAASFC.js?v=fb358534:2967
renderSlot @ chunk-3VLAASFC.js?v=fb358534:5290
(anonymous) @ AppSidebarLayout.vue:23
renderFnWithContext @ chunk-3VLAASFC.js?v=fb358534:2967
renderSlot @ chunk-3VLAASFC.js?v=fb358534:5290
(anonymous) @ AppContent.vue:16
renderFnWithContext @ chunk-3VLAASFC.js?v=fb358534:2967
renderSlot @ chunk-3VLAASFC.js?v=fb358534:5290
_sfc_render @ SidebarInset.vue:19
renderComponentRoot @ chunk-3VLAASFC.js?v=fb358534:8849
componentUpdateFn @ chunk-3VLAASFC.js?v=fb358534:7641
run @ chunk-3VLAASFC.js?v=fb358534:683
setupRenderEffect @ chunk-3VLAASFC.js?v=fb358534:7776
mountComponent @ chunk-3VLAASFC.js?v=fb358534:7550
processComponent @ chunk-3VLAASFC.js?v=fb358534:7502
patch @ chunk-3VLAASFC.js?v=fb358534:7016
componentUpdateFn @ chunk-3VLAASFC.js?v=fb358534:7648
run @ chunk-3VLAASFC.js?v=fb358534:683
setupRenderEffect @ chunk-3VLAASFC.js?v=fb358534:7776
mountComponent @ chunk-3VLAASFC.js?v=fb358534:7550
processComponent @ chunk-3VLAASFC.js?v=fb358534:7502
patch @ chunk-3VLAASFC.js?v=fb358534:7016
mountChildren @ chunk-3VLAASFC.js?v=fb358534:7250
processFragment @ chunk-3VLAASFC.js?v=fb358534:7432
patch @ chunk-3VLAASFC.js?v=fb358534:6990
mountChildren @ chunk-3VLAASFC.js?v=fb358534:7250
processFragment @ chunk-3VLAASFC.js?v=fb358534:7432
patch @ chunk-3VLAASFC.js?v=fb358534:6990
mountChildren @ chunk-3VLAASFC.js?v=fb358534:7250
mountElement @ chunk-3VLAASFC.js?v=fb358534:7173
processElement @ chunk-3VLAASFC.js?v=fb358534:7138
patch @ chunk-3VLAASFC.js?v=fb358534:7004
mountChildren @ chunk-3VLAASFC.js?v=fb358534:7250
processFragment @ chunk-3VLAASFC.js?v=fb358534:7432
patch @ chunk-3VLAASFC.js?v=fb358534:6990
componentUpdateFn @ chunk-3VLAASFC.js?v=fb358534:7648
run @ chunk-3VLAASFC.js?v=fb358534:683
setupRenderEffect @ chunk-3VLAASFC.js?v=fb358534:7776
mountComponent @ chunk-3VLAASFC.js?v=fb358534:7550
processComponent @ chunk-3VLAASFC.js?v=fb358534:7502
patch @ chunk-3VLAASFC.js?v=fb358534:7016
componentUpdateFn @ chunk-3VLAASFC.js?v=fb358534:7648
run @ chunk-3VLAASFC.js?v=fb358534:683
setupRenderEffect @ chunk-3VLAASFC.js?v=fb358534:7776
mountComponent @ chunk-3VLAASFC.js?v=fb358534:7550
processComponent @ chunk-3VLAASFC.js?v=fb358534:7502
patch @ chunk-3VLAASFC.js?v=fb358534:7016
componentUpdateFn @ chunk-3VLAASFC.js?v=fb358534:7648
run @ chunk-3VLAASFC.js?v=fb358534:683
setupRenderEffect @ chunk-3VLAASFC.js?v=fb358534:7776
mountComponent @ chunk-3VLAASFC.js?v=fb358534:7550
processComponent @ chunk-3VLAASFC.js?v=fb358534:7502
patch @ chunk-3VLAASFC.js?v=fb358534:7016
componentUpdateFn @ chunk-3VLAASFC.js?v=fb358534:7648
run @ chunk-3VLAASFC.js?v=fb358534:683
setupRenderEffect @ chunk-3VLAASFC.js?v=fb358534:7776
mountComponent @ chunk-3VLAASFC.js?v=fb358534:7550
processComponent @ chunk-3VLAASFC.js?v=fb358534:7502
patch @ chunk-3VLAASFC.js?v=fb358534:7016
mountChildren @ chunk-3VLAASFC.js?v=fb358534:7250
mountElement @ chunk-3VLAASFC.js?v=fb358534:7173
processElement @ chunk-3VLAASFC.js?v=fb358534:7138
patch @ chunk-3VLAASFC.js?v=fb358534:7004
componentUpdateFn @ chunk-3VLAASFC.js?v=fb358534:7648
run @ chunk-3VLAASFC.js?v=fb358534:683
setupRenderEffect @ chunk-3VLAASFC.js?v=fb358534:7776
mountComponent @ chunk-3VLAASFC.js?v=fb358534:7550
processComponent @ chunk-3VLAASFC.js?v=fb358534:7502
patch @ chunk-3VLAASFC.js?v=fb358534:7016
mountChildren @ chunk-3VLAASFC.js?v=fb358534:7250
processFragment @ chunk-3VLAASFC.js?v=fb358534:7432
patch @ chunk-3VLAASFC.js?v=fb358534:6990
componentUpdateFn @ chunk-3VLAASFC.js?v=fb358534:7648
run @ chunk-3VLAASFC.js?v=fb358534:683
setupRenderEffect @ chunk-3VLAASFC.js?v=fb358534:7776
mountComponent @ chunk-3VLAASFC.js?v=fb358534:7550
processComponent @ chunk-3VLAASFC.js?v=fb358534:7502
patch @ chunk-3VLAASFC.js?v=fb358534:7016
componentUpdateFn @ chunk-3VLAASFC.js?v=fb358534:7728
run @ chunk-3VLAASFC.js?v=fb358534:683
runIfDirty @ chunk-3VLAASFC.js?v=fb358534:721
callWithErrorHandling @ chunk-3VLAASFC.js?v=fb358534:2467
flushJobs @ chunk-3VLAASFC.js?v=fb358534:2675
Promise.then
queueFlush @ chunk-3VLAASFC.js?v=fb358534:2589
queueJob @ chunk-3VLAASFC.js?v=fb358534:2584
effect2.scheduler @ chunk-3VLAASFC.js?v=fb358534:7770
trigger @ chunk-3VLAASFC.js?v=fb358534:711
endBatch @ chunk-3VLAASFC.js?v=fb358534:769
notify @ chunk-3VLAASFC.js?v=fb358534:1031
trigger @ chunk-3VLAASFC.js?v=fb358534:1005
set value @ chunk-3VLAASFC.js?v=fb358534:1877
swapComponent @ @inertiajs_vue3.js?v=fb358534:315
swap @ chunk-DTND7MSH.js?v=fb358534:9548
(anonymous) @ chunk-DTND7MSH.js?v=fb358534:9501
Promise.then
(anonymous) @ chunk-DTND7MSH.js?v=fb358534:9490
Promise.then
set @ chunk-DTND7MSH.js?v=fb358534:9481
setPage @ chunk-DTND7MSH.js?v=fb358534:10532
await in setPage
process @ chunk-DTND7MSH.js?v=fb358534:10459
await in process
(anonymous) @ chunk-DTND7MSH.js?v=fb358534:10444
processNext @ chunk-DTND7MSH.js?v=fb358534:9585
process @ chunk-DTND7MSH.js?v=fb358534:9577
add @ chunk-DTND7MSH.js?v=fb358534:9574
handle @ chunk-DTND7MSH.js?v=fb358534:10444
(anonymous) @ chunk-DTND7MSH.js?v=fb358534:10684
Promise.then
send @ chunk-DTND7MSH.js?v=fb358534:10682
send @ chunk-DTND7MSH.js?v=fb358534:10759
visit @ chunk-DTND7MSH.js?v=fb358534:10891
onClick @ @inertiajs_vue3.js?v=fb358534:983
(anonymous) @ chunk-3VLAASFC.js?v=fb358534:11503
callWithErrorHandling @ chunk-3VLAASFC.js?v=fb358534:2467
callWithAsyncErrorHandling @ chunk-3VLAASFC.js?v=fb358534:2474
callWithAsyncErrorHandling @ chunk-3VLAASFC.js?v=fb358534:2485
invoker @ chunk-3VLAASFC.js?v=fb358534:11474
Index.vue:484 [intlify] Not found 'This action cannot be undone. All items in the recycle bin will be permanently deleted.' key in 'pt' locale messages.
overrideMethod @ hook.js:608
warn @ vue-i18n.js?v=fb358534:24
handleMissing @ vue-i18n.js?v=fb358534:2724
resolveMessageFormat @ vue-i18n.js?v=fb358534:3046
translate @ vue-i18n.js?v=fb358534:2924
(anonymous) @ vue-i18n.js?v=fb358534:4120
wrapWithDeps @ vue-i18n.js?v=fb358534:4081
t @ vue-i18n.js?v=fb358534:4120
(anonymous) @ Index.vue:484
renderFnWithContext @ chunk-3VLAASFC.js?v=fb358534:2967
renderSlot @ chunk-3VLAASFC.js?v=fb358534:5290
(anonymous) @ VesselLayout.vue:5
renderFnWithContext @ chunk-3VLAASFC.js?v=fb358534:2967
renderSlot @ chunk-3VLAASFC.js?v=fb358534:5290
(anonymous) @ AppSidebarLayout.vue:23
renderFnWithContext @ chunk-3VLAASFC.js?v=fb358534:2967
renderSlot @ chunk-3VLAASFC.js?v=fb358534:5290
(anonymous) @ AppContent.vue:16
renderFnWithContext @ chunk-3VLAASFC.js?v=fb358534:2967
renderSlot @ chunk-3VLAASFC.js?v=fb358534:5290
_sfc_render @ SidebarInset.vue:19
renderComponentRoot @ chunk-3VLAASFC.js?v=fb358534:8849
componentUpdateFn @ chunk-3VLAASFC.js?v=fb358534:7641
run @ chunk-3VLAASFC.js?v=fb358534:683
setupRenderEffect @ chunk-3VLAASFC.js?v=fb358534:7776
mountComponent @ chunk-3VLAASFC.js?v=fb358534:7550
processComponent @ chunk-3VLAASFC.js?v=fb358534:7502
patch @ chunk-3VLAASFC.js?v=fb358534:7016
componentUpdateFn @ chunk-3VLAASFC.js?v=fb358534:7648
run @ chunk-3VLAASFC.js?v=fb358534:683
setupRenderEffect @ chunk-3VLAASFC.js?v=fb358534:7776
mountComponent @ chunk-3VLAASFC.js?v=fb358534:7550
processComponent @ chunk-3VLAASFC.js?v=fb358534:7502
patch @ chunk-3VLAASFC.js?v=fb358534:7016
mountChildren @ chunk-3VLAASFC.js?v=fb358534:7250
processFragment @ chunk-3VLAASFC.js?v=fb358534:7432
patch @ chunk-3VLAASFC.js?v=fb358534:6990
mountChildren @ chunk-3VLAASFC.js?v=fb358534:7250
processFragment @ chunk-3VLAASFC.js?v=fb358534:7432
patch @ chunk-3VLAASFC.js?v=fb358534:6990
mountChildren @ chunk-3VLAASFC.js?v=fb358534:7250
mountElement @ chunk-3VLAASFC.js?v=fb358534:7173
processElement @ chunk-3VLAASFC.js?v=fb358534:7138
patch @ chunk-3VLAASFC.js?v=fb358534:7004
mountChildren @ chunk-3VLAASFC.js?v=fb358534:7250
processFragment @ chunk-3VLAASFC.js?v=fb358534:7432
patch @ chunk-3VLAASFC.js?v=fb358534:6990
componentUpdateFn @ chunk-3VLAASFC.js?v=fb358534:7648
run @ chunk-3VLAASFC.js?v=fb358534:683
setupRenderEffect @ chunk-3VLAASFC.js?v=fb358534:7776
mountComponent @ chunk-3VLAASFC.js?v=fb358534:7550
processComponent @ chunk-3VLAASFC.js?v=fb358534:7502
patch @ chunk-3VLAASFC.js?v=fb358534:7016
componentUpdateFn @ chunk-3VLAASFC.js?v=fb358534:7648
run @ chunk-3VLAASFC.js?v=fb358534:683
setupRenderEffect @ chunk-3VLAASFC.js?v=fb358534:7776
mountComponent @ chunk-3VLAASFC.js?v=fb358534:7550
processComponent @ chunk-3VLAASFC.js?v=fb358534:7502
patch @ chunk-3VLAASFC.js?v=fb358534:7016
componentUpdateFn @ chunk-3VLAASFC.js?v=fb358534:7648
run @ chunk-3VLAASFC.js?v=fb358534:683
setupRenderEffect @ chunk-3VLAASFC.js?v=fb358534:7776
mountComponent @ chunk-3VLAASFC.js?v=fb358534:7550
processComponent @ chunk-3VLAASFC.js?v=fb358534:7502
patch @ chunk-3VLAASFC.js?v=fb358534:7016
componentUpdateFn @ chunk-3VLAASFC.js?v=fb358534:7648
run @ chunk-3VLAASFC.js?v=fb358534:683
setupRenderEffect @ chunk-3VLAASFC.js?v=fb358534:7776
mountComponent @ chunk-3VLAASFC.js?v=fb358534:7550
processComponent @ chunk-3VLAASFC.js?v=fb358534:7502
patch @ chunk-3VLAASFC.js?v=fb358534:7016
mountChildren @ chunk-3VLAASFC.js?v=fb358534:7250
mountElement @ chunk-3VLAASFC.js?v=fb358534:7173
processElement @ chunk-3VLAASFC.js?v=fb358534:7138
patch @ chunk-3VLAASFC.js?v=fb358534:7004
componentUpdateFn @ chunk-3VLAASFC.js?v=fb358534:7648
run @ chunk-3VLAASFC.js?v=fb358534:683
setupRenderEffect @ chunk-3VLAASFC.js?v=fb358534:7776
mountComponent @ chunk-3VLAASFC.js?v=fb358534:7550
processComponent @ chunk-3VLAASFC.js?v=fb358534:7502
patch @ chunk-3VLAASFC.js?v=fb358534:7016
mountChildren @ chunk-3VLAASFC.js?v=fb358534:7250
processFragment @ chunk-3VLAASFC.js?v=fb358534:7432
patch @ chunk-3VLAASFC.js?v=fb358534:6990
componentUpdateFn @ chunk-3VLAASFC.js?v=fb358534:7648
run @ chunk-3VLAASFC.js?v=fb358534:683
setupRenderEffect @ chunk-3VLAASFC.js?v=fb358534:7776
mountComponent @ chunk-3VLAASFC.js?v=fb358534:7550
processComponent @ chunk-3VLAASFC.js?v=fb358534:7502
patch @ chunk-3VLAASFC.js?v=fb358534:7016
componentUpdateFn @ chunk-3VLAASFC.js?v=fb358534:7728
run @ chunk-3VLAASFC.js?v=fb358534:683
runIfDirty @ chunk-3VLAASFC.js?v=fb358534:721
callWithErrorHandling @ chunk-3VLAASFC.js?v=fb358534:2467
flushJobs @ chunk-3VLAASFC.js?v=fb358534:2675
Promise.then
queueFlush @ chunk-3VLAASFC.js?v=fb358534:2589
queueJob @ chunk-3VLAASFC.js?v=fb358534:2584
effect2.scheduler @ chunk-3VLAASFC.js?v=fb358534:7770
trigger @ chunk-3VLAASFC.js?v=fb358534:711
endBatch @ chunk-3VLAASFC.js?v=fb358534:769
notify @ chunk-3VLAASFC.js?v=fb358534:1031
trigger @ chunk-3VLAASFC.js?v=fb358534:1005
set value @ chunk-3VLAASFC.js?v=fb358534:1877
swapComponent @ @inertiajs_vue3.js?v=fb358534:315
swap @ chunk-DTND7MSH.js?v=fb358534:9548
(anonymous) @ chunk-DTND7MSH.js?v=fb358534:9501
Promise.then
(anonymous) @ chunk-DTND7MSH.js?v=fb358534:9490
Promise.then
set @ chunk-DTND7MSH.js?v=fb358534:9481
setPage @ chunk-DTND7MSH.js?v=fb358534:10532
await in setPage
process @ chunk-DTND7MSH.js?v=fb358534:10459
await in process
(anonymous) @ chunk-DTND7MSH.js?v=fb358534:10444
processNext @ chunk-DTND7MSH.js?v=fb358534:9585
process @ chunk-DTND7MSH.js?v=fb358534:9577
add @ chunk-DTND7MSH.js?v=fb358534:9574
handle @ chunk-DTND7MSH.js?v=fb358534:10444
(anonymous) @ chunk-DTND7MSH.js?v=fb358534:10684
Promise.then
send @ chunk-DTND7MSH.js?v=fb358534:10682
send @ chunk-DTND7MSH.js?v=fb358534:10759
visit @ chunk-DTND7MSH.js?v=fb358534:10891
onClick @ @inertiajs_vue3.js?v=fb358534:983
(anonymous) @ chunk-3VLAASFC.js?v=fb358534:11503
callWithErrorHandling @ chunk-3VLAASFC.js?v=fb358534:2467
callWithAsyncErrorHandling @ chunk-3VLAASFC.js?v=fb358534:2474
callWithAsyncErrorHandling @ chunk-3VLAASFC.js?v=fb358534:2485
invoker @ chunk-3VLAASFC.js?v=fb358534:11474
Index.vue:484 [intlify] Fall back to translate 'This action cannot be undone. All items in the recycle bin will be permanently deleted.' key with 'en' locale.
overrideMethod @ hook.js:608
warn @ vue-i18n.js?v=fb358534:24
resolveMessageFormat @ vue-i18n.js?v=fb358534:2995
translate @ vue-i18n.js?v=fb358534:2924
(anonymous) @ vue-i18n.js?v=fb358534:4120
wrapWithDeps @ vue-i18n.js?v=fb358534:4081
t @ vue-i18n.js?v=fb358534:4120
(anonymous) @ Index.vue:484
renderFnWithContext @ chunk-3VLAASFC.js?v=fb358534:2967
renderSlot @ chunk-3VLAASFC.js?v=fb358534:5290
(anonymous) @ VesselLayout.vue:5
renderFnWithContext @ chunk-3VLAASFC.js?v=fb358534:2967
renderSlot @ chunk-3VLAASFC.js?v=fb358534:5290
(anonymous) @ AppSidebarLayout.vue:23
renderFnWithContext @ chunk-3VLAASFC.js?v=fb358534:2967
renderSlot @ chunk-3VLAASFC.js?v=fb358534:5290
(anonymous) @ AppContent.vue:16
renderFnWithContext @ chunk-3VLAASFC.js?v=fb358534:2967
renderSlot @ chunk-3VLAASFC.js?v=fb358534:5290
_sfc_render @ SidebarInset.vue:19
renderComponentRoot @ chunk-3VLAASFC.js?v=fb358534:8849
componentUpdateFn @ chunk-3VLAASFC.js?v=fb358534:7641
run @ chunk-3VLAASFC.js?v=fb358534:683
setupRenderEffect @ chunk-3VLAASFC.js?v=fb358534:7776
mountComponent @ chunk-3VLAASFC.js?v=fb358534:7550
processComponent @ chunk-3VLAASFC.js?v=fb358534:7502
patch @ chunk-3VLAASFC.js?v=fb358534:7016
componentUpdateFn @ chunk-3VLAASFC.js?v=fb358534:7648
run @ chunk-3VLAASFC.js?v=fb358534:683
setupRenderEffect @ chunk-3VLAASFC.js?v=fb358534:7776
mountComponent @ chunk-3VLAASFC.js?v=fb358534:7550
processComponent @ chunk-3VLAASFC.js?v=fb358534:7502
patch @ chunk-3VLAASFC.js?v=fb358534:7016
mountChildren @ chunk-3VLAASFC.js?v=fb358534:7250
processFragment @ chunk-3VLAASFC.js?v=fb358534:7432
patch @ chunk-3VLAASFC.js?v=fb358534:6990
mountChildren @ chunk-3VLAASFC.js?v=fb358534:7250
processFragment @ chunk-3VLAASFC.js?v=fb358534:7432
patch @ chunk-3VLAASFC.js?v=fb358534:6990
mountChildren @ chunk-3VLAASFC.js?v=fb358534:7250
mountElement @ chunk-3VLAASFC.js?v=fb358534:7173
processElement @ chunk-3VLAASFC.js?v=fb358534:7138
patch @ chunk-3VLAASFC.js?v=fb358534:7004
mountChildren @ chunk-3VLAASFC.js?v=fb358534:7250
processFragment @ chunk-3VLAASFC.js?v=fb358534:7432
patch @ chunk-3VLAASFC.js?v=fb358534:6990
componentUpdateFn @ chunk-3VLAASFC.js?v=fb358534:7648
run @ chunk-3VLAASFC.js?v=fb358534:683
setupRenderEffect @ chunk-3VLAASFC.js?v=fb358534:7776
mountComponent @ chunk-3VLAASFC.js?v=fb358534:7550
processComponent @ chunk-3VLAASFC.js?v=fb358534:7502
patch @ chunk-3VLAASFC.js?v=fb358534:7016
componentUpdateFn @ chunk-3VLAASFC.js?v=fb358534:7648
run @ chunk-3VLAASFC.js?v=fb358534:683
setupRenderEffect @ chunk-3VLAASFC.js?v=fb358534:7776
mountComponent @ chunk-3VLAASFC.js?v=fb358534:7550
processComponent @ chunk-3VLAASFC.js?v=fb358534:7502
patch @ chunk-3VLAASFC.js?v=fb358534:7016
componentUpdateFn @ chunk-3VLAASFC.js?v=fb358534:7648
run @ chunk-3VLAASFC.js?v=fb358534:683
setupRenderEffect @ chunk-3VLAASFC.js?v=fb358534:7776
mountComponent @ chunk-3VLAASFC.js?v=fb358534:7550
processComponent @ chunk-3VLAASFC.js?v=fb358534:7502
patch @ chunk-3VLAASFC.js?v=fb358534:7016
componentUpdateFn @ chunk-3VLAASFC.js?v=fb358534:7648
run @ chunk-3VLAASFC.js?v=fb358534:683
setupRenderEffect @ chunk-3VLAASFC.js?v=fb358534:7776
mountComponent @ chunk-3VLAASFC.js?v=fb358534:7550
processComponent @ chunk-3VLAASFC.js?v=fb358534:7502
patch @ chunk-3VLAASFC.js?v=fb358534:7016
mountChildren @ chunk-3VLAASFC.js?v=fb358534:7250
mountElement @ chunk-3VLAASFC.js?v=fb358534:7173
processElement @ chunk-3VLAASFC.js?v=fb358534:7138
patch @ chunk-3VLAASFC.js?v=fb358534:7004
componentUpdateFn @ chunk-3VLAASFC.js?v=fb358534:7648
run @ chunk-3VLAASFC.js?v=fb358534:683
setupRenderEffect @ chunk-3VLAASFC.js?v=fb358534:7776
mountComponent @ chunk-3VLAASFC.js?v=fb358534:7550
processComponent @ chunk-3VLAASFC.js?v=fb358534:7502
patch @ chunk-3VLAASFC.js?v=fb358534:7016
mountChildren @ chunk-3VLAASFC.js?v=fb358534:7250
processFragment @ chunk-3VLAASFC.js?v=fb358534:7432
patch @ chunk-3VLAASFC.js?v=fb358534:6990
componentUpdateFn @ chunk-3VLAASFC.js?v=fb358534:7648
run @ chunk-3VLAASFC.js?v=fb358534:683
setupRenderEffect @ chunk-3VLAASFC.js?v=fb358534:7776
mountComponent @ chunk-3VLAASFC.js?v=fb358534:7550
processComponent @ chunk-3VLAASFC.js?v=fb358534:7502
patch @ chunk-3VLAASFC.js?v=fb358534:7016
componentUpdateFn @ chunk-3VLAASFC.js?v=fb358534:7728
run @ chunk-3VLAASFC.js?v=fb358534:683
runIfDirty @ chunk-3VLAASFC.js?v=fb358534:721
callWithErrorHandling @ chunk-3VLAASFC.js?v=fb358534:2467
flushJobs @ chunk-3VLAASFC.js?v=fb358534:2675
Promise.then
queueFlush @ chunk-3VLAASFC.js?v=fb358534:2589
queueJob @ chunk-3VLAASFC.js?v=fb358534:2584
effect2.scheduler @ chunk-3VLAASFC.js?v=fb358534:7770
trigger @ chunk-3VLAASFC.js?v=fb358534:711
endBatch @ chunk-3VLAASFC.js?v=fb358534:769
notify @ chunk-3VLAASFC.js?v=fb358534:1031
trigger @ chunk-3VLAASFC.js?v=fb358534:1005
set value @ chunk-3VLAASFC.js?v=fb358534:1877
swapComponent @ @inertiajs_vue3.js?v=fb358534:315
swap @ chunk-DTND7MSH.js?v=fb358534:9548
(anonymous) @ chunk-DTND7MSH.js?v=fb358534:9501
Promise.then
(anonymous) @ chunk-DTND7MSH.js?v=fb358534:9490
Promise.then
set @ chunk-DTND7MSH.js?v=fb358534:9481
setPage @ chunk-DTND7MSH.js?v=fb358534:10532
await in setPage
process @ chunk-DTND7MSH.js?v=fb358534:10459
await in process
(anonymous) @ chunk-DTND7MSH.js?v=fb358534:10444
processNext @ chunk-DTND7MSH.js?v=fb358534:9585
process @ chunk-DTND7MSH.js?v=fb358534:9577
add @ chunk-DTND7MSH.js?v=fb358534:9574
handle @ chunk-DTND7MSH.js?v=fb358534:10444
(anonymous) @ chunk-DTND7MSH.js?v=fb358534:10684
Promise.then
send @ chunk-DTND7MSH.js?v=fb358534:10682
send @ chunk-DTND7MSH.js?v=fb358534:10759
visit @ chunk-DTND7MSH.js?v=fb358534:10891
onClick @ @inertiajs_vue3.js?v=fb358534:983
(anonymous) @ chunk-3VLAASFC.js?v=fb358534:11503
callWithErrorHandling @ chunk-3VLAASFC.js?v=fb358534:2467
callWithAsyncErrorHandling @ chunk-3VLAASFC.js?v=fb358534:2474
callWithAsyncErrorHandling @ chunk-3VLAASFC.js?v=fb358534:2485
invoker @ chunk-3VLAASFC.js?v=fb358534:11474
Index.vue:484 [intlify] Not found 'This action cannot be undone. All items in the recycle bin will be permanently deleted.' key in 'en' locale messages.
overrideMethod @ hook.js:608
warn @ vue-i18n.js?v=fb358534:24
handleMissing @ vue-i18n.js?v=fb358534:2724
resolveMessageFormat @ vue-i18n.js?v=fb358534:3046
translate @ vue-i18n.js?v=fb358534:2924
(anonymous) @ vue-i18n.js?v=fb358534:4120
wrapWithDeps @ vue-i18n.js?v=fb358534:4081
t @ vue-i18n.js?v=fb358534:4120
(anonymous) @ Index.vue:484
renderFnWithContext @ chunk-3VLAASFC.js?v=fb358534:2967
renderSlot @ chunk-3VLAASFC.js?v=fb358534:5290
(anonymous) @ VesselLayout.vue:5
renderFnWithContext @ chunk-3VLAASFC.js?v=fb358534:2967
renderSlot @ chunk-3VLAASFC.js?v=fb358534:5290
(anonymous) @ AppSidebarLayout.vue:23
renderFnWithContext @ chunk-3VLAASFC.js?v=fb358534:2967
renderSlot @ chunk-3VLAASFC.js?v=fb358534:5290
(anonymous) @ AppContent.vue:16
renderFnWithContext @ chunk-3VLAASFC.js?v=fb358534:2967
renderSlot @ chunk-3VLAASFC.js?v=fb358534:5290
_sfc_render @ SidebarInset.vue:19
renderComponentRoot @ chunk-3VLAASFC.js?v=fb358534:8849
componentUpdateFn @ chunk-3VLAASFC.js?v=fb358534:7641
run @ chunk-3VLAASFC.js?v=fb358534:683
setupRenderEffect @ chunk-3VLAASFC.js?v=fb358534:7776
mountComponent @ chunk-3VLAASFC.js?v=fb358534:7550
processComponent @ chunk-3VLAASFC.js?v=fb358534:7502
patch @ chunk-3VLAASFC.js?v=fb358534:7016
componentUpdateFn @ chunk-3VLAASFC.js?v=fb358534:7648
run @ chunk-3VLAASFC.js?v=fb358534:683
setupRenderEffect @ chunk-3VLAASFC.js?v=fb358534:7776
mountComponent @ chunk-3VLAASFC.js?v=fb358534:7550
processComponent @ chunk-3VLAASFC.js?v=fb358534:7502
patch @ chunk-3VLAASFC.js?v=fb358534:7016
mountChildren @ chunk-3VLAASFC.js?v=fb358534:7250
processFragment @ chunk-3VLAASFC.js?v=fb358534:7432
patch @ chunk-3VLAASFC.js?v=fb358534:6990
mountChildren @ chunk-3VLAASFC.js?v=fb358534:7250
processFragment @ chunk-3VLAASFC.js?v=fb358534:7432
patch @ chunk-3VLAASFC.js?v=fb358534:6990
mountChildren @ chunk-3VLAASFC.js?v=fb358534:7250
mountElement @ chunk-3VLAASFC.js?v=fb358534:7173
processElement @ chunk-3VLAASFC.js?v=fb358534:7138
patch @ chunk-3VLAASFC.js?v=fb358534:7004
mountChildren @ chunk-3VLAASFC.js?v=fb358534:7250
processFragment @ chunk-3VLAASFC.js?v=fb358534:7432
patch @ chunk-3VLAASFC.js?v=fb358534:6990
componentUpdateFn @ chunk-3VLAASFC.js?v=fb358534:7648
run @ chunk-3VLAASFC.js?v=fb358534:683
setupRenderEffect @ chunk-3VLAASFC.js?v=fb358534:7776
mountComponent @ chunk-3VLAASFC.js?v=fb358534:7550
processComponent @ chunk-3VLAASFC.js?v=fb358534:7502
patch @ chunk-3VLAASFC.js?v=fb358534:7016
componentUpdateFn @ chunk-3VLAASFC.js?v=fb358534:7648
run @ chunk-3VLAASFC.js?v=fb358534:683
setupRenderEffect @ chunk-3VLAASFC.js?v=fb358534:7776
mountComponent @ chunk-3VLAASFC.js?v=fb358534:7550
processComponent @ chunk-3VLAASFC.js?v=fb358534:7502
patch @ chunk-3VLAASFC.js?v=fb358534:7016
componentUpdateFn @ chunk-3VLAASFC.js?v=fb358534:7648
run @ chunk-3VLAASFC.js?v=fb358534:683
setupRenderEffect @ chunk-3VLAASFC.js?v=fb358534:7776
mountComponent @ chunk-3VLAASFC.js?v=fb358534:7550
processComponent @ chunk-3VLAASFC.js?v=fb358534:7502
patch @ chunk-3VLAASFC.js?v=fb358534:7016
componentUpdateFn @ chunk-3VLAASFC.js?v=fb358534:7648
run @ chunk-3VLAASFC.js?v=fb358534:683
setupRenderEffect @ chunk-3VLAASFC.js?v=fb358534:7776
mountComponent @ chunk-3VLAASFC.js?v=fb358534:7550
processComponent @ chunk-3VLAASFC.js?v=fb358534:7502
patch @ chunk-3VLAASFC.js?v=fb358534:7016
mountChildren @ chunk-3VLAASFC.js?v=fb358534:7250
mountElement @ chunk-3VLAASFC.js?v=fb358534:7173
processElement @ chunk-3VLAASFC.js?v=fb358534:7138
patch @ chunk-3VLAASFC.js?v=fb358534:7004
componentUpdateFn @ chunk-3VLAASFC.js?v=fb358534:7648
run @ chunk-3VLAASFC.js?v=fb358534:683
setupRenderEffect @ chunk-3VLAASFC.js?v=fb358534:7776
mountComponent @ chunk-3VLAASFC.js?v=fb358534:7550
processComponent @ chunk-3VLAASFC.js?v=fb358534:7502
patch @ chunk-3VLAASFC.js?v=fb358534:7016
mountChildren @ chunk-3VLAASFC.js?v=fb358534:7250
processFragment @ chunk-3VLAASFC.js?v=fb358534:7432
patch @ chunk-3VLAASFC.js?v=fb358534:6990
componentUpdateFn @ chunk-3VLAASFC.js?v=fb358534:7648
run @ chunk-3VLAASFC.js?v=fb358534:683
setupRenderEffect @ chunk-3VLAASFC.js?v=fb358534:7776
mountComponent @ chunk-3VLAASFC.js?v=fb358534:7550
processComponent @ chunk-3VLAASFC.js?v=fb358534:7502
patch @ chunk-3VLAASFC.js?v=fb358534:7016
componentUpdateFn @ chunk-3VLAASFC.js?v=fb358534:7728
run @ chunk-3VLAASFC.js?v=fb358534:683
runIfDirty @ chunk-3VLAASFC.js?v=fb358534:721
callWithErrorHandling @ chunk-3VLAASFC.js?v=fb358534:2467
flushJobs @ chunk-3VLAASFC.js?v=fb358534:2675
Promise.then
queueFlush @ chunk-3VLAASFC.js?v=fb358534:2589
queueJob @ chunk-3VLAASFC.js?v=fb358534:2584
effect2.scheduler @ chunk-3VLAASFC.js?v=fb358534:7770
trigger @ chunk-3VLAASFC.js?v=fb358534:711
endBatch @ chunk-3VLAASFC.js?v=fb358534:769
notify @ chunk-3VLAASFC.js?v=fb358534:1031
trigger @ chunk-3VLAASFC.js?v=fb358534:1005
set value @ chunk-3VLAASFC.js?v=fb358534:1877
swapComponent @ @inertiajs_vue3.js?v=fb358534:315
swap @ chunk-DTND7MSH.js?v=fb358534:9548
(anonymous) @ chunk-DTND7MSH.js?v=fb358534:9501
Promise.then
(anonymous) @ chunk-DTND7MSH.js?v=fb358534:9490
Promise.then
set @ chunk-DTND7MSH.js?v=fb358534:9481
setPage @ chunk-DTND7MSH.js?v=fb358534:10532
await in setPage
process @ chunk-DTND7MSH.js?v=fb358534:10459
await in process
(anonymous) @ chunk-DTND7MSH.js?v=fb358534:10444
processNext @ chunk-DTND7MSH.js?v=fb358534:9585
process @ chunk-DTND7MSH.js?v=fb358534:9577
add @ chunk-DTND7MSH.js?v=fb358534:9574
handle @ chunk-DTND7MSH.js?v=fb358534:10444
(anonymous) @ chunk-DTND7MSH.js?v=fb358534:10684
Promise.then
send @ chunk-DTND7MSH.js?v=fb358534:10682
send @ chunk-DTND7MSH.js?v=fb358534:10759
visit @ chunk-DTND7MSH.js?v=fb358534:10891
onClick @ @inertiajs_vue3.js?v=fb358534:983
(anonymous) @ chunk-3VLAASFC.js?v=fb358534:11503
callWithErrorHandling @ chunk-3VLAASFC.js?v=fb358534:2467
callWithAsyncErrorHandling @ chunk-3VLAASFC.js?v=fb358534:2474
callWithAsyncErrorHandling @ chunk-3VLAASFC.js?v=fb358534:2485
invoker @ chunk-3VLAASFC.js?v=fb358534:11474


